uri,prefLabel,altLabels
http://data.europa.eu/esco/skill/090ae6b3-12ab-4c72-b98a-17b790cf416e,develop new food products,develop a new food product|developing new food products|establish new food products|evaluate new food products|launch new food products|produce new food products
http://data.europa.eu/esco/skill/09dd7302-368e-4b3e-b644-7c03a2aae4a2,food plant design,design of food plant|design of food plants|food plant arrangements|food plant designs|food plant developments|food plant layouts|food plant models
http://data.europa.eu/esco/skill/0f5bd097-ed76-47f7-8f44-93be67967b5f,explain financial jargon,clarify financial technicalities for clients|describe financial technicalities to clients|explain financial technicalities in plain words|explain financial technicalities to buyers|explain financial technicalities to clients|explain financial technicalities to customers|specify financial technicalities to clients
http://data.europa.eu/esco/skill/16b1f191-eafd-4821-a08a-9f0cc4e5a71a,pharmaceutical products,a pharmaceutical product|pharmaceutical brands|pharmaceutical commodities|pharmaceutical merchandise|pharmaceutical product|pharmaceutical stock
http://data.europa.eu/esco/skill/1db2b4ac-9459-48c6-9cb4-3759e5af39eb,manage assignment of bus routes,carry out bus route assignment activities|coordinate bus route assignment|ensure implementation of bus route services|manage allocation of bus routes|manage assigning of bus routes|manage bus route allocation|manage bus route assignments|manage bus route distribution|manage coordination of bus route assignment|manage distribution of bus routes|oversee assignment and coordination of bus routes|supervise assignment of bus routes
http://data.europa.eu/esco/skill/1f857013-3fbc-4205-b904-fe6506744687,leather goods manufacturing processes,leather goods processing operations|leather goods production processes|leatherwear manufacturing processes|leatherwear processing operations|leatherwear production processes|manufacturing processes for leather goods|manufacturing processes for leatherwear
http://data.europa.eu/esco/skill/2ee670aa-c687-4ff7-92eb-0abc9b57e5f2,mechanics of vessels,boat mechanics|mechanics of a vessel|mechanics of boats|mechanics of ships|ship mechanics|vessels' mechanics
http://data.europa.eu/esco/skill/2facacc1-920c-45f4-9a69-5892e0d34fd8,"agricultural raw materials, seeds and animal feed products","agricultural raw material, seed and animal feed products|agricultural raw materials, seeds and animal feed brands|agricultural raw materials, seeds and animal feed commodities|agricultural raw materials, seeds and animal feed parts|agricultural raw materials, seeds and animal feed production|agricultural raw materials, seeds and animal feed stock"
http://data.europa.eu/esco/skill/3159d806-fa7b-4803-9288-0c0417b7871c,textile industry machinery products,a textile industry machinery products|textile industry machine products|textile industry machinery brands|textile industry machinery commodities|textile industry machinery goods|textile industry machinery merchandise|textile industry machinery product|textile industry machinery stock
http://data.europa.eu/esco/skill/32a9f2e2-929c-4e1a-afbd-185452ab279c,conduct continuing professional development workshops,conduct continuing professional development courses|conduct professional development courses|lead continuing professional development workshops|organise continuing professional development courses|organise continuing professional development workshops
http://data.europa.eu/esco/skill/3fc5a30d-d493-44ed-a2b5-ff9a50f84de3,solve bank account problems,solve account issues|solve account problems|solve bank book problems|troubleshoot bank account problems
http://data.europa.eu/esco/skill/460e8818-6b57-4187-b60e-1605a7bb5a85,design training programmes for animals,design training program for animals|design training programme for animals|design training programs for animals|design training schedule for animal|design training schedules for animals|develop training program for animal|develop training programmes for animals|elaborate training program for animal|elaborate training programmes for animals
http://data.europa.eu/esco/skill/47d0c7cb-fa5b-4cee-a35f-0bbbeac974ea,manufacturing process of ice cream,creation process of ice cream|development process of ice cream|manufacturing processes of the ice cream|manufacturing processing of ice cream|production process of ice cream|the manufacturing process of ice cream
http://data.europa.eu/esco/skill/48d73e89-b231-4bb4-9f3c-5c900a1e37a1,manage personal professional development in sport,continue personal and professional development|manage personal and professional development in sports|manage professional personal development in sport|pursue knowledge regarding sports development
http://data.europa.eu/esco/skill/49f6c9f1-49a6-4737-8bb0-0f6ab3558211,clothing and footwear products,a clothing and footwear product|clothes and footwear products|clothing and footwear brands|clothing and footwear commodities|clothing and footwear goods|clothing and footwear merchandise|clothing and footwear product|clothing and footwear stock
http://data.europa.eu/esco/skill/4ded4e71-84a7-46b0-9c20-95d9b5b440bf,comply with policies for trolley bus driving,adhere to regulations for trolley bus driving|adhere to trolley bus driving codes|adhere to trolley bus driving procedures|comply with regulations for trolley bus driving|comply with trolley bus driving policies|comply with trolley bus driving regulations|follow policies for trolley bus driving|observe procedures for trolley bus driving|observe trolley bus driving policies
http://data.europa.eu/esco/skill/532bcdca-a889-4dea-8f7f-4e03d8cfd0d2,aircraft mechanics,aeroplane mechanics|airplane mechanics|helicopter mechanics|mechanics of aircrafts
http://data.europa.eu/esco/skill/5a234b3b-63b4-482f-b481-a1ff9d95bbf8,office equipment,equipment found in offices|equipment in an office|office apparatus|office devices|office machinery|office machines
http://data.europa.eu/esco/skill/5cfe62b1-98fe-43ed-93b9-902f2e434eb0,tobacco products,a tobacco product|cigar tobacco|cigarette tobacco|products of tobacco|rolling tobacco|tobacco leaf|tobacco product
http://data.europa.eu/esco/skill/5f95f9c9-30ee-4735-ab63-8045ec8f78f8,agricultural equipment,agricultural apparatus|agricultural devices|agricultural machinery|agricultural machines|equipment for agricultural use
http://data.europa.eu/esco/skill/6542601c-92ee-4a03-abd9-fde0635727a2,respond to electrical power contingencies,electrical power contingencies managing|electrical power contingencies responding|electrical power contingency managing|electrical power contingency responding|manage electrical power contingencies|managing electrical power contingencies|responding to electrical power contingencies
http://data.europa.eu/esco/skill/676fdcdf-c4ae-4bdd-af92-444392b06a31,dairy and edible oil products,dairy and edible oil brands|dairy and edible oil commodities|dairy and edible oil goods|dairy and edible oil merchandise|dairy and edible oil product|dairy and edible oil stock|dairy and edible oils product
http://data.europa.eu/esco/skill/68823c35-3033-45df-931c-7b01646006c8,"fish, crustacean and mollusc products","fish, crustacean and mollusc brands|fish, crustacean and mollusc commodities|fish, crustacean and mollusc goods|fish, crustacean and mollusc merchandise|fish, crustacean and mollusc stock|fish, crustacean and mollusk products"
http://data.europa.eu/esco/skill/6975d035-4523-4a5d-89ea-e414a473e077,"sugar, chocolate and sugar confectionery products","sugar, chocolate and sugar confectionery brands|sugar, chocolate and sugar confectionery commodities|sugar, chocolate and sugar confectionery goods|sugar, chocolate and sugar confectionery producing|sugar, chocolate and sugar confectionery production|sugar, chocolate and sugar confectionery stock"
http://data.europa.eu/esco/skill/6b29b77f-7265-4dae-8309-78077f99ab60,assist in the production of laboratory documentation,assist in documenting laboratory procedures|assist in production of laboratory documentation|help with the production of laboratory documentation
http://data.europa.eu/esco/skill/6e250b10-f197-4045-b9c5-53837b044554,"textile products, textile semi-finished products and raw materials","textile products, textile semi-finished products and raw materials fabricating|textile products, textile semi-finished products and raw materials finishing|textile products, textile semi-finished products and raw materials manufacturing|textile products, textile semi-finished products and raw materials production"
http://data.europa.eu/esco/skill/70da7d81-87f5-4724-b72d-c0d79c1d5281,provide fitness information,give details on fitness|pass on fitness facts|provide information on fitness
http://data.europa.eu/esco/skill/748d0a23-dce6-4e50-a4cd-834a41f3fffe,observe record keeping standards in chiropractics,ensure good standard of record keeping in chiropractics|examine record keeping standards in chiropractics|guaranatee record keeping standards in chiropractics|monitor patient records in chiropractics|monitor record keeping standards in chiropractics|observe record keeping criteria in chiropractics|observe record keeping norms in chiropractics|observe record keeping principles in chiropractics|observe standards in keeping records of chiropractic patients
http://data.europa.eu/esco/skill/834c3caf-077c-4d38-883f-1baa2e470efa,"hides, skins and leather products","hides, skins and leather brands|hides, skins and leather commodities|hides, skins and leather goods|hides, skins and leather merchandise|hides, skins and leather stock"
http://data.europa.eu/esco/skill/884588fb-19b4-400e-aebd-83a2fff51be1,reproduce documents,copy documents|create document copies|make document copies|manufacture document copies|reproduce document|reproducing documents
http://data.europa.eu/esco/skill/89f88666-e7cf-4659-9f6f-3a6ff65789b7,"furniture, carpet and lighting equipment products","furniture, carpet and lighting equipment brands|furniture, carpet and lighting equipment commodities|furniture, carpet and lighting equipment goods|furniture, carpet and lighting equipment merchandise|furniture, carpet and lighting equipment production|furniture, carpet and lighting equipment stock"
http://data.europa.eu/esco/skill/8bb4c55b-4ae7-4272-9410-e06e57b13e0a,provide emergency training,deliver fire safety training|deliver first aid training|delivering fire safety training|delivering first aid training|emergency training provision|fire safety training delivery|first aid training delivery|providing emergency training|providing of emergency training|provision of emergency training
http://data.europa.eu/esco/skill/8df3dcf5-8ede-4e03-a69c-c8cf01eff429,meat and meat products,meat and meat brands|meat and meat commodities|meat and meat merchandise|meat and meat product|meat and meat stock|meats and meats products|products of meat and meat
http://data.europa.eu/esco/skill/922032c3-9dfa-45dd-9bcd-f14dedf4709e,beverage products,a beverage product|beverage brands|beverage commodities|beverage goods|beverage merchandise|beverage product|beverage production|beverage stock
http://data.europa.eu/esco/skill/9babbf24-1523-4b74-9770-c07c447920cc,fruit and vegetable products,fruit and vegetable brands|fruit and vegetable commodities|fruit and vegetable goods|fruit and vegetable merchandise|fruit and vegetable product|fruit and vegetable stock|fruits and vegetables products
http://data.europa.eu/esco/skill/a9528a4e-1b25-4439-9b97-9df5795d4e10,provide psychological health assessment strategies,design psychological health assessment strategies|offer psychological health assessment strategies|provide mental health assessment strategies|provide psychological assessment techniques
http://data.europa.eu/esco/skill/af0bbc31-b54d-4e8d-82b1-2e91a1115523,mechanics of trains,mechanical aspects of train operation|mechanical composition of trains|mechanical features of trains|mechanical functions of trains|mechanical operation of trains|mechanical principles of train operation|principles of train mechanics|train mechanical features|train mechanical functions|train mechanics|train operating mechanics
http://data.europa.eu/esco/skill/bafb5f43-4ae7-471b-a20d-d98012313f6c,provide information on trade-in options,administer information on trade-in options|arrange information on trade-in options|contribute information on trade-in options|furnish information on trade-in options|provide information on a trade-in option|providing information on trade-in options|provision of information on trade-in options
http://data.europa.eu/esco/skill/be3d585f-f511-40ee-8d74-4ed2066e3180,develop technological improvement strategies,develop technological improvement strategies
http://data.europa.eu/esco/skill/c50dc8c9-24b2-47c8-9e1a-894521f5b248,watches and jewellery products,a watch and jewellery product|watch and jewellery products|watches and jewellery|watches and jewellery brands|watches and jewellery commodities|watches and jewellery goods|watches and jewellery merchandise|watches and jewellery stock|watches and jewelry products
http://data.europa.eu/esco/skill/c5e3bd7d-670b-4579-beab-a2c66e72e9b5,quality standards applicable to aquaculture products,coverage of quality standards applicable to aquaculture products|coverage of quality systems applicable to aquaculture products|features of quality standards applicable to aquaculture products|features of quality systems applicable to aquaculture products|scope of quality standards applicable to aquaculture products|scope of quality systems applicable to aquaculture products
http://data.europa.eu/esco/skill/c93527bc-6668-4c34-b1a1-47bcaf97c5ed,perfume and cosmetic products,perfume and cosmetic brands|perfume and cosmetic commodities|perfume and cosmetic goods|perfume and cosmetic merchandise|perfume and cosmetic product|perfume and cosmetic stock|perfume and cosmetics products|perfumes and cosmetic products
http://data.europa.eu/esco/skill/d0d3c335-5a7b-4856-a940-2057ea2c9e7b,maintain treatment records,keep treatment records|keep treatment reports|maintain accurate treatment records|maintain treatment reports
http://data.europa.eu/esco/skill/d5b63d02-08a1-4d56-8204-7c7ab66d9311,brewhouse processes,brewhouse measures|brewhouse mechanisms|brewhouse procedures|brewhouse process|brewhouse systems|processes of a brewhouse
http://data.europa.eu/esco/skill/d648838c-2ccb-45bd-a4c3-1cf19f0b8733,"coffee, tea, cocoa and spice products","coffee, tea, cocoa and spice brands|coffee, tea, cocoa and spice commodities|coffee, tea, cocoa and spice goods|coffee, tea, cocoa and spice merchandise|coffee, tea, cocoa and spice producing|coffee, tea, cocoa and spice product|coffee, tea, cocoa and spice production|coffee, tea, cocoa and spice stock"
http://data.europa.eu/esco/skill/d86d8dd0-786e-4ae6-b2aa-174d63d187d8,musical instruments materials,musical instrument material|musical instrument materials|musical instruments components|musical instruments equipment|musical instruments goods|musical instruments material|musical instruments objects
http://data.europa.eu/esco/skill/d8d3622a-aaae-4d5a-9382-8969aad4c11f,assure quality of tobacco leaves,affirm quality of tobacco crops|assure quality of tobacco crops|assuring quality of tobacco crops|confirm quality of tobacco crops|ensure quality of tobacco crops|guarantee quality of tobacco crops
http://data.europa.eu/esco/skill/e38215f6-be98-420c-8724-ba2e77881895,household products,a household product|household brands|household commodities|household goods|household merchandise|household product|household stock
http://data.europa.eu/esco/skill/e54a3ed7-465f-432b-8940-2aeabeaa449e,footwear quality,footwear quality assurance|footwear quality control|footwear quality standards|quality assurance and standards for footwear
http://data.europa.eu/esco/skill/edb029e7-43a8-45a9-b37c-00ff730a1092,vehicle manufacturing process,car assembly process|car manufacturing process|car production process|vehicle assembly|vehicle installation|vehicle manufacturing processes|vehicle production process|vehicles manufacturing process
http://data.europa.eu/esco/skill/efd50a11-ccd9-424c-a5af-c6b4bb5ef006,live animal products,live animal brands|live animal commodities|live animal goods|live animal merchandise|live animal product|live animal stock|living animal product|living animal products
http://data.europa.eu/esco/skill/f2704539-8b55-4164-8911-e550a1f9c47f,flower and plant products,flower and plant brands|flower and plant commodities|flower and plant parts|flower and plant producing|flower and plant production|flower and plant stock|production of flowers and plants
http://data.europa.eu/esco/skill/fa96f4e2-71ef-45b7-9bc7-823ad398cbc4,maintain administrative records in the veterinary office,conduct veterinary administration record keeping|create administrative records in the veterinary office|create veterinary administration records|keep administrative records in the veterinary office|keep veterinary administration records|maintain administrative records in veterinary office|maintain veterinary administration records|perform administrative record keeping in veterinary office|produce and update administrative records in veterinary office|produce and update veterinary administration records
http://data.europa.eu/esco/skill/fc39a239-f574-4109-b280-cf1f06966bda,develop zoonotic disease control policies,develop control strategies against zoonotic and foodborne diseases|develop zoonotic and foodborne disease control policies|develop zoonotic disease control guidelines|develop zoonotic disease control strategies|elaborate zoonoses control policy|elaborate zoonotic disease control policies|establish zoonoses control policy|establish zoonotic disease control policies
http://data.europa.eu/esco/skill/00920055-eb50-4cb8-a23d-3deedbf3753e,enterprise risk management,ERM|enterprise risk management process
http://data.europa.eu/esco/skill/0121ac3b-775b-4faf-b86d-0078623674bc,develop terminology databases,compile terminology databases|define terminology databases prepare terminology databases|draw up terminology databases|populate terminology databases|write terminology databases
http://data.europa.eu/esco/skill/015b0162-6dd3-4d46-bbfd-325086155dd5,purchase supplies,acquire supplies|buy supplies|gain supplies|pay for supplies|purchase DIY supplies|purchase of supplies|purchasing supplies|supplies purchasing
http://data.europa.eu/esco/skill/03589d0d-a6f0-4d68-b5eb-dafbc6833efe,write leaflets,compose leaflets|compose pamphlets|create leaflets|create pamphlets|draft leaflets|draft pamphlets|produce leaflets|produce pamphlets
http://data.europa.eu/esco/skill/03aa85d2-9a67-455f-b901-595e685afdd2,keep sheet records,conserve sheet records|keep sheet record|keeping sheet records|maintain sheet records|preserve sheet records|save sheet records
http://data.europa.eu/esco/skill/05ab4b2c-7389-4495-9355-ba0a69effe4f,provide pre-treatment information,give information pre-treatment|provide information before treatment|provide pre-treatment advice|supply pre-treatment information
http://data.europa.eu/esco/skill/07090471-265a-48ec-b744-72b357e801ed,handle children's problems,diagnose children's problems|diagnose mental disorders in children|manage a child's problems|manage child's problem|manage children's problems|manage problems of children|manage problems of children's psychological development
http://data.europa.eu/esco/skill/077fb5d5-a9a2-4e27-b1b0-fe3149ba3da0,provide medicines information,advise on medicines|inform on medicines|provide medicines advice|provide medicines education
http://data.europa.eu/esco/skill/0c0488b3-fca5-4deb-865b-8dc605c3d909,sales argumentation,argumentation of sales|sale argumentation|sales pitches|sales promotions|sales strategies|sales techniques
http://data.europa.eu/esco/skill/0ce96a86-7a28-4c44-9e59-591375310894,collect weather-related data,assemble weather-related data|collecting weather-related data|compile weather-related data|gather weather-related data
http://data.europa.eu/esco/skill/0efad746-55ba-4586-b481-ebfb1f7a8488,apply export strategies,administer export strategies|apply an export strategy|applying an export strategy|employ export strategies|export strategy application|implement export strategies|utilise export strategies
http://data.europa.eu/esco/skill/0f850624-ae28-47c2-ab80-484290a96aea,metal and metal ore products,a metal and metal ore product|metal and metal ore brands|metal and metal ore commodities|metal and metal ore goods|metal and metal ore merchandise|metal and metal ore product|metal and metal ore production|metal and metal ore stock
http://data.europa.eu/esco/skill/0fe57279-53a8-478f-bcf9-dfe8172f0fb6,respond to inquiries in written form,answer inquiries in written form|reply to inquiries in written form|respond to inquiry in written form|respond to written inquiries|responding to inquiries in written form
http://data.europa.eu/esco/skill/1039d92f-9c38-4b04-957c-5b00eb40f113,conform to alcohol regulations,alcohol regulations conforming|conform to alcohol legal standards and specifications|conform with alcohol legal standards and specifications|conform with alcohol regulations|conforming to alcohol legal standards and specifications|conforming to alcohol regulations|conforming with alcohol legal standards and specifications|conforming with alcohol regulations
http://data.europa.eu/esco/skill/10d57d01-c5cc-4e50-967e-4ccaada0787d,estimate costs in farm,calculate costs in farming|calculate costs on farm|calculating costs in farm|calculating costs in farming|estimate costs in farming|estimating costs in farming|estimating costs on farm|farm cost calculating|farm cost estimating|farm costs calculating|farm costs estimating
http://data.europa.eu/esco/skill/10dd298f-3fb7-4306-9ecc-45905877ab61,produce content for tourism brochures,create details and images for tourism material|develop contents for travel brochures|produce content for tourist brochures|produce tourism brochure contents
http://data.europa.eu/esco/skill/138aecdf-1b02-4ffc-81c4-0a0461b4f3c0,conduct metallurgical structural analysis,analyse new metal products|analysing new metal products|conduct analysis of metallurgical structure|conduct of analysis of metallurgical structure|conducting analysis of metallurgical structure|conducting metallurgical structural analysis|conducting of metallurgical structural analysis|metallurgical structural analysis conduct|test metal products|testing new metal products
http://data.europa.eu/esco/skill/1553446e-ee05-435a-91a6-acfe7f848432,advise policy makers in healthcare,give recommendations to policy makers in healthcare|make recommendations to health care policy makers|make recommendations to healthcare policy makers|present recommendations to policy makers in healthcare|present research findings to policy makers in healthcare
http://data.europa.eu/esco/skill/15e87c59-dd3f-4b72-a404-367cb0047eae,perform strategic planning in the food industry,complete strategic planning in the food industry|implement strategic planning in the food industry|perform a strategic planning process in the food industry|perform strategic planning in food industries|strategic planning in the food industry operation|undertake strategic planning in the food industry
http://data.europa.eu/esco/skill/1677a5fe-a0f9-4a3f-862d-91c0a2ff1983,cope with manufacturing deadlines pressure,cope with a tight manufacturing schedule|cope with deadlines pressure in manufacturing|coping with a tight manufacturing schedule|coping with manufacturing deadlines pressure|deal with a tight manufacturing schedule|dealing with a tight manufacturing schedule
http://data.europa.eu/esco/skill/180a1099-978f-494a-aee0-3e5ae5c2f381,develop aquaculture strategies,aquaculture strategies developing|aquaculture strategies writing|develop strategies for aquaculture|developing aquaculture strategies|developing strategies for aquaculture|write aquaculture strategies|write strategies for aquaculture|writing aquaculture strategies|writing strategies for aquaculture
http://data.europa.eu/esco/skill/189777b9-6e95-4f76-b8db-f8e0f0477bc6,develop irrigation strategies,develop strategies for irrigation|developing irrigation strategies|developing strategies for irrigation|irrigation strategies developing|irrigation strategies writing|write irrigation strategies|write strategies for irrigation|writing irrigation strategies|writing strategies for irrigation
http://data.europa.eu/esco/skill/1c388c1a-2a84-4377-a99a-860323eeff1d,provide visitor information,provide information to visitors|provide tourist information to visitors|provide visitors with information|provide visitors with information requested
http://data.europa.eu/esco/skill/1d38a162-61a0-42e8-83ca-47ce3e881032,develop a coaching style,create a coaching style|determine coaching style|develop a style for coaching|develop a style to coach
http://data.europa.eu/esco/skill/1d6d32ea-9753-4069-b6b3-98cd6a1195c1,maintain veterinary clinical records,create and maintain veterinary clinical records|keep veterinary clinical records|maintain clinical records for animals|maintain clinical veterinary records|maintain veterinary clinical record
http://data.europa.eu/esco/skill/1e2e8415-0a45-466b-ba7b-25c0e72538c1,perform a feasibility study on district heating and cooling,carry out feasibility study on district heating and cooling|do a feasibility study on district heating and cooling|perform a feasibility study on DHC
http://data.europa.eu/esco/skill/1e6230dc-c749-4ff1-943c-5bac017f37de,schedule gaming tables,allocate gaming tables|schedule tables for gaming|schedule use of gaming tables|scheduling of gaming tables
http://data.europa.eu/esco/skill/1ec21d0b-eb6d-43bf-80b0-f4bf7fc6012c,set up pyrotechnical equipment,assemble equipment for fireworks|put up pyrotechnic equipment|set up equipment for pyrotechnics
http://data.europa.eu/esco/skill/1ee7d019-9226-4844-925f-a8a8c4db3444,coordinate airport environmental policies,coordinate environmental policies in airport|direct airport environmental policies|ensure effective implementation of environmental policies in airport|ensure implementation of airport environmental policies|ensure policies to mitigate environmental impact of operations are implemented in airports|implement airport environmental impact mitigation policies|implement procedures to mitigate airport impact on environment|integrate airport environmental policies|integrate environmental policies of airports|manage airport environmental policies|manage environmental policies of airports|organise airport environmental policies
http://data.europa.eu/esco/skill/1f6eac42-e5aa-4fa7-a75d-a4eea12c618e,disseminate internal communications,circulate internal communications|disseminate communications internally|disseminate internal communication|disseminating internal communications|distribute internal communications
http://data.europa.eu/esco/skill/1f93c055-43a9-4593-a8c7-4cde2ebf2081,test dental instruments,assess dental instruments|assessing dental instruments|dental instrument assessing|dental instrument testing|dental instruments assessing|dental instruments testing|testing a dental instrument|testing dental instruments
http://data.europa.eu/esco/skill/210827e3-3129-45a2-8683-70399f3f561f,order supplies,order of supplies|order supply|place a product order|select supplies to be ordered
http://data.europa.eu/esco/skill/215d64d0-a698-4508-b1b4-3d8a56b3ce9e,develop forestry strategies,develop forestry plans|developing forestry plans|developing forestry strategies|forestry plan developing|forestry plans developing|forestry strategies developing|forestry strategy developing
http://data.europa.eu/esco/skill/2179e0fd-7431-41a3-bbf4-76451c615ce2,inspect electrical supplies,check electrical supplies|checking electrical supplies|electrical supplies checking|electrical supplies inspecting|electrical supply checking|electrical supply inspecting|inspecting electrical supplies
http://data.europa.eu/esco/skill/233be639-bdb5-4099-ab40-96d537d6c1f3,ensure compliance with safety legislation,ensure compliance with safety laws|ensure compliance with safety laws and programmes|ensure compliance with safety regulations|ensure safety legislation compliance|ensuring compliance with safety legislation|ensuring of compliance with safety legislation|ensuring safety legislation compliance|implement mine safety programmes
http://data.europa.eu/esco/skill/2601a471-0688-4caf-9402-a0b881a1be79,set standards for handling valuables,develop guidelines for protection of guests' valuables|develop procedures for safekeeping of valuables|set handling standards for valuables|set standards to handle valuables
http://data.europa.eu/esco/skill/263782c1-c65d-458a-ae67-8526ccf214f5,manage agricultural staff,agricultural staff managing|agricultural staff recruiting|managing agricultural staff|recruit agricultural staff|recruiting agricultural staff
http://data.europa.eu/esco/skill/264f48f3-7d00-4ecc-9ba7-d472b5b4f1d7,perform market research in footwear,carry out footwear market research|carry out market research in footwear|carry out market research in footwear industry|footwear market research|perform forecasting and market research|perform forecasting and market research in footwear|perform market research in footwear industry
http://data.europa.eu/esco/skill/27910071-8dcd-40e5-9b58-7db56e9d6d2c,forecast human population trends,analyse human population trends|forecasting human population trend|forecasting of human population trends|human population trend forecasting|predict human population trends|project human population trends
http://data.europa.eu/esco/skill/27ce49c9-cec8-451d-ac6f-818394aef827,maintain personal development in psychotherapy,apply personal development techniques as a psychotherapist|develop and monitor personal qualities as psychotherapist|maintain psychotherapeutical personal development|uphold personal development in psychotherapy
http://data.europa.eu/esco/skill/2832382f-fa74-439f-a85e-6ff2d03c9cd0,take pharmaceutical inventory,take inventory of pharmaceuticals|take pharmaceutical stock|take stock of pharmaceuticals
http://data.europa.eu/esco/skill/2aed5d29-15c3-44ba-bb5c-80750a815b3c,follow up orders for customers,adhere to orders for customers|adopt orders for customers|follow up an order for customers|follow up orders for a customer|following up orders for customers|keep orders for customers|observe orders for customers
http://data.europa.eu/esco/skill/2aff15fb-1c24-42b5-89ca-17696df25370,chemical products,a chemical product|chemical brands|chemical commodities|chemical goods|chemical merchandise|chemical product|chemical production|chemical stock
http://data.europa.eu/esco/skill/2ce49caf-8d84-4aa1-b0be-5d4d8de0532a,unload supplies,offload supplies|remove delivered products|unload supply|unloading supplies
http://data.europa.eu/esco/skill/2d1d7366-8fa4-43df-a033-cbdd337b9468,tune a projector,focus imaging of projector|set up and tune projector|tuning a projector
http://data.europa.eu/esco/skill/2da73273-67ce-4a5d-b890-491491bac073,implement short term objectives,administer short term objectives|execute short term objectives|exploit short term objectives|implement a short term objective|implementing short term objectives|utilise short term objectives
http://data.europa.eu/esco/skill/2e040fb0-66b9-4529-bec6-466472b60773,archive healthcare users' records,archive health data of healthcare users|archive health records of healthcare users|archive healthcare users' data|store health records of healthcare users|store healthcare users' records
http://data.europa.eu/esco/skill/307ffd2d-8fb3-43ff-8ad8-4052382f8f83,report on overall management of a business,detail overall management of a business|give an account of overall management of a business|outline overall management of a business|report on management of a business|report on overall business management|report on overall management of a company|reporting on overall management of a business
http://data.europa.eu/esco/skill/31599ac3-e03c-42f8-8f08-b549af8234f2,draft procurement technical specifications,draft bid requirements|draft technical specifications
http://data.europa.eu/esco/skill/3195829f-34e5-4509-a26c-eb8c7fbb1056,design training programmes for individuals and animals,design and evaluate training programmes for individuals and animals|design training curricula for individuals and animals|design training curriculum for people and animals|design training programmes for humans and animals|design training programmes for people and animals|design training programs for individuals and animals|design training schedule for individual and animal|design training schedules for individuals and animals|develop training programme for people and animals|develop training programmes for individuals and animals|elaborate a training programme for individuals and animals|elaborate training programmes for individuals and animals|establish training program for human and animal|establish training programmes for individuals and animals
http://data.europa.eu/esco/skill/33c01497-8264-4773-81dd-6096ad512f02,health care occupation-specific ethics,ethic standards in medicine|ethical obligations in occupation|ethical standards in health care|health care occupation specific ethics|health care occupation-specific moral rules and principles|health care occupation-specific moral standards|medical ethics|moral rules and principles in health care
http://data.europa.eu/esco/skill/350c932d-f9b3-4adb-a5cc-cd5cff4a1912,provide tourism related information,provide information related to tourism|provide tourist information orally|provide tourist related information|provide travel information
http://data.europa.eu/esco/skill/36b04285-6b9d-47e6-bcf9-e6a9ac2612aa,manage school budget,coordinate school budget|manage school budgeting|manages school budget|managing school budget|oversee school budget|supervise school budget
http://data.europa.eu/esco/skill/398304c5-6073-4968-afc7-394fbd837d74,measure effectiveness of the service provided,develop recommendations for improving quality|measure effectiveness of services provided|measure effectiveness of the services provided|measure the quality of the service provided
http://data.europa.eu/esco/skill/3a876d1c-3dd5-45ed-9a27-47cdbee46ce7,ensure information transparency,assure information openness|assure information transparency|establish information openness|establish information transparency|provide information openness|provide information transparency|secure information openness|secure information transparency
http://data.europa.eu/esco/skill/3ac73c5e-2b4a-46c4-8096-2b5d2af00591,position cross slide of a lathe,fix cross slide of a lathe|fix milling machine cross slide|locate cross slide of a lathe|locate milling machine cross slide|post cross slide of a lathe|post milling machine cross slide|situate cross slide of a lathe|situate milling machine cross slide
http://data.europa.eu/esco/skill/3b092965-98d5-4678-adc3-6493ba2c00c8,evaluate own dance abilities,develop self-awareness on dance abilities|evaluate dance abilities|evaluate dance potential and limitations|evaluate own abilities on dance
http://data.europa.eu/esco/skill/3cd35f5d-ce6d-4f14-9a09-53d7a28d834c,maintain relationship with suppliers,control relationship with suppliers|maintain a relationship with suppliers|maintain relationship with a supplier|maintaining relationship with suppliers|manage relationship with suppliers|preserve relationship with suppliers|sustain relationship with suppliers
http://data.europa.eu/esco/skill/3e04e39d-9eb6-4167-ad2d-e3413f647e4e,organise business documents,collate business documents|collect and sort business documents|organising business documents|organize business documents
http://data.europa.eu/esco/skill/3ec9208f-991d-4253-a8b2-50d538bae017,estimate harvest costs,estimate harvesting costs|estimating costs of harvest|estimating harvest costs|estimating harvesting costs|forecast harvest costs|forecast harvesting costs|forecasting costs of harvest|forecasting harvest costs|forecasting harvesting costs|harvest costs estimating|harvest costs forecasting|harvesting costs estimating|harvesting costs forecasting
http://data.europa.eu/esco/skill/41168850-6e3f-4fc8-afd5-9337f0c66190,assess environmental impact in aquaculture operations,aquaculture environmental impact assessing|aquaculture environmental impact monitoring|assessing aquaculture environmental impact|monitor aquaculture environmental impact|monitoring aquaculture environmental impact
http://data.europa.eu/esco/skill/42c25baf-ccb3-47d9-a872-bb2ceb615538,operate precision measuring equipment,handle calibrated analytical instruments|handle precision measuring equipment|run calibrated analytical instruments|run precision measuring equipment|use calibrated analytical instruments|use precision measuring equipment|utilise calibrated analytical instruments|utilise precision measuring equipment
http://data.europa.eu/esco/skill/43bc5d6e-e15e-4b54-b772-5c60b26415d7,ensure legal gaming,ensure gaming is legal|ensure gaming rules are respected|ensure legal games|guarantee gaming compliance
http://data.europa.eu/esco/skill/43d1d56b-ce62-4fe8-8f18-35d92ec73023,identify undetected organisational needs,detect unidentified organisational needs|discover undetected organisational needs|identify undetected organisational need|identify undetected organizational needs|identifying undetected organisational needs|recognize undetected organisational needs|spot undetected organisational needs
http://data.europa.eu/esco/skill/440ad7e8-79e6-4530-b67b-63f2de3c2b3d,advise clients on moving services,advise clients on relocation services|give advice on moving services|give advice on relocation services|inform customers about moving services|inform customers about relocation services|offer recommendations on the use of moving services|provide advice on moving services|provide advice on relocation services|supply information on moving services|supply information on relocation services
http://data.europa.eu/esco/skill/441707bb-9ad3-406c-9975-a6bec96f537b,"empower individuals, families and groups","empower an individual, a family and a group|empower groups, individuals and families|empower individuals, families or groups|empower individuals, groups and families|enable individuals, families and groups to lead healthy lifestyles|qualify individuals, families and groups"
http://data.europa.eu/esco/skill/46e1b714-94f4-462d-88e6-31f442708812,define manufacturing quality criteria,define quality criteria for manufacturing|defining manufacturing quality criteria|defining of manufacturing quality criteria|defining quality criteria for manufacturing|definition of manufacturing quality criteria|definition of quality criteria for manufacturing|manufacturing quality criteria definition|manufacturing standards setting|set manufacturing standards|setting manufacturing standards|setting of manufacturing standards
http://data.europa.eu/esco/skill/48061897-4cde-41b6-abee-1ec9fe421b55,define an approach to your fight dicipline,define an approach to your fight discipline for a specific project|define an approach to your fight discipline in the performing arts|define your approach for the fight discipline|define your fight discipline approach
http://data.europa.eu/esco/skill/4adb861b-3ad8-4f0d-9343-decf59748d56,demonstrate professional attitude to clients,demonstrate to clients a professional attitude|demonstrate to clients an attitude of professionalism|show a professional caring attitude|show clients a caring professional attitude
http://data.europa.eu/esco/skill/4cfc7ef6-e251-4c93-bd5e-fd6936dee11c,manage profitability,maintain profitability|management of profitability|managing profitability|oversee profitability|profitability management|regulate profitability|supervise profitability
http://data.europa.eu/esco/skill/4d8a78b7-b647-4d33-8bcf-1e472d3d5ba3,provide medication information,communicate medication information|give medication information|offer medication information|provide information on medication
http://data.europa.eu/esco/skill/4dafe480-f2ae-46b5-bd5e-8d4e538f50c7,identify training needs,analyse training needs|assess training needs|carry out training needs analysis|define training needs|detect training needs|identify employee training needs|identify staff training needs|identify training needs for teams and individuals|pinpoint training needs|recognise training needs|undertake training needs analysis
http://data.europa.eu/esco/skill/4e4a9605-66d5-4e47-b591-bdc2d0fbdba1,train employees in mine safety,employee training in mine safety|mine safety training for employees|organise mine safety training|organising mine safety training|run mine safety training|run mine safety training session|safety training for mine employees|training employees in mine safety|training of employees in mine safety
http://data.europa.eu/esco/skill/4f499e02-2983-40c5-a493-c720e6b03b23,provide information on hydrogen,advice on hydrogen|give information on hydrogen|hydrogen information providing
http://data.europa.eu/esco/skill/50181a4b-1cfd-4fbd-ac9a-c1a494b9c5d0,implement customer follow-up,administer customer follow-up|execute customer follow-up|implement a customer follow-up|implement customers follow-up|implementing customer follow-up|introduce customer follow-up|utilise customer follow-up
http://data.europa.eu/esco/skill/511f490a-d861-48f0-a1a1-7d3b0335cae5,coordinate with tram maintenance department,collaborate with maintenance department to comply with regulations|collaborate with train maintenance department|communicate with tram maintenance department|cooperate with tram maintenance department|ensure tram inspections and operations take place as scheduled through collaboration with tram maintenance department|liaise with tram maintenance department|work with tram maintenance department to ensure compliance with safety regulations
http://data.europa.eu/esco/skill/52838a25-11f5-4cb1-b4ab-c5c7d59041e8,types of electronics,categories of electronics|electronic products|fields of electronics|kinds of electronic products|types of electronic device|types of electronic products|typology of electronic products|typology of electronics
http://data.europa.eu/esco/skill/52d91193-afbd-44b1-97df-54d43cf8de38,develop solutions for harmful behaviour,compile solutions for harmful behaviour|define solutions for harmful behaviour|develop solution for harmful behaviour|develop solutions for harmful behavior|developing solutions for harmful behaviour|draft solutions for harmful behaviour|draw up solutions for harmful behaviour|prepare solutions for harmful behaviour|write solutions for harmful behaviour
http://data.europa.eu/esco/skill/53b1dcbc-7c51-43cd-9e3a-9ca78afd2895,bicycle mechanics,bike mechanics|cycle mechanics|mechanics of bicycles|two-wheeler mechanics
http://data.europa.eu/esco/skill/5436f06d-4cc0-42a6-8e5b-63b842cce03b,disseminate general corporate information,distribute general corporate information|make general corporate information available|provide general corporate information|use office system|using office systems
http://data.europa.eu/esco/skill/56c88504-f6fe-4929-979d-9a47e5f17443,monitor oil rig costs,monitor oil rig operating costs|monitoring of oil rig cost|monitoring of oil rig operating cost|monitoring oil rig costs|monitoring oil rig operating costs|oil rig cost monitoring|oil rig operating cost monitoring
http://data.europa.eu/esco/skill/5739c341-114e-4059-919b-5abc0bc7291b,preserve documentation about creative process,preserve creative process documentation|preserve documentation about creation and production process|preserve documentation during creative process|preserve documents related to the creation and production of the work
http://data.europa.eu/esco/skill/574bf430-50a1-4734-9719-a823e7d80b10,communicate professionally with colleagues in other fields,communicate professionally with health and social care colleagues|cooperate professionally with colleagues in other fields|professionally communicate with colleagues from other fields
http://data.europa.eu/esco/skill/58c080f9-71d5-429d-9476-bc9e742d460c,perform process control in the wearing apparel industry,accomplish process control in the wearing apparel industry|carry out process control in the wearing apparel industry|perform process control|process control
http://data.europa.eu/esco/skill/5aa79c4a-8b29-4d57-8723-b9a69ef0727e,design strategies for nuclear emergencies,designing strategies for nuclear emergencies|developing strategies for nuclear emergencies|nuclear emergencies strategies designing|nuclear emergencies strategies developing|nuclear emergency strategies designing|nuclear emergency strategies developing|strategies designing for nuclear emergencies|strategies developing for nuclear emergencies
http://data.europa.eu/esco/skill/5ac07f1a-6436-4103-b891-c59a7ac505f0,construction products,a construction product|constructing products|construction brands|construction commodities|construction goods|construction merchandise|construction product|construction stock
http://data.europa.eu/esco/skill/5c99d21a-9d02-4638-9b52-a6ba840dcb0a,synthesise financial information,combine financial information|synthesise information on finances|synthesising financial information|synthesize financial information|unify financial information
http://data.europa.eu/esco/skill/5d2e82cc-5943-4218-a459-a1956fad2b63,manage warehouse inventory,control storage and movement of warehouse goods|control warehouse inventory|manage inventory of warehouse|manage storage and movement of warehouse goods|monitor warehouse inventory|monitor warehouse transactions|oversee inventory of warehouse|oversee storage and movement of warehouse goods|oversee warehouse inventory|supervise inventory of warehouse|supervise warehouse inventory
http://data.europa.eu/esco/skill/5d3c59e6-c797-48c1-9f98-97e1bf2a38fd,keep up with eating out trends,follow dining trends|keep up with trends to eat out|monitor eating out trends
http://data.europa.eu/esco/skill/5d494ec9-c7d3-402e-8dde-08c2c06beae6,maintain availability of spare parts,ensure availability of sufficient spare parts|ensure sufficient availability of equipment spare parts|ensure sufficient availability of spare parts for equipment|keep adequate numbers of spare parts|keep adequate stocks of equipment spare parts|maintain adequate stocks of equipment spare parts|maintain availability of equipment spare parts|maintain availability of spare parts for equipment|maintain stock of equipment spare parts|maintain stock of spare parts|maintain stock of spare parts for equipment
http://data.europa.eu/esco/skill/5de0599a-8fca-4cdd-a72d-f5d21af8eeb3,monitor educational developments,audit educational developments|audit educational policy changes|oversee educational developments|oversee educational policy changes|supervise educational developments|supervise educational policy interventions
http://data.europa.eu/esco/skill/613ec980-2d4c-4f56-a58b-28a343205d7b,develop radiation protection strategies,developing radiation protection strategies|radiation protection strategies developing|radiation protection strategies writing|writing radiation protection strategies
http://data.europa.eu/esco/skill/620b7a6a-2231-4fea-b175-fd7ff16cce0a,analyse transportation costs,analyse transport costs|analyze transportation costs|assess transport costs|assess transportation costs|conduct analysis of the costs of transportation|evaluate transport costs|evaluate transportation costs|identify and assess the costs transportation|identify methods of mitigating transport costs|identify methods of mitigating transportation costs|identify transport costs and mitigation methods|perform analysis of the costs of transportation
http://data.europa.eu/esco/skill/64036db9-ee31-421e-9279-36a933281ce7,deliver business research proposals,deliver business research proposal|deliver business research propositions|deliver proposals for business research|delivering business research proposals|furnish business research proposals|provide business research proposals
http://data.europa.eu/esco/skill/652da95d-b336-497a-bce5-1c29a674eecb,communicate technicalities with clients,communicate technicalities with a client|discuss technicalities with clients|make contact technicalities with clients|make suggestions technicalities with clients|speak about technicalities with clients
http://data.europa.eu/esco/skill/65715f7a-c791-416b-b88a-2933a1c81647,recruit personnel,hire personnel|hiring personnel|personnel hiring|personnel recruiting|recruiting personnel
http://data.europa.eu/esco/skill/669edd06-1de6-4d01-8029-3e64a3754001,develop models for weather forecast,create models for weather forecast|develop model for weather forecast|develop models for weather forecasts|developing models for weather forecast|establish models for weather forecast|generate models for weather forecast|set models for weather forecast
http://data.europa.eu/esco/skill/6bc57b80-37c8-4c9a-be7b-960d2e44fb77,communicate commercial and technical issues in foreign languages,communicate commercial issues in foreign languages|communicate in foreign languages for commercial and technical purposes|communicate technical issues in foreign languages|speak foreign languages|speak foreign languages for commercial and technical purposes|speak foreign languages for technical and commercial purposes
http://data.europa.eu/esco/skill/6bee2e0f-4f12-4a82-a395-370cf0567c12,manage service contracts in the drilling industry,drilling industry service contract management|drilling industry service contract negotiation|management of service contracts in the drilling industry|managing of service contracts in the drilling industry|managing service contracts in the drilling industry|service contract management in the drilling industry|service contract negotiation in the drilling industry|set up service contracts in the drilling industry|setting up of service contracts in the drilling industry|setting up service contracts in the drilling industry
http://data.europa.eu/esco/skill/6d6fb354-ae77-4fb0-80d3-e4e52270774a,provide information on the effects of physiotherapy,inform on therapeutic outcomes of physiotherapy|provide information on the effect of physiotherapy|provide information on the effects of physio-therapy|reinforce information on the effects of physiotherapy
http://data.europa.eu/esco/skill/6dd4ce8c-1813-429d-9f06-3382c4833ca3,assess procurement needs,determine procurement needs|evaluate procurement needs|identify procurement needs
http://data.europa.eu/esco/skill/70198e4e-86ad-4acc-a9eb-e24e2c107d18,machinery products,machine product|machine products|machinery brands|machinery commodities|machinery goods|machinery merchandise|machinery product|machinery stock
http://data.europa.eu/esco/skill/714eebcb-569a-4f1b-b592-28f70b59a9ba,develop staff,build up staff|developing staff|help strengthen staff
http://data.europa.eu/esco/skill/71deea7b-d8a0-42de-9d85-2d6a506dade4,buy groceries,buying groceries|pay for groceries|purchase groceries
http://data.europa.eu/esco/skill/733db58b-f62e-4548-8078-b0f4e5182383,sports ethics,sport ethics|sports ideals|sports morality|sports principles|sports values
http://data.europa.eu/esco/skill/7427e10e-ee07-4cc9-b6ee-7925b457df13,assist customers in trying out sporting goods,aid customers in trying out sporting goods|assist a customer in trying out sporting goods|assist a customer in trying out sports goods|assist customers in trying out sports goods|facilitate customers in trying out sporting goods|help customers in trying out sporting goods|support customers in trying out sporting goods
http://data.europa.eu/esco/skill/74a5e8b1-dc44-4a03-b4f2-ad06966128c6,assist with personal administration issues,assist with personal administration|assist with personal administration activities|help with personal administration issues|provide support for personal administration issues
http://data.europa.eu/esco/skill/75719644-f285-4060-b42b-9ed9c4a70375,validate biomedical analysis results,approve results of biomedical analysis|clinically validate resluts of biomedical analysis|interpret results of biomedical analysis|validate biomedical analysis result|validate result of biomedical analysis|validate results of biomedical analyses
http://data.europa.eu/esco/skill/757e2bb2-efe6-4e93-80b3-2ce35fc1ebb2,establish educational network,develop network of education|develop network of educational partnerships|establish a network of education|establish an educational network
http://data.europa.eu/esco/skill/75bff925-ff69-41e3-b7e5-5cbac6cfde18,write gemstone grading report,draft gemstone grading report|draw up gemstone grading report|gemstone grading report writing
http://data.europa.eu/esco/skill/75dfe1ee-5935-42ce-b820-697f827825c3,maintain customer service,ensure professional service|maintain guest care|maintain guest service|maintain service of customers|maintain serving customers|provide customer service|provide guest support services
http://data.europa.eu/esco/skill/769d124a-cdd7-4fb5-950f-c724a7b7971c,design plans to address undesirable behaviour in animals,address undesirable behaviour in animals by developing plans|design plan to address undesirable behaviour in animal|design plan to address unsatisfactory behaviour in animal|design plans to address animals' unwanted behaviour|design plans to address undesirable behavior in animals|design plans to address unsatisfactory behaviour in animals|design plans to address unwanted behaviour in animals|develop plans to address undesirable behaviour in animals|elaborate plans to address undesirable behaviour in animals|establish plans to address undesirable behaviour in animals
http://data.europa.eu/esco/skill/773e217c-8b21-4d8c-b384-68752a2243a9,quantitative risk analysis techniques,quantitative risk analysis|quantitative risk analysis methods
http://data.europa.eu/esco/skill/7c4bb41a-9b5a-472c-888a-9d58bb4e2a0d,ensure compliance with railway regulation,apply railway legislation|apply railway regulations|apply regulation for railways|ensure adherence to railway regulation|ensure compliance with rail legislation|ensure compliance with rail regulation|ensure compliance with railway legislation|ensure railway legislation is complied with|ensure railway regulations are complied with|meet railway regulatory requirements|perform railway regulation compliance activities
http://data.europa.eu/esco/skill/7cf2762d-32e1-4b21-8ef8-574e40310c18,morality,decency|ethics|honour|integrity|moral|morals
http://data.europa.eu/esco/skill/7f18c3a2-f1ce-4db2-a354-9417691b5a43,write production reports,produce written reports on production|producing written reports on production|production report writing|production reports writing|report on shift output|report on shift productivity|reporting on shift output|reporting shift productivity|shift productivity reporting|writing of production reports|writing production reports
http://data.europa.eu/esco/skill/7f70572d-f0c1-4039-9954-b57dc69981f6,keep updated on innovations in various business fields,keep abreast of innovations in various business fields|keep updated on breakthroughs in various business fields|keep updated on innovation in various business fields|keep updated on various business fields innovations|keeping updated on innovations in various business fields|stay current on innovations in various business fields
http://data.europa.eu/esco/skill/7fc1fbed-87c5-4703-af74-4722ef42b9a0,keep records of animal inseminations,create and preserve animal insemination records|create and update animal insemination records|ensure records of animal inseminations are created and preserved|ensure records of animal inseminations are maintained|keep records of animal insemination|maintain records of animal insemination|maintain records of animal inseminations|manage animal insemination records|manage records of animal inseminations|perform animal insemination record maintenance activities
http://data.europa.eu/esco/skill/81513fdf-5ea9-4375-9bc4-67ad959ac5de,contact customers,communicate with customers|contact a customer|contacting customers|customers contact|get in touch with customers|respond to customers|speak to customers
http://data.europa.eu/esco/skill/8232979d-6aa4-40c9-a12b-5152a52a76b8,advise on healthcare users' informed consent,advise on health care users' informed consent|advise on healthcare user's informed consent|ensure information on treatment risks for informed consent|give advice on informed consent to healthcare users
http://data.europa.eu/esco/skill/82c1f267-89cd-4761-a879-45efbcbf81a4,provide information on mortuary services,advise about mortuary services|inform about mortuary services|offer information on mortuary services|provide information about mortuary services|provide information on cremation forms|provide information on death certificates
http://data.europa.eu/esco/skill/8330c86e-63cf-4be6-849f-4f77628cc5c5,satisfy customers,ensure customer satisfaction|ensure customers are satisfied|ensure customers feel satisfied|ensure satisfied customers|make customers feel satisfied|satisfy client needs|satisfy client requirements|satisfy clients|satisfy customer needs|satisfy customer requirements
http://data.europa.eu/esco/skill/83e46367-f250-45b4-b0af-b1da42c1f3ec,schedule and dispatch drivers,dispatch and schedule drivers|dispatch drivers|dispatch vehicles and service equipment|ensure drivers and vehicles are dispatched to required locations|organise and dispatch drivers|organise and distribute drivers and vehicles to required locations|organise drivers|perform actions to organise and dispatch drivers and vehicles to required locations|schedule drivers|send drivers and vehicles to required locations
http://data.europa.eu/esco/skill/84fc058f-3a38-4a87-86c1-ce906660af31,provide information to passengers,give information to passengers|inform passengers|provide information to customers|provide information to travellers|provide passengers with information|respond to passenger information requests|respond to passenger requests for information|supply information to passengers|transmit information to passengers
http://data.europa.eu/esco/skill/85f73cdf-fb6f-434d-8fff-fcd723834a90,perform environmental remediation,carry out environmental remediation|carrying out environmental remediation|environmental remediation carrying out|environmental remediation performing|performing environmental remediation|undertake environmental remediation
http://data.europa.eu/esco/skill/87a7c61b-732f-40e7-8012-48ed155c20e8,manage ship emergency plans,implement ship emergency plans|implementing ship emergency plans|managing ship emergency plans|ship emergency plan implementing|ship emergency plan managing|ship emergency plans implementing|ship emergency plans managing
http://data.europa.eu/esco/skill/88ec9e5e-8798-475d-81a3-dd5ea7e96215,qualitative risk analysis techniques,ICOR analysis|SWAT analysis|probability and impact matrices|qualitative risk analysis methods|risk categorisation techniques
http://data.europa.eu/esco/skill/89890187-7fa6-4e32-9444-73be4deb514b,manage geotechnical staff,geotechnical staff management|geotechnical team management|management of geotechnical staff|management of geotechnical team|managing geotechnical staff|managing geotechnical team|managing of geotechnical staff|managing of geotechnical team
http://data.europa.eu/esco/skill/8dd2806f-6dcf-477c-a5bf-66b5d6e02637,prepare correspondence for customers,create correspondence for customers|draft correspondence for customers|get correspondence for customers ready|prepare correspondence for customer|prepare customer correspondence|preparing correspondence for customers|write up correspondence for customers
http://data.europa.eu/esco/skill/8f113113-aa20-48f7-8da1-ac0051505d03,analyse milk control test results,analyse results of milk control tests|analysing milk control test results|analysing results of milk control tests|analyze milk control test results|interpret milk control test results|interpret results of milk control tests|interpreting milk control test results|interpreting results of milk control tests|milk control test results analysing|milk control test results interpreting
http://data.europa.eu/esco/skill/8f1a24be-d770-470d-94c8-d074f4087754,"hardware, plumbing and heating equipment products","hardware, plumbing and heating equipment brands|hardware, plumbing and heating equipment commodities|hardware, plumbing and heating equipment parts|hardware, plumbing and heating equipment stock"
http://data.europa.eu/esco/skill/8f6a8df0-ab99-4e5c-8606-6d1652d14a6a,provide information on properties,collect information on properties|give information on properties|give word on properties|provide information on houses|provide information on land
http://data.europa.eu/esco/skill/90439304-b13d-4e0e-99bc-11f256688653,regulate animal health standards,enforce animal health standards|manage animal health standards|monitor animal health standards|regulate health of animal|regulate health of livestock standard|regulate health of livestock standards|regulate the health of animals|standardize animal health guidelines|supervise animal health standards|undertake regulation of animal health standards
http://data.europa.eu/esco/skill/91324cff-50d9-4a65-81da-2985b6751180,monitor kitchen supplies,maintain an inventory of kitchen stocks|monitor supplies for kitchen|record kitchen stock supply levels
http://data.europa.eu/esco/skill/9207098f-d6fc-444b-bc92-d286d03d7729,adapt to changes in forestry,adapt to forestry changes|adapting to changes in forestry|adapting to changes in forestry operations|adapting to forestry changes|adapting to operational changes in forestry|respond to changes in forestry|respond to forestry changes|responding to changes in forestry|responding to changes in forestry operations|responding to forestry changes|responding to operational changes in forestry
http://data.europa.eu/esco/skill/9274d49b-94cb-4f85-b92b-b349f4d6d7bb,purchase bloodstock,acquiring bloodstock|acquiring bloodstock and stallions|acquisition of bloodstock|acquisition of bloodstock and stallions|bloodstock acquiring|bloodstock and stallion acquiring|bloodstock and stallion purchasing|bloodstock purchasing|purchase of bloodstock|purchase of bloodstock and stallions|purchasing of bloodstock|purchasing of bloodstock and stallions
http://data.europa.eu/esco/skill/94e7a22f-16b8-4eee-98ba-a5b09e9cdf96,develop strategies for electricity contingencies,developing strategies for electricity contingencies|electricity contingencies strategies developing|electricity contingencies strategies writing|electricity contingency strategy developing|electricity contingency strategy writing|writing strategies for electricity contingencies
http://data.europa.eu/esco/skill/9583da15-2ff9-41d9-8c4c-1a739fc5f7fc,follow strict level crossing operating procedures,adhere to strict level crossing operating procedures|adhere to strict operating procedures for level crossings|adhere to strict procedures in operating level crossings|carry out level crossing operations following strict procedures|conduct level crossing operations following strict procedures|execute level crossing operations following strict procedures|follow strict operating procedures for level crossings|follow strict procedures in operating level crossings|perform level crossing operations in accordance with strict procedures|undertake level crossing operations following strict procedures
http://data.europa.eu/esco/skill/95fc86de-8e74-4753-9344-281179aa74b0,maintain credit history of clients,keep credit history of clients updated|maintain credit histories of clients|maintain credit history of client|maintaining credit history of clients|manage credit history of clients|oversee credit history of clients
http://data.europa.eu/esco/skill/96f80c78-c021-4e15-8f94-784f2961a355,formulate game rules,create game rules|create rules of game
http://data.europa.eu/esco/skill/98296642-26b2-4ef0-97f4-38c84603e2e4,lift safety mechanisms,lift governor|lift safety brake|lift safety devices|lift safety equipment|mechanical safety devices for lifts|safety mechanisms for lifts
http://data.europa.eu/esco/skill/9b31016e-c99d-4bd2-a550-d5660dac5041,clean kitchen equipment,clean equipment in kitchen|maintain kitchen utensils clean|wash cooking equipment
http://data.europa.eu/esco/skill/9b67cbf3-085c-4578-8a8e-8d130ed3fced,supervise food quality,control quality standards of food|ensure safety of food|supervise quality of food|supervising food quality
http://data.europa.eu/esco/skill/9f9a3323-879a-445a-9c1f-8fd01c1b834e,manage pawnshop inventory,manage moneylender shop inventory|manage pawnbroker shop inventory|manage shylock inventory
http://data.europa.eu/esco/skill/9fb9f552-917f-4d26-acfb-bbe6d1005b90,interpret laboratory data in medical genetics,analyse laboratory data in medical genetics|analyze laboratory data in medical genetics|interpret lab data in medical genetics|interpret research data in medical genetics|undertake diagnostic studies in medical genetics
http://data.europa.eu/esco/skill/a031363f-f190-4449-96ee-4b347b077324,electrical household appliances products,an electrical household appliance product|an electrical household appliances product|electrical appliances products for a household|electrical household appliances brands|electrical household appliances commodities|electrical household appliances goods|electrical household appliances merchandise|electrical household appliances stock
http://data.europa.eu/esco/skill/a06907da-7037-45ef-846c-4b684c9b6f91,study human population,demography studies|human population studies|the study of demography|the study of human populations
http://data.europa.eu/esco/skill/a0ce60da-9e93-4fc8-9ada-35bbe5247d07,develop an animal handling strategy,create a strategy on how to handle animals according to desired objectives|create an animal handling plan|create an animal handling strategy|create animal handling strategies|design animal handling action plans|design strategies for handling animals|develop an animal handling plan|develop animal handling strategies|perform animal handling planning activities|plan how to handle animals according to desired objectives
http://data.europa.eu/esco/skill/a1be3fcd-c837-4ee3-8966-700d808852e7,comply with legal requirements for diving operations,comply with diving operations legal requirements|complying with diving operations' legal requirements|complying with legal requirements for diving operations|meet with diving operations legal requirements|meet with legal requirements for diving operations|meeting with diving operations legal requirements|meeting with legal requirements for diving operations
http://data.europa.eu/esco/skill/a2304e67-d282-448c-9fec-1ea551ac86bf,keep competences about irrigation systems up-to-date,irrigation systems competences maintaining|keep irrigation systems competences up-to-date|keeping competences about irrigation systems up-to-date|maintain irrigation systems competences|maintaining irrigation systems competences|update irrigation systems competences|updating irrigation systems competences
http://data.europa.eu/esco/skill/a261c61a-29b8-4b6a-a283-e5a7d5077352,biostatistics,biology-related statistics|methods of biostatistics|study of biostatistics
http://data.europa.eu/esco/skill/a7242a8d-3762-42b7-b430-3369351bbd7d,colour grade images with digital intermediate,color grade images with digital intermediate|colour grade images with D.I.|colour grade images with DI
http://data.europa.eu/esco/skill/a7fbcdfa-23af-49ba-a7b1-3d5d69078f3e,apply airport standards and regulations,apply airport regulations|apply airport regulations and standards|apply airport standards|apply standards and regulations for airports|comply with airport standards and regulations|ensure airport conforms to standards and regulations|ensure airport operates to standards and regulations|ensure compliance with airport standards and regulations|implement airport standards and regulations
http://data.europa.eu/esco/skill/a8081afe-46ff-425d-9d9f-f4033b3f84f6,monitor the conformance to the project methodology,assess alignment with project methodology|ensure compliance with the project methodology|oversee conformity to the project methodology|supervise the conformance to the project methodology|track compliance with project standards
http://data.europa.eu/esco/skill/ab821cc3-a0cb-4fcc-b4c0-bf7c96352cbf,maintain correspondence records,keep correspondence records|maintaining correspondence records|store correspondence records
http://data.europa.eu/esco/skill/ac1b8a18-d6d0-4116-8191-93db991b3902,conduct jewellery market research,carry out jewellery market research|conduct a jewellery market research|conduct jewelry market research|conducting a jewellery market research|conducting jewellery market research|manage jewellery market research|organise jewellery market research|undertake jewellery market research
http://data.europa.eu/esco/skill/ac802765-4098-4466-ac1e-4791f192c667,keep up-to-date to design industry trends,arrange up-to-date to design industry trends|develop up-to-date to design industry trends|keep an up-to-date to design industry trend|keep up-to-date to design industry trend|keep up-to-date with design industry trends|model up-to-date to design industry trends|produce up-to-date to design industry trends
http://data.europa.eu/esco/skill/b01df0d7-f56e-48ef-bd3a-85e7f85362e0,develop program ideas,create program ideas|develop program idea|developing program ideas|establish program ideas|generate program ideas
http://data.europa.eu/esco/skill/b1e4b6b3-c32e-426f-91a1-41b8adac086c,secure goods,ensure goods are secured according to work orders|fasten bands around stacks according to work orders|follow work orders to secure goods prior to shipment or storage|perform actions to secure goods according to work orders|perform actions to secure goods in preparation for shipment or storage|secure goods according to work orders|secure goods in accordance with work orders|secure goods in compliance with work orders|secure goods prior to shipment or storage|secure goods prior to shipment or storage according to work orders|secure shipments in accordance with work orders
http://data.europa.eu/esco/skill/b66b7130-e851-4e54-a3cc-7bd1f8db531e,respond to nuclear emergencies,deal with emergencies at nuclear facilities|dealing with emergencies at nuclear facilities|implement actions in response to nuclear emergency|implementing actions in response to nuclear emergency|nuclear emergencies responding|responding to nuclear emergencies
http://data.europa.eu/esco/skill/b8559266-052b-4291-b46b-2e4fb40221dd,conceptualise healthcare user’s needs,conceptualise healthcare users' needs|conceptualise the healthcare needs of patients|conceptualise the healthcare needs of users|envisage patients' healthcare needs|visualise patients' healthcare needs
http://data.europa.eu/esco/skill/b868a1b3-2056-423e-b60c-48e0a1892e8b,dismantle the rehearsal set,dismantle scene after rehearsal|dismantle scenery after rehearsal|strike the rehearsal set|take apart rehearsal scene|take apart rehearsal scenery|take apart the rehearsal set
http://data.europa.eu/esco/skill/b93c1489-dafc-40d7-b7fa-d4610fed87b2,set up lathe compound,build lathe compound|build mill location|construct lathe compound|construct mill location|create lathe compound|create mill location|establish lathe compound|establish mill location
http://data.europa.eu/esco/skill/b9f67432-0057-4247-aa84-469f8c53b39d,waste and scrap products,a waste and scrap product|waste and scrap brands|waste and scrap commodities|waste and scrap parts|waste and scrap product|waste and scrap stock
http://data.europa.eu/esco/skill/bd4b6a7b-75df-4c1b-a125-453cb9991a44,troubleshoot cosmetics formula issues,cosmetics formula issues rectifying|cosmetics formula issues troubleshooting|rectify cosmetics formula issues|rectifying cosmetics formula issues|troubleshooting cosmetics formula issues
http://data.europa.eu/esco/skill/bef359eb-b3f1-4315-b2ec-72a112060196,follow organisational guidelines in the cleaning industry,follow organisational guideline in the cleaning industry|follow organisational procedures in the cleaning industry|follow organizational guidelines in the cleaning industry|following organisational guidelines in the cleaning industry|mind organisational guidelines in the cleaning industry|respect organisational guidelines in the cleaning industry|respect organisational regulations in the cleaning industry
http://data.europa.eu/esco/skill/c01b4549-3bc2-4640-8ecb-ef335fc4445c,types of metal manufacturing processes,casting|heat treatment|kinds of metal manufacturing processes|metal manufacturing process types|process types in metal manufacturing|repair processes|sorts of metal manufacturing processes|types of metal manufacturing process
http://data.europa.eu/esco/skill/c0789fc0-e4b3-483f-a033-212d65413d0d,anticipate change in car technology,anticipate change in automobile technology|anticipate developments in automobile technology|anticipate developments in car technology|envisage advancements in car technology|envisage developments in car technology|follow advancements in car technology|follow developments in car technology|foresee changes in automobile technology|foresee changes in car technology|remain up-to-date with developments in car technology
http://data.europa.eu/esco/skill/c11bd2a1-8e3d-44ee-aa4b-3b60ca786324,use localisation tools,apply localisation tools|employ localisation tools|localisation tool use|operate localisation tools|use localization tools|using localisation tools
http://data.europa.eu/esco/skill/c1750417-79c3-442d-844f-50d65fb812e9,radiological photography,X-ray imaging|methods applied to X-rays|methods applied to radiological imaging|radiological imaging
http://data.europa.eu/esco/skill/c2ce5a8e-7885-48b7-81fe-3e8a057c47a9,maintain pharmacy records,keep pharmacy records|maintain records of pharmacy|provide required pharmacy records
http://data.europa.eu/esco/skill/c45efdbc-08f7-4d95-b9c9-1fc63c9b40c4,clean painting equipment,clean paint equipment|clean painting apparatus|clean painting devices|clean painting machinery|clean painting machines|cleaning painting equipment|cleanse painting equipment
http://data.europa.eu/esco/skill/c4f8c22a-63f2-47d5-9721-d560f1f042b8,provide information on education financing,provide info on education financing|provide information on education finance|provide information on education loans|provide information on school loans|provide information on student loans|providing information on education financing
http://data.europa.eu/esco/skill/c4fe78ae-8fef-4aa6-b767-146ed2b40198,repair industrial equipment,mend industrial equipment|mend manufacturing equipment|overhaul industrial equipment|overhaul manufacturing equipment|reconstruct industrial equipment|reconstruct manufacturing equipment|replace industrial equipment|replace manufacturing equipment
http://data.europa.eu/esco/skill/c6c52052-303f-44b8-a708-759084084efb,ensure adherence to aerodrome procedures,ensure adherence to aerodrome operational procedures|ensure adherence to aerodrome safety procedures|ensure aerodrome compliance with procedural requirements|ensure aerodrome operates in a safe and efficient manner|ensure aerodrome procedures are conducted in accordance with requirements|ensure aerodrome procedures are conducted safely|ensure aerodrome procedures are followed|ensure compliance with aerodrome procedures|ensure compliance with aerodrome safety procedures
http://data.europa.eu/esco/skill/c753a3b5-d5cc-406d-adfe-3372bb267f4b,maintain customer records,collect data about visitors|complete customer files|enter data into system|maintain customer history profiles|maintain customers' records|maintain passenger name record|maintain personal name record|maintain records of customer|store customer records|update customer records
http://data.europa.eu/esco/skill/c82f9319-cf46-4257-a8ce-542d0a7fed8f,provide treatment strategies for challenges to human health,create treatment strategies for challenges to human health|identify treatment strategies for challenges to human health|offer treatment strategies for challenges to human health|provide treatment for challenges to human health|provide treatment protocols for challenges to human health
http://data.europa.eu/esco/skill/c900bdb8-0ed1-4d39-80f8-6e0a05a575f4,work with e-services available to citizens,manage utilization of e-services available to clients|oversee use of e-services available to clients|work with clients e-services|work with e-services available to client|work with e-services available to clients|work with eservices available to clients|working with e-services available to clients
http://data.europa.eu/esco/skill/c902a799-6b8a-4dca-87dd-be0b9b0c9c7c,perform scientific experiments in space,carry out research in a variety of scientific fields in space|carry out scientific experiments in space|carry out scientific research activities in space|conduct research in various scientific fields in space|conduct science experiments in space|conduct scientific experiments in space|execute scientific experiments in space|perform experiments in space|perform research in various scientific fields in space|perform science experiments in space|undertake research in a variety of scientific fields in space
http://data.europa.eu/esco/skill/c9a4b4c0-22a4-4104-9a24-22999d4cecaa,estimate cost of jewellery and watches' maintenance,assess cost of jewellery and watches' maintenance|estimate cost of jewelry and watches' maintenance|estimate costs of jewellery and watches' maintenance|estimate the cost of jewellery and watches' maintenance|estimating the costs of jewellery and watches' maintenance|evaluate cost of jewellery and watches' maintenance|measure cost of jewellery and watches' maintenance|value cost of jewellery and watches' maintenance
http://data.europa.eu/esco/skill/ca0f9294-09f6-4528-bb3d-604955f8acfd,manage farm supplies,farm supplies managing|farm supplies sourcing|manage supplies to farm|managing farm supplies|managing supplies to farm|source farm supplies|source supplies to farm|sourcing farm supplies|sourcing supplies to farm
http://data.europa.eu/esco/skill/ccb0809c-d045-4621-82f7-192b9e89a4f2,provide customer follow-up,carry out customer follow-up activities|conduct customer follow-up procedures|engage in customer follow up processes|engage in customer follow-up|engage in customer follow-up procedures|execute customer follow-up processes|perform customer follow-up procedures|provide customer follow-up procedures|supply customer follow-up|undertake customer follow-up activities
http://data.europa.eu/esco/skill/ccdf3597-5c80-410f-896d-e1bdfa223de9,stimulate creativity in the team,encourage creativity in the team|facilitate creativity in the team|stimulates creativity in the team|stimulating creativity in the team|support creativity in the team
http://data.europa.eu/esco/skill/cd869296-2feb-4fde-84c5-b7e54c4bcd5a,monitor airport surveillance infrastructure,conduct airport surveillance infrastructure monitoring|ensure that airport surveillance equipment remains fully functional|ensure that airport surveillance infrastructure remains fully functional|monitor airport surveillance equipment|monitor surveillance equipment used in airports|monitor surveillance infrastructure used in airports|oversee airport surveillance infrastructure|oversee surveillance infrastructure used in airports|perform airport surveillance equipment monitoring|perform airport surveillance infrastructure monitoring
http://data.europa.eu/esco/skill/ce04b5bc-ffb6-47b2-b386-ba40911e8542,apply foreign languages in tourism,applied foreign languages in tourism|apply foreign languages to tourism|exploit foreign language skills in tourism|use foreign languages among guests
http://data.europa.eu/esco/skill/ce4990a4-bf69-4f5f-becb-e4fd96da3a74,"mining, construction and civil engineering machinery products","mining, construction and civil engineering machine production|mining, construction and civil engineering machine products|mining, construction and civil engineering machinery brands|mining, construction and civil engineering machinery commodities|mining, construction and civil engineering machinery parts|mining, construction and civil engineering machinery stock"
http://data.europa.eu/esco/skill/cea46a1b-d29a-4373-8c39-e465a90756ac,collect healthcare user data under supervision,accumulate healthcare user data under supervision|aggregate healthcare user data under supervision|collect healthcare user data with observation of experts|collect healthcare user data with observation of medical experts|collect qualitative and quantitative healthcare user data under supervision|gather healthcare user data under supervision|to gather together healthcare user data under supervision
http://data.europa.eu/esco/skill/cf6ca1fc-f2be-4deb-bb35-1fffe4099023,leadership in nursing,leadership for nursing|leadership in nursing care|leadership skills in nursing|management and leadership principles in nursing
http://data.europa.eu/esco/skill/d1a2437d-7eee-4c13-9104-0bb3dd7b45d6,check material resources,check material rescources|check materials and resources|check resource materials|check technical and material resources|check technical resources|checking material resources
http://data.europa.eu/esco/skill/d1d5dace-55b6-46cd-884a-dc4302265c3e,clean oil equipment,clean oil tanks|clean pipes|clean tanks|cleaning of oil equipment|cleaning oil equipment|cleaning oil tanks|cleaning pipes|cleaning tanks|cleansing of oil equipment|cleansing oil equipment|oil equipment cleaning|oil equipment cleansing|oil tank cleaning|pipe cleaning|tank cleaning
http://data.europa.eu/esco/skill/d39ee246-1eae-4e56-b7b7-ea341c6dfbfe,evaluate cultural venue visitor needs,develop programme to meet cultural visitor's expectations|evaluate needs of cultural venue visitors|evaluate venue and cultural visitor needs|identify cultural visitors' expectations and needs
http://data.europa.eu/esco/skill/d3bbb16b-023e-40b4-a7a1-7fb30cfb78c3,provide customers with price information,arrange customers with price information|furnish customers with price information|inform customers about price information|provide a customer with price information|providing a customer with price information|providing customers with price information|tell customers about price information
http://data.europa.eu/esco/skill/d4acc9e9-5302-4c55-8869-7c1882887690,monitor mine costs,maximise efficiency of mining|maximising efficiency of mining|mine cost monitoring|monitor costs of mining|monitoring costs of mining|monitoring mine costs|monitoring of costs of mining|monitoring of mine costs|reduce mining costs|reduce operational costs
http://data.europa.eu/esco/skill/d58f5962-b014-41ea-943b-3d1f86076781,manage wine cellar inventory,maintain wine cellar inventory|manage a wine cellar inventory|manage wine cellar inventories|oversee wine cellar inventory|regulate wine cellar inventory|supervise wine cellar inventory
http://data.europa.eu/esco/skill/d763af4e-9132-4596-a537-6a82410169ce,undertake employee screening,background checks and employee screening|carry out backgroud check verification on employee|undertake employees' screening|undertake screening of employee
http://data.europa.eu/esco/skill/d97c894e-d330-4bd3-b8ba-138fc11855ee,stimulate creative processes,brainstorm|encourage creative processes|stimulate creative process|stimulating creative processes|stir creative processes
http://data.europa.eu/esco/skill/da629999-d226-4ff3-9e1a-01788132664f,ensure compliance with disclosure criteria of accounting information,certify compliance with disclosure criteria of accounting information|ensure compliance with accounting information disclosure criteria|ensure compliance with disclosure criteria of account information|ensuring compliance with disclosure criteria of accounting information|guarantee compliance with disclosure criteria of accounting information|make sure disclosure criteria of accounting information is compliant
http://data.europa.eu/esco/skill/dc4b2c95-d807-414c-aed3-4d4fd55a30e8,keep up with current trends in psychotherapy,be aware of current debates and trends in psychotherapy|be aware of new psychotherapy research and treatments|keep up with developments in psychotherapy|keep up with psychotherapy developments|keep up with psychotherapy trends|stay informed about current trends and research in psychotherapy|stay informed about developments in psychotherapy|stay informed about psychotherapy developments|stay up to date with psychotherapy trends|stay up to date with trends in psychotherapy
http://data.europa.eu/esco/skill/dcc40345-d002-497d-ae1e-9be30ff39f81,office furniture products,an office furniture product|office furniture brands|office furniture goods|office furniture merchandise|office furniture product|office furniture stock
http://data.europa.eu/esco/skill/de652c63-dc56-41fa-aa16-444bee79ab33,maintain theatre sets,keep theatre sets in good condition|keep up theatre sets|maintain theater sets|maintain theatre set|maintaining theatre sets|oversee theatre sets
http://data.europa.eu/esco/skill/e02faa7a-9277-4340-aeda-e35bf138320e,provide information on geological characteristics,create geological model|creating geological model|creating of geological model|creation of geological model|geological characteristics information provision|geological model creation|information provision on geological characteristics|providing information on geological characteristics|providing of information on geological characteristics|provision of information on geological characteristics
http://data.europa.eu/esco/skill/e0fefe5e-d5fa-4f83-845c-bf4f152de6ec,conduct quality assurance checks on aircraft cargo,check aircraft cargo before loading|conduct QA checks on aircraft cargo|examine aircraft cargo for damage|inspect aircraft cargo for damage|perform QA checks on aircraft cargo|perform quality assurance activities before loading of aircraft cargo|perform quality assurance checks on aircraft cargo|undertake QA checks on aircraft cargo|undertake quality assurance checks on aircraft cargo
http://data.europa.eu/esco/skill/e162e52d-204c-41f6-91ad-8ea2654a1606,adhere to transportation work schedule,adhere to transport work schedule|adhere to work schedule|follow transport work schedule|follow transportation work schedule|fulfil transportation work schedule|meet transportation work schedule|observe transportation work schedule|perform transportation work in accordance with schedule|perform work in accordance with transportation schedule|work to transportation work schedule
http://data.europa.eu/esco/skill/e3fbd312-a4b2-4bfb-a589-be28f134f1c1,train medical staff on nutrition,provide nutrition training to medical staff|provide training to medical staff on nutrition|train medical staff in nutriton
http://data.europa.eu/esco/skill/e6850304-e8d1-4abc-a759-8ad2e27bc946,contribute to specialised publications,contribute to specialized publications|contributing to specialised publications|provide content for specialised publications|provide contributions to specialised publications|write for specialised publications
http://data.europa.eu/esco/skill/e72ce847-f7a9-40b8-ac66-ce291a2121de,study the relationships between quantities,analyze the relationships between quantities|measure the relationships between quantities|monitor the relationships between quantities|quantitative relationship analysis|studying quantitative relationships
http://data.europa.eu/esco/skill/e7837b7e-420f-46e6-8191-94fa610b3f56,provide information on carat rating,administer information on carat rating|arrange information on carat rating|contribute information on carat rating|furnish information on carat rating|provide information on carat ratings|providing information on carat rating|provision of information on carat rating
http://data.europa.eu/esco/skill/e7d6c4f1-baa6-438e-ac0d-1107ddb204e9,search for a suitable filming location,recon a suitable location|scope out a suitable location|scout a suitable location|search for a suitable location|search for suitable locations|searching for a suitable location
http://data.europa.eu/esco/skill/e92f4673-1dec-41ec-b6ec-36fef226359c,provide financial product information,give financial information|provide banking information|provide budgeting information|provide economic information|provide fiscal information
http://data.europa.eu/esco/skill/e9b99d6e-c7ec-4f87-b7b4-b5322733c998,interpret seismic data,analyse seismic data|analysing of seismic data|analysing seismic data|analysis of seismic data|interpretation of seismic data|interpreting of seismic data|interpreting seismic data|seismic data analysis|seismic data interpretation
http://data.europa.eu/esco/skill/ea0e069a-d1c1-4c11-b4aa-af9809815d3e,follow manufacturing work schedule,compliance with manufacturing work schedule|comply with manufacturing work schedule|complying with manufacturing work schedule|following manufacturing work schedule|following of manufacturing work schedule|manufacturing work schedule compliance|manufacturing work schedule following
http://data.europa.eu/esco/skill/ea28ce13-e620-4191-95c3-3e0f0f867834,psychological healthcare services,characteristics of psychological healthcare services|inpatient and outpatient psychological healthcare services|psychological health care service|psychological health care services|psychological services in health care
http://data.europa.eu/esco/skill/eac1e014-17aa-4694-a96d-540bfc06bca3,commercial photography,business related photography|commercial photograph methods|commercial photograph techniques|commercial photograph technology|licensed photography|professional photography
http://data.europa.eu/esco/skill/eafd7e5f-cd03-4501-bfca-be362e80c6e1,sketch leather goods,depict leather goods|depict leatherwear|draw leather goods|draw leatherwear|sketch leather products|sketch leatherwear
http://data.europa.eu/esco/skill/eb083439-8a16-48b3-9f0f-906391da0b6c,conduct research on hearing topics,conduct research on a hearing-related topic|conduct sresearch on hearing topic|direct research on hearing topics|direct research on hearing-related topics
http://data.europa.eu/esco/skill/ed008ded-ce2a-449c-89cc-c559cf66ed1f,review completed contracts,analyse completed contracts|audit completed contracts|check completed contracts|review a completed contract|reviewing a completed contract|reviewing completed contracts|scrutinise completed contracts
http://data.europa.eu/esco/skill/ef258352-7226-4eb8-a943-4be6eaa5ec00,perform food risk analysis,complete food risk analysis|execute food risk analysis|implement food risk analysis|perform food risks analysis|performing food risk analysis|undertake food risk analysis
http://data.europa.eu/esco/skill/ef30e7f8-1ef0-4a6f-87ac-d6a701125305,set theory,mathematical set theory|theory of sets
http://data.europa.eu/esco/skill/efaef6b2-1435-436f-94b6-ead3bcf0db9c,provide strategies of differential diagnosis,accord strategies of differential diagnosis|accord strategy of differential diagnosis|apply methods of differential diagnosis|offer strategies of differential diagnosis|provide method of differential diagnosis|provide methods of differential diagnosis|provide procedure of differential diagnosis|provide procedures of differential diagnosis|supply strategy of differential diagnosis
http://data.europa.eu/esco/skill/f0318969-d484-4065-87d3-90f71c63e51e,assist customers with self-service ticketing machines,assist customers using self-service ticketing machines|assist customers using ticket self-service machines|attend customers using self-service ticketing machines|help self-service ticketing machine customers
http://data.europa.eu/esco/skill/f17f94f1-88cb-4815-873a-2a9639f10729,draft project documentation,formulate project documents|prepare project documentation|write project documentation
http://data.europa.eu/esco/skill/f2536b0a-068b-48ed-910f-231bfa0ec032,exert quality control to processing food,exert quality control to food processing|exert quality control to systems food|exert quality management to processing food|exert quality oversight to processing food|exert quality supervision to processing food|exerting quality control to processing food
http://data.europa.eu/esco/skill/f2bf8eae-5b91-47ba-93d3-557af74e23eb,evaluate vineyard problems,assess problems in vineyard|assess vineyard problems|assessing problems in vineyard|assessing vineyard problems|evaluate problems in vineyard|evaluating problems in vineyard|evaluating vineyard problems|vineyard problem assessing|vineyard problem evaluating|vineyard problems assessing|vineyard problems evaluating
http://data.europa.eu/esco/skill/f5084a43-42c9-4bbb-b47c-b3029cf8381d,machine tools,machine products|machine accessories|machine equipment|machine tool|machinery tool
http://data.europa.eu/esco/skill/f5d8db86-12fe-4b17-80ee-dc126bab8335,research new cooking methods,analyse new cooking methods|investigate new cooking methods|probe new cooking methods|research a new cooking method|researching new cooking methods|search for new cooking methods
http://data.europa.eu/esco/skill/f7091334-10da-4ad6-b74a-8528a01a03f4,expand the network of providers,broaden network providers' services|expand providers' network|extend network of providers
http://data.europa.eu/esco/skill/f79b4e88-864f-4d59-ae1c-077af72a76dd,deliver presentations on tourism,deliver a presentation on tourism|deliver tourism presentations|give a presentation|give a speech on the tourism industry
http://data.europa.eu/esco/skill/f8aa753b-25d3-403f-9634-17c603ab1de0,glassware products,a glassware product|glass products|glassware brands|glassware commodities|glassware goods|glassware merchandise|glassware product|glassware stock
http://data.europa.eu/esco/skill/fb9c12af-ec45-498a-8e52-891371191557,mentor individual employees,individual employee mentoring|individual employee supporting|mentor employees individually|mentoring employees individually|mentoring individual employees|support employees individually|support individual employees|supporting employees individually|supporting individual employees
http://data.europa.eu/esco/skill/fbce0748-1e9e-4ac6-b7e9-37901bd9b27b,develop an artistic network,create a musical network|develop artistic networking|develop public relations|developing an artistic network
http://data.europa.eu/esco/skill/fc153ec6-1320-4f13-9158-ebde86c5303e,liaise with logistics management teams,collaborate with logistics management|collaborate with logistics management teams to optimise service levels|communicate with logistics management teams|communicate with logistics management teams to optimise service levels|confer with logistics management teams|facilitate service optimisation through collaboration with logistics management teams|facilitate service optimisation through communication with logistics management teams|increase service efficiency by collaborating with logistics management teams|increase service efficiency by communicating with logistics management teams|increase service efficiency by liaising with logistics management teams|liaise with logistics management teams to optimise service levels
http://data.europa.eu/esco/skill/fce983b6-f54d-4ef3-8a20-e101c76a79a8,prepare documentation for international shipping,complete documentation processes for international shipments|complete necessary documentation for international shipping|prepare documentation for international goods shipments|prepare documentation for international goods transportation|prepare documentation for international shipments|prepare documentation for the international shipment of goods|prepare documentation for the international transportation of goods|prepare official documents for international shipping|produce documentation required for international shipments|produce documentation required for international transportation of goods|produce necessary documentation for international shipping|ready documentation for international shipping
http://data.europa.eu/esco/skill/fd9694e7-5e7a-4209-806f-51451bb63dc7,present during live broadcasts,go on air during live broadcasts|host live broadcasts|present during live broadcast|presenting during live broadcasts
http://data.europa.eu/esco/skill/0005c151-5b5a-4a66-8aac-60e734beb1ab,manage musical staff,coordinate duties of musical staff|direct musical staff|manage music staff|manage staff of music
http://data.europa.eu/esco/skill/01895f13-1989-4756-80d6-9b9ee19ddb32,perform a feasibility study for building management systems,carry out bms feasibility study|conduct a viability analysis for facility management systems|execute a feasibility investigation for building management systems|undertake an assessment of building management system feasibility
http://data.europa.eu/esco/skill/06a4004d-ee47-44ff-ae2f-a038ba0c0256,perform a feasibility study on mini wind power,carry out feasibility study on mini wind power|do a feasibility study on mini wind power
http://data.europa.eu/esco/skill/06ec0ecb-87fc-47a4-8348-81df2470ff3d,lead the dental team,act as leader in dental teams|act as leader of dental team|act as leader of dental teams|lead dental team|lead dental teams
http://data.europa.eu/esco/skill/07884056-a07a-40b7-bba3-1ceed61f529c,blockchain signature schemes,digital signature schemes|signature schemes for blockchain
http://data.europa.eu/esco/skill/08a3dcea-12de-447b-a3a5-aa657abc5e97,execute social engineering tests,execute social engineering attacks|perform social engineering attacks|perform social engineering tests|test social engineering|test social engineering attacks
http://data.europa.eu/esco/skill/0af529ff-a95d-419b-ab2a-335f6894a966,maintain logistics databases,carry out logics database maintenance activities|ensure logistical databases remain up to date|ensure logistics databases remain up to date|keep logistical databases|keep logistics databases|maintain databases of logistical information|maintain databases of logistics information|maintain logistical databases|perform logistics database maintenance activities|update logistical databases|update logistics databases
http://data.europa.eu/esco/skill/0c452783-8873-4b04-ac18-ea353bc55b1d,draw prop sketches,draft a sketch of props|draw and sketch props|draw sketches of props|outline sketches of props
http://data.europa.eu/esco/skill/0e5affa0-705e-4b19-94e8-19e902e0287d,analyse decentralised applications,analyse dApps
http://data.europa.eu/esco/skill/0f351347-3117-417a-b372-7e58d28dce07,manage art facilities staff,coordinate mediation staff|manage mediating staff|manage mediation staff|manage mediators
http://data.europa.eu/esco/skill/0f365cf9-4f68-4a25-affc-75de20bcdc09,conduct analysis of ship data,analyse ship data|conduct analysis of vessel data|conduct data analysis activities on ship data|evaluate ship data|perform analysis of ship data|perform analysis of vessel data|perform data analysis activities on vessel data|use ship data analysis in decision making|utilise vessel data analysis in decision making
http://data.europa.eu/esco/skill/0f36a58f-56ba-47dc-8bae-d3df3e5398fe,decide on make-up process,choose make-up process|decide on make-up processes|deciding on make-up process|determine make-up process|select make-up process
http://data.europa.eu/esco/skill/1007aa13-9f18-4bcf-96f3-e108c40baf69,use a computer,"digital device using|digital devices using|use a computer|use computer equipment|use computer equipment and software|use digital devices|using a computer, computer using|using computer equipment|using computer equipment and software|using digital devices"
http://data.europa.eu/esco/skill/109ae188-b621-49dd-9c77-cb3f5a3553fe,ensure operability of protective equipment,ensuring operability of protective equipment|maintain protective equipment|maintaining protective equipment|operability of protective equipment ensuring|protective equipment maintaining
http://data.europa.eu/esco/skill/1258cc12-37bb-4a12-b219-9c3d6b294533,work in an organised manner,be organised|be organized|organise work|organise work according to deadlines|organize work|organize work according to deadlines|plan work according to deadlines|show organisational abilities|show organizational abilities|work according to deadlines and priorities|work in an orderly manner
http://data.europa.eu/esco/skill/13e5ed0f-9698-4b32-b44c-fb6a6a9fdd7f,provide information on school services,make information on school services available|offer information on school services|provide educational information|provides information on school services|providing information on school services|supply information on school services
http://data.europa.eu/esco/skill/13e93abd-618c-46df-abbe-1af38ecd1aa2,ensure customer focus,assure customer focus|enable customer focus|ensure a customer focus|ensure customer focus|ensuring a customer focus|ensuring customer focus|provide customer focus|secure customer focus
http://data.europa.eu/esco/skill/14525f24-afb4-4a4e-80a7-facf27080cdd,manage digital libraries,coordinate digital libraries|handle digital libraries|manage a digital library|managing digital libraries
http://data.europa.eu/esco/skill/16636767-c215-4cf0-b126-e144fea20926,use e-health and mobile health technologies,promote e-health and mobile health|use electronic health applications and technologies|use mobile and e-health|use mobile health applications|use mobile health technologies
http://data.europa.eu/esco/skill/1c582939-d981-4325-a2ac-f87fc6cf2315,philosophy of mathematics,math philosophy|mathematics philosophy|philosophy of math|philosophy of mathematics studies|the study of philosophy of mathematics
http://data.europa.eu/esco/skill/1c8327dd-9af0-4124-9c4e-0342d90189d4,design pharmaceutical manufacturing systems,designing pharmaceutical manufacturing systems|designing pharmaceutical production systems|pharmaceutical manufacturing systems design|pharmaceutical manufacturing systems designing|pharmaceutical production systems design|pharmaceutical production systems designing
http://data.europa.eu/esco/skill/1cdd0afe-196f-4d8a-924f-4d7473cce3c7,battery management systems,battery control systems|battery monitoring systems
http://data.europa.eu/esco/skill/1e05596a-dc89-442f-8591-bf9198492f81,negotiate contracts with event providers,agree on contractual terms with service providers|discuss agreements with event providers|negotiate contracts with providers of events|negotiate event providers' contracts
http://data.europa.eu/esco/skill/1e3222fa-724d-41f0-9b0a-e88d1003cd35,perform a feasibility study on solar absorption cooling,carry out feasibility study on solar absorption cooling|do a feasibility study on solar absorption cooling
http://data.europa.eu/esco/skill/1e3a71a2-ed64-4b24-bb9b-649abd7cf375,write signalling reports,carry out signalling reporting|compose signalling operations reports|compose signalling reports|create signalling reports|develop communications on signalling operations|develop communications on signalling operations and safety procedures|develop signalling operations and safety procedures communications|develop signalling operations communications|produce signalling operations reports|produce signalling reports|write signaling reports|write signalling operations reports
http://data.europa.eu/esco/skill/1eb02aeb-5fa4-48b1-9d0b-4aab58d4131c,create technical sketches for footwear,create fashion sketches for footwear|create sketches for footwear|create technical drawings for footwear|draw fashion sketches for footwear|draw sketches for footwear|draw technical sketches for footwear|sketch fashion drawings for footwear|sketch technical drawings for footwear
http://data.europa.eu/esco/skill/1fcce318-3212-487a-ac07-4941bc85060d,carry out project activities,assist in projects development|develop project activities|execute project tasks
http://data.europa.eu/esco/skill/211e4a02-69a6-494e-b94a-93741e2a3a0b,disassemble mobile devices,assemble cell phone|assemble mobile devices|assemble mobile phone|disassemble cell phone devices|reassemble mobile devices
http://data.europa.eu/esco/skill/22a1cbbd-58fd-4fda-99f0-e91b688788d8,lead a team in fishery services,direct a fishery services team|direct a team in fishery services|directing a fishery services team|directing a team in fishery services|fishery services team directing|fishery services team leading|lead a fishery services team|leading a fishery services team|leading a team in fishery services|team directing in fishery services|team leading in fishery services
http://data.europa.eu/esco/skill/2313b15d-a9a7-4830-9bcc-fd7df79d842b,enforce financial policies,enforce finance policies|enforce financial policy|enforcing financial policies|implement financial policies|impose financial policies
http://data.europa.eu/esco/skill/238343b1-7b51-42b3-a9ed-cf24d3a236e7,identify digital competence gaps,identify areas for improvement in digital skills
http://data.europa.eu/esco/skill/23872ce8-ea42-44ac-9b00-ccc0dc407209,perform a feasibility study on electric heating,carry out feasibility study on electric heating|carry out feasibility study on electric heating systems|do feasibility study on electric heating|perform feasibility study on electric heating systems
http://data.europa.eu/esco/skill/2409b33a-5776-4b13-bfb6-2c8485248b2a,draw up costume sketches,draw up sketches of costumes|drawing up costume sketches|make sketches of costumes|sketch costumes
http://data.europa.eu/esco/skill/253b7df4-621a-41d7-b363-ccb2e4d6b178,develop drama production process,create dramatic production process|create process for dramatic production|develop dramatic production process|develop process for drama production
http://data.europa.eu/esco/skill/270c779d-ce28-4731-a817-f7247c43e7d9,train dealers in gaming,provide training to dealers|train a dealer|train card players|train dealers|training dealers
http://data.europa.eu/esco/skill/273eb12c-7c34-41d2-afd2-c0222bf853bc,develop an artistic framework,create a plan for artistic research|create a research framework plan|create artistic framework|develop a framework for artistic research|develop an artistic research framework|develop artistic frameworks|develop artistic research framework|developing artistic framework|generate artistic framework|produce artistic framework
http://data.europa.eu/esco/skill/2c33fda8-389d-4871-948d-46fc1eb0c161,manage artistic project,coordinate art projects|direct artistic projects|manage an artistic project|manage art projects
http://data.europa.eu/esco/skill/2c624a83-22ee-4d11-beed-4718cd307bbd,negotiate library contracts,arrange library contracts|arrange library transactions and agreements|negotiate library agreements|negotiate library transactions
http://data.europa.eu/esco/skill/2c6fbea1-55cc-4a64-a640-d90656b82c5c,carry out scientific research in observatory,conduct scientific research in observatory|observatory research|perform scientific research in observatory|run scientific research in observatory|scientific observatory research|scientific research in observatory
http://data.europa.eu/esco/skill/2daa2d63-07ef-4c16-b0f3-697bbb6fc205,adapt to change in marketing,adapt to a change in marketing|adapt to changes in marketing|adapting to change in marketing|adjust to changes in marketing|alter to changes in marketing|modify a change in marketing|revise a change in marketing
http://data.europa.eu/esco/skill/2e1888d8-97f7-4c91-8874-e2ef0e47f94f,create digital files,create digital file|creating digital files|generate digital files|make digital files
http://data.europa.eu/esco/skill/30560a8b-e9e9-4988-8192-8bf15bac72b3,do historical research,conduct historical research|do history research|doing historical research|perform historical research|read up historical facts
http://data.europa.eu/esco/skill/3220a66f-d129-463b-848e-891b4f1c79e3,develop hazardous waste management strategies,develop strategies for hazardous waste management|developing hazardous waste management strategies|developing strategies for hazardous waste management|hazardous waste management strategies developing|hazardous waste management strategies writing|hazardous waste management strategy developing|hazardous waste management strategy writing|write hazardous waste management strategies|write strategies for hazardous waste management|writing hazardous waste management strategies|writing strategies for hazardous waste management
http://data.europa.eu/esco/skill/32285d7b-8c1f-4174-bff3-db01cbd7de44,repair vehicle's electrical equipment,mend vehicle's electrical equipment|overhaul vehicle's electrical equipment|reconstruct vehicle's electrical equipment|repair a vehicle's electrical equipment|repair of a vehicle's electrical equipment|repairing a vehicle's electrical equipment|restore vehicle's electrical equipment
http://data.europa.eu/esco/skill/326686e4-a55f-4eba-9d07-1c86408d5c5e,present evidence,confer evidence|confer testimony|give evidence|give testimony|provide evidence|provide testimony|tender evidence|tender testimony
http://data.europa.eu/esco/skill/33b55d3a-81f5-45cb-af40-06cd54db78e1,output electronic files,generate electronic files|issue electronic files|output electronic file|outputting electronic files|produce electronic files
http://data.europa.eu/esco/skill/34ff4148-8d8a-4186-94ff-c67524c16c0c,respond to changing situations in fishery,react to changed situations in fishery|respond to changed situations in fishery
http://data.europa.eu/esco/skill/367c240d-5f34-423a-86b1-866ad27206ea,digitise documents,carry out document digitisation|scan documents
http://data.europa.eu/esco/skill/3703eac1-8941-4d14-b305-b03f653b08c8,create online news content,create news content online|create on-line news content|creating online news content|develop online news content|make online news content|produce online news content
http://data.europa.eu/esco/skill/3859901a-e2b4-446a-b2ee-fd32f6d9db6f,contribute to high level health strategic decisions,contribute to high-level health-strategic decisions|contribute to strategic health decisions at high level|partake in health-related decision making at high level|participate in health-related decision making at high level|take part in health-related decision-making at high level
http://data.europa.eu/esco/skill/395ace35-e463-4dc7-8181-c2dd43885107,perform a feasibility study on heat pumps,carry out feasibility study on heat pumps|do a feasibility study on heat pumps
http://data.europa.eu/esco/skill/3aef9d43-157e-4339-9b26-ef1108b12dc4,oversee the facilities services budget,look after the facilities services budget|manage the facilities services budget|oversee facility services budgets|oversee the budget for facilities services|oversee the facilities service budget|oversee the facility services budget|overseeing the facilities services budget
http://data.europa.eu/esco/skill/3bee464c-bf7c-47c9-b33b-0668d201a387,train dental technician staff,provide training to dental technicians|train dental technical staff|train dental technicians|train technical staff in dental practice
http://data.europa.eu/esco/skill/3de14645-0c33-4ea0-b544-a962e8705173,set up photographic equipment,choose location for photographic equipment|place photographic equipment|set up equipment of photography|set up photography equipment
http://data.europa.eu/esco/skill/41f2f9bf-1440-49f7-bbb1-2c3c3ea93f76,analyse blockchain use cases,evaluate blockchain use cases|investigate blockchain use cases
http://data.europa.eu/esco/skill/484d048c-a5d1-46a5-b57f-45b69c0ac552,analyse pipeline database information,analyse information in pipeline databases|analyze pipeline database information|assess information in pipeline databases|assess pipeline database information|conduct analysis on pipeline database information|evaluate information in pipeline databases|evaluate pipeline database information|perform analysis on pipeline database information|retrieve and analyse information from pipeline company database|retrieve and assess information from pipeline company database
http://data.europa.eu/esco/skill/495ce586-09d7-4cec-83d7-2821be6590c4,smart contract programming languages,programming languages for smart contract
http://data.europa.eu/esco/skill/49f85a99-086c-45b6-a6fa-eb90305af7b1,Chef (tools for software configuration management),Chef software
http://data.europa.eu/esco/skill/4c21c36d-b699-4f36-b539-c01842d24989,lead a team in forestry services,direct a service team in forestry|direct a team in forestry services|directing a forestry services team|directing a service team in forestry|directing a team in forestry services|lead a service team in forestry|leading a forestry services team|leading a service team in forestry|leading a team in forestry services
http://data.europa.eu/esco/skill/4ccc18f0-1c17-4a02-88aa-52f06ede7195,perform mathematical calculations in pest management,calculate appropriate pesticide chemical quantities|calculate pesticide chemical ratios|perform calculations in pest management|perform mathematical calculation in pest management|perform mathematical calculations in management of pests|performing mathematical calculations in pest management
http://data.europa.eu/esco/skill/4e10bb72-d6ba-414d-a9e3-d653cddf7ce3,confer with library colleagues,confer with library colleague|conferring with library colleagues|consult with library colleagues|discuss with library colleagues|get feedback from library colleagues
http://data.europa.eu/esco/skill/4e5687e3-3d3a-4f5e-b76a-93da0124d453,operational tactics for emergency responses,operational strategies for emergency response|operational tactic for emergency response|operational tactics for emergency response|operational tactics for major incidents and catastrophes|proceedings for emergency responses
http://data.europa.eu/esco/skill/507e2b21-1285-47e9-bf09-0db794df1bf0,develop environmental policy,compose environmental protection and sustainable development policies|create environmental policies|create environmental protection policies|develop environmental protection policies|develop environmental protection strategies|develop environmental strategies|develop organisational policy in relation to sustainable development and environmental protection|develop strategies to ensure compliance with environmental protection legislation|develop sustainable development policies|develop sustainable development strategies
http://data.europa.eu/esco/skill/52272cdd-7a52-4b88-a12b-7ca442c37f99,provide project information on exhibitions,communicate information regarding the project exhibited|provide guidance to exhibitions|provide information on exhibitions|provide information on project exhibition
http://data.europa.eu/esco/skill/54ad8d82-17ae-4544-898c-19005ff928d3,conduct costume research,conduct costumes research|conducting costume research|do costume research|perform costume research|read up on costumes
http://data.europa.eu/esco/skill/56fc1f5b-4aa8-4846-b531-1c45fbb7164e,write leasing reports,complete leasing reports|draft leasing reports|prepare leasing reports|produce leasing reports|write a leasing report|writing a leasing report|writing leasing reports
http://data.europa.eu/esco/skill/59004ee8-3975-4877-bf82-ff0b8070ef28,implement environmental action plans,action environmental management plans|carry out environmental action plans|carry out environmental management plans|deliver environmental action plans|execute environmental action plans|execute environmental management plans|facilitate implementation of environmental actions plans|implement environmental management plans|perform activities to realise environmental action plans|put plans that address environmental matters into action|realise environmental management plans|undertake activities to realise environmental management plans
http://data.europa.eu/esco/skill/5a59dbb9-d2f9-420f-b169-3949460cc4ff,study craft trends,develop library educational programmes|develop library end programs|developing library educational programs|read up on craft trends|research craft trends analyze craft trends
http://data.europa.eu/esco/skill/5ca788c2-dca7-44d3-bb54-7a706ae3e837,identify parts requested by customers,analyse parts requested by customers|classify parts requested by customers|determine parts requested by customers|diagnose parts requested by customers|identify a part requested by customers|identify parts requested by a customer|identifying parts requested by customers
http://data.europa.eu/esco/skill/5eb57e46-51c3-4265-a4dd-1f38e7fcf07a,monitor casino client satisfaction,keep track of client satisfaction at casino|monitor casino customer satisfaction|monitor client satisfaction at casino|monitor satisfaction by casino clients
http://data.europa.eu/esco/skill/5fa6cd2f-9bab-4afa-a184-2d2f1401b770,write meeting reports,compose meeting notes|compose meeting reports|create meeting notes|create meeting reports|draft meeting notes|draft meeting reports|record meeting notes|record meeting reports
http://data.europa.eu/esco/skill/61368732-eb1c-47e0-8e33-20c8c8f5e70a,make electrical calculations,assess electrical equipment needs|assessing electrical equipment needs|electrical calculations making|electrical equipment needs assessing|make complex electrical calculations|making complex electrical calculations|making electrical calculations
http://data.europa.eu/esco/skill/6181f475-110c-497c-a46d-ed2e14e7bc90,ensure compliance with construction project deadline,construction project management|ensure compliance with construction project deadlines|ensure construction project deadline compliance|ensuring compliance with construction project deadline|management of construction projects|project management in construction
http://data.europa.eu/esco/skill/623c75fa-f9f8-460c-b199-e17480687139,meet deadlines for preparing legal cases,anticipate deadlines for preparing legal cases|complete legal case preparation within time limits|meet deadline for preparing legal cases|meet deadlines for preparing legal case|meet legal case preparation deadlines|meeting deadlines for preparing legal cases
http://data.europa.eu/esco/skill/6360a934-cc87-4954-9656-b32db20592e3,quantitative analysis,quantitative data analysis
http://data.europa.eu/esco/skill/6561f116-70de-47d8-80b8-f0e2a1d2cf11,perform feasibility study on solar heating,carry out feasibility study on solar heating systems|conduct solar heating feasibility study|do a feasibility study on solar heating systems
http://data.europa.eu/esco/skill/691f970b-db3d-4658-aa07-5fc94baecd5d,negotiate publishing rights,agree to publishing rights|negotiate rights to publishing|negotiating publishing rights|obtain publishing rights|purchase publishing rights
http://data.europa.eu/esco/skill/699c949a-699a-4858-a02e-a63f66872d6f,blockchain concept application,blockchain technology application
http://data.europa.eu/esco/skill/6abb92c9-0553-4d3d-add8-8240494e182d,implement operational business plans,implement business operational plans|implement plans for business operations|implement strategic and operational business plans|use business and strategic operational plans
http://data.europa.eu/esco/skill/6af000e5-a451-4f78-9feb-723971f2ad05,develop water purification methods,developing water purification methods|developing water purification strategies|water purification methods developing|water purification strategies developing
http://data.europa.eu/esco/skill/6b5d032a-b85a-44ea-9dad-5201048d2dd2,develop flood remediation strategies,developing flood remediation strategies|flood remediation strategies developing|flood remediation strategies writing|flood remediation strategy developing|flood remediation strategy writing|write flood remediation strategies|writing flood remediation strategies
http://data.europa.eu/esco/skill/6cd29d73-e352-40b4-89c5-cdb3faff0a38,manage the security team,direct the security team|manage the team for security|managing the security team|oversee the security team|supervise the security team
http://data.europa.eu/esco/skill/6d51cc74-8def-4653-8a62-03db98462cb0,supervise costume workers,direct costume workers|manage costume workers|supervise costume worker|supervising costume workers
http://data.europa.eu/esco/skill/7106b5df-e017-4c28-8c40-98814db5b775,Prince2 project management,PRINCE2|PRojects IN Controlled Environments|Prince II
http://data.europa.eu/esco/skill/71152876-b629-4a99-b9ea-0f25a0d07e4e,negotiate sales contracts,confer on sales contracts|consult on sales contracts|debate sales contracts|negotiate a sales contract|negotiating sales contracts|sales contract negotiations|settle sales contracts
http://data.europa.eu/esco/skill/72e88c2d-855d-4dbd-b06c-0e1ca748be5e,calculate design costs,calculate costs of design|calculate designing costs|estimate design costs|estimate project costs
http://data.europa.eu/esco/skill/734b6025-0d14-499d-8e95-fdf512058e77,image formation,processes by which images are formed|processes of image formation|representation of an object to an image plane
http://data.europa.eu/esco/skill/737f8895-46df-4283-8f38-13f3f0fc3b77,digital twin technology,digital modelling technology|digital replication technology|virtual twin model
http://data.europa.eu/esco/skill/74e49482-75e8-4637-bdb1-fff868d02f7a,scientific literature,scientific publications
http://data.europa.eu/esco/skill/75ef4eed-fe57-47fd-92e9-e63f3121d5b8,carry out internet research,browse the internet|carry out internet research|carry out internet researches|carry out research on the internet|effectively browse the internet
http://data.europa.eu/esco/skill/76415d7f-0fde-4364-b45f-5c044580d2aa,create CAD drawings,CAD drawing creation|drawing with CAD|make CAD drawings|making CAD drawings
http://data.europa.eu/esco/skill/78b1de70-0930-462f-9a7e-bf9b4135e1e2,write routine reports,carry out routine reporting|complete routine reports|compose routine reports|create routine reports|generate routine reports|perform routine reporting activities|produce routine reports|produce written record of observations|undertake routine reporting activities
http://data.europa.eu/esco/skill/7ace7312-2775-4bfc-9705-3416a9f7b35b,provide staff training in warehouse management,administer staff training in warehouse management|arrange staff training in warehouse management|contribute staff training in warehouse management|furnish staff training in warehouse management|provide staff training in warehouse managing|providing staff training in warehouse management|provision of staff training in warehouse management
http://data.europa.eu/esco/skill/7b49115c-8a9b-4474-9d88-cee7732174c8,provide quality assurance for meteorological services+H40,conduct meteorological service quality assurance procedures|design operating procedures for meteorological services|design procedures to improve quality of meteorological services|develop meteorological service quality assurance|develop operating procedures for meteorological services|develop quality assurance for meteorological services|develop quality assurance procedures for meteorological services|implement meteorological service quality assurance procedure|perform meteorological service quality assurance procedures|provide meteorological service quality assurance|supply meteorological service quality assurance|supply quality assurance for meteorological services
http://data.europa.eu/esco/skill/7cb8cb58-aae4-4625-9e8c-744560474241,write reports on emergency cases,document emergency cases|produce documentation on emergency cases|write documentation on emergency cases|write reports about emergency cases|write reports on emergency patients
http://data.europa.eu/esco/skill/7d08e3cd-3a68-4568-8273-5b53ac0cbc71,collect healthcare user's general data,collect health care user's general data|collect healthcare users' general data|gather health care users' general data|gather healthcare user's general data|obtain healthcare users' general data
http://data.europa.eu/esco/skill/7d320e6c-a45f-477e-be95-47248f79485a,manage drilling contracts,drilling and service contract management|drilling and service contracts management|drilling contract management|drilling contracts management|manage drilling and service contract|manage drilling and service contracts|manage drilling contract|management of drilling and service contract|management of drilling and service contracts|management of drilling contract|management of drilling contracts|managing drilling and service contract|managing drilling and service contracts|managing drilling contract|managing drilling contracts|managing of drilling and service contract|managing of drilling and service contracts|managing of drilling contract|managing of drilling contracts
http://data.europa.eu/esco/skill/7e5a7bec-0e19-4a35-b27b-1c4a6d9c4de0,mathematical physics,foundations of mathematical physics
http://data.europa.eu/esco/skill/7f7756fc-d89d-41d5-93ef-85991603f4ad,manage financial risk,carry out financial risk management|control financial risk|employ financial risk management|manage financial risk exposure|manage financial risks|minimise financial risks|minimise the impact of financial risks|mitigate financial risk|practice financial risk management|regulate financial risk
http://data.europa.eu/esco/skill/7ff9cce1-6518-48db-8f59-2beb81508fb2,provide information on wind turbines,give information on wind turbines|giving information on wind turbines|providing information on wind turbines|wind turbine information giving|wind turbine information providing|wind turbines information giving|wind turbines information providing
http://data.europa.eu/esco/skill/80a8eafd-8827-4e63-93f5-8ab91550a75d,perform rail operations risk management,develop railway operations risk mitigation strategies|develop risk mitigation strategies for railway operations|develop strategies to mitigate risks in rail operations|develop strategies to mitigate risks in railway operations|identify and manage risks in rail operations|identify and manage risks in railway operations|perform railroad operations risk management|perform railway operations risk management|perform risk management for rail operations|perform risk management for railroad operations|perform risk management railway operations
http://data.europa.eu/esco/skill/8181aa4c-42bc-4036-a3d2-5cb6bbb34239,handle cybersecurity incidents,analyse cybersecurity incidents|handle cybersecurity incidents in production facilities|monitor security logs|monitor the security of digital systems|respond to cyber incidents
http://data.europa.eu/esco/skill/8300443c-c793-4102-bff5-aa917a0cb39f,define roadmap for blockchain in applications,create a blockchain roadmap in applications
http://data.europa.eu/esco/skill/8360f128-ef04-41f6-8fd0-203f41dc05dc,receive appropriate permissions for use of recorded audiovisual examples,Gaining appropriate permissions for use of recorded audiovisual examples|receive appropriate permission for use of recorded audiovisual examples|receive appropriate permissions for recorded audiovisual example use|receiving appropriate permissions for use of recorded audiovisual examples
http://data.europa.eu/esco/skill/865540ca-6566-45d8-b9bb-0df53d5eeb55,audit closed vehicle rental contracts,assess closed vehicle rental contracts|audit a closed vehicle rental contract|audit of closed vehicle rental contracts|auditing closed vehicle rental contracts|check closed vehicle rental contracts|examine closed vehicle rental contracts|test closed vehicle rental contracts
http://data.europa.eu/esco/skill/86945516-619a-456e-b0d0-2fb31d927992,perform surveying calculations,carry out surveying calculations|carrying out surveying calculations|make surveying calculations|making of surveying calculations|making surveying calculations|performance of surveying calculations|performing of surveying calculations|performing surveying calculations|survey calculation making|surveying calculation performance
http://data.europa.eu/esco/skill/87b1c959-236d-4761-b3be-b1c729497f75,fluid mechanics,liquefied mechanics|liquefied mechanisms|liquid mechanics|liquid mechanisms|plasma mechanics|plasma mechanisms|solvent mechanics|solvent mechanisms
http://data.europa.eu/esco/skill/87b3e2f5-ff05-489a-a13b-9e5b3aff5fee,provide library information,distribute library information|make library information available|provide library info|providing library information|supply library information
http://data.europa.eu/esco/skill/89732ae0-bf39-4fe3-928a-726c74ae8c63,set up props in a timely manner,arrange props on time|set up props appropriately|set up props on time
http://data.europa.eu/esco/skill/89d574b8-f0ea-4ae8-9008-f575e37e9f11,implement smart contracts,apply smart contracts
http://data.europa.eu/esco/skill/8a8bf6e7-a404-4c7f-9e89-ce2e15980913,work out odds,calculate the odds|forecast the odds|work odds out|working out the odds
http://data.europa.eu/esco/skill/8b9332c7-2551-4527-9a64-a615713d8b02,evaluate employees,assess casino staff|assess employees|evaluate casino employees|evaluate casino workers|evaluate workers at casino|gather information about employees|give exams to employees|make assessment of employees|make evaluation of employees|test employees
http://data.europa.eu/esco/skill/8dcc1c68-1ebe-412b-b437-cab3c26da509,record data from biomedical tests,analyse data from biomedical tests|analyze data from biomedical test|record data from a biomedical test|record data from biomedical test|use IT to record and analyse data from biomedical tests
http://data.europa.eu/esco/skill/8f6ed69b-29d0-4c01-81ba-f05920a185f3,digital curation,digital research curation
http://data.europa.eu/esco/skill/93b22bbf-ece1-4e2d-8d47-0c9392c5a4fd,develop blockchain technology,incorporate blockchain technology|integrate blockchain technology
http://data.europa.eu/esco/skill/94b2c46e-6338-4a1d-950a-d44eef018c53,collaborate with engineers,collude with engineers|collude with servicing operatives|cooperate with engineers|cooperate with servicing operatives|engage with engineers|engage with servicing operatives|interface with engineers|interface with servicing operatives
http://data.europa.eu/esco/skill/9a0d0abc-010d-440b-8242-7e31510471ba,information governance compliance,company policy compliance|governance information compliance|information compliance governance
http://data.europa.eu/esco/skill/9ba355be-f119-42b6-a7d6-52f6ce2e4a3f,design circuits using CAD,CAD circuit design|circuit design using CAD|design basic circuits using CAD|design circuits using computer assisted design software|designing circuits using CAD|designing of circuits using CAD|use CAD software for circuit design|use CAD to design circuits|using CAD to design circuits
http://data.europa.eu/esco/skill/9bb98cbd-cfb0-49e9-b1f2-9496233eee07,train staff in beer knowledge,educate staff in beer knowledge|instruct staff in beer knowledge|teach staff in beer knowledge|train staff in knowledge of beer
http://data.europa.eu/esco/skill/9bcfccac-8920-4024-9aef-a06f8c035063,follow reporting procedures,follow report procedures|follow reporting procedure|following reporting procedures|heed reporting procedures|mind reporting procedures|respect reporting procedures
http://data.europa.eu/esco/skill/9be4cfa6-53c3-424c-aeba-ee1eb6b7c2e4,write railway investigation reports,compose written summary of railway inquiry|compose written summary of railway investigation|produce railway inquiry reports|produce railway investigation reports|summarise findings of railway inquiry|summarise findings of railway investigation|write railway inquiry reports|write reports on railway investigations
http://data.europa.eu/esco/skill/9f8ace7a-46e0-4c00-a51c-a0ba9babe9de,draw make-up sketches,design make-up sketches|draw sketches for make-up|outline make-up sketches|sketch make-up drawings
http://data.europa.eu/esco/skill/a1ded3c7-f3e2-45c9-aa01-e4e84d5f69c8,direct an artistic team,direct artistic teams|directing artistic team|head artistic team|lead artistic team|supervise artistic team
http://data.europa.eu/esco/skill/a3629b49-ef78-49ce-8538-033772d6e6ca,perform a feasibility study on combined heat and power,carry out feasibility study on chp system|do a feasibility study on chp system
http://data.europa.eu/esco/skill/a46743b7-ff8c-49b6-99f7-7fa5bc241771,use electronic health records in nursing,document nursing assessment electronically|electronic health records use in nursing|electronic health-records use in nursing|use of electronic health records in nursing|using electronic health records in nursing|work with electronic health records in nursing
http://data.europa.eu/esco/skill/a88da605-095f-4a4f-be1c-d1444df8228a,digital media,digital audio media|digital video media
http://data.europa.eu/esco/skill/a9dc215e-4e26-4ac0-b1e8-a721a88af813,execute conversion testing,achieve conversion testing|carry out conversion testing|conversion testing execution|enact conversion testing|execute a conversion test|executing conversion testing|undertake conversion testing
http://data.europa.eu/esco/skill/aa0d8201-5a8e-417f-81f4-c04601139582,digitization,digital enablement
http://data.europa.eu/esco/skill/aaa84f7f-4006-4d9b-81e0-e8eeacdde025,perform a feasibility study on biogas energy,carry out biogas energy feasibility assessment|carry out feasibility study on biogas energy|conduct biogas energy feasibility analysis|do a feasibility study on biogas energy|execute a feasibility study on biogas energy
http://data.europa.eu/esco/skill/ab4edb09-9daa-418e-a915-ab69b657c69b,manage fuel inventory,maintain fuel inventory|manage a fuel inventory|manage fuel inventories|managing a fuel inventory|oversee fuel inventory|regulate fuel inventory|supervise fuel inventory
http://data.europa.eu/esco/skill/ab9f550c-fa8f-4fe8-9f9f-e02d45bff570,follow given instructions,carry out instructions|carrying out instructions|comply with instructions|complying with instructions|follow given instructions|following given instructions|given instruction following|given instructions following
http://data.europa.eu/esco/skill/aba363e7-07ec-4eb2-a89e-bcba397c25ab,operate digital printers,activate digital printers|control digital printers|handle digital printers|operate digital printer|operating digital printers|run digital printers|use digital printers
http://data.europa.eu/esco/skill/adcca622-b933-4ba3-bc43-bf371879edc3,data security principles,data security methods|information security principles
http://data.europa.eu/esco/skill/ae6aa3e5-08da-408e-bd17-88ac7144a401,wear protective equipment against industrial noise,industrial noise protective equipment wearing|personal protective equipment wearing|wear personal protective equipment|wearing personal protective equipment|wearing protective equipment against industrial noise
http://data.europa.eu/esco/skill/aee24c19-7dfd-4011-ae95-7a2fe2f7e369,maintain radio communications equipment,maintain radio receiving equipment|maintain radio transmitting equipment
http://data.europa.eu/esco/skill/afa14e38-5973-4cce-a077-f796c1ced2cc,blockchain,blockchain technology
http://data.europa.eu/esco/skill/b1ef509e-f191-405a-8419-51663b08922e,implement a management system,employ a management system
http://data.europa.eu/esco/skill/b22828a8-18e7-4639-8fbd-f2b33594382d,collect statistics on medical records,analyse medical records using statistical methods|collect statistics from medical records|perform statistical analysis from medical records|perform statistical analysis of medical records
http://data.europa.eu/esco/skill/b514f861-985b-4aeb-bcba-9a7f8bee0e8d,manage volunteering programmes,coordinate volunteering activities|manage volunteering projects|oversee volunteering programmes|supervise volunteering initiatives
http://data.europa.eu/esco/skill/b6843068-2dd3-43ea-9625-3aaffe9f0112,demonstrate functionality of video games,demonstrate functionality of a video game|demonstrate the functionality of video games|demonstrating functionality of video games|determine functionality of video games|display functionality of video games|establish functionality of video games|show functionality of video games
http://data.europa.eu/esco/skill/b71fc6e4-14eb-488b-9f26-a7c15fd6d6e8,perform feasibility study on geothermal energy,conduct viability assessment on geothermal energy|do a feasibility study on geothermal energy|execute feasibility analysis on geothermal energy|undertake suitability study on geothermal energy
http://data.europa.eu/esco/skill/b8316819-feca-403d-902f-a86562fd91e9,analyse transport business networks,analyse networks of transport businesses|analyse networks of transportation businesses|analyse transportation business networks|analyze transport business networks|carry out evaluations of transport business networks|conduct assessments of transport business networks|conduct transport business network analysis|evaluate transport business networks|evaluate transportation business networks|make assessments of transportation business activities|perform analyses of transport business networks
http://data.europa.eu/esco/skill/b863df64-7556-461b-ba0d-d2f293dcec3f,process incoming optical supplies,incoming optical supplies processing|incoming optical supplies receiving|processing incoming optical supplies|receive incoming optical supplies|receiving incoming optical supplies
http://data.europa.eu/esco/skill/b88fde8f-1b98-4a83-8a2e-75232be4f725,write situation reports,design situation narratives|design situation reports|develop situation narratives|develop situation reports|establish situation narratives|establish situation reports|produce situation information|produce situation reports
http://data.europa.eu/esco/skill/bad614fb-fc66-4401-b75b-3d366013a493,write security reports,make security reports|write security report|writing security reports
http://data.europa.eu/esco/skill/bc067d2e-e151-408f-8e34-24effd2b7fd6,use e-procurement,employ e-procurement|employ electronic procurement|use electronic procurement|utilise e-procurement|utilize e-procurement
http://data.europa.eu/esco/skill/bd17a64e-a9bd-439d-9b87-01c6bb1b7e09,maintain records of work with service users,keep up records of work with service user|keep up records of work with service users|maintain records of work with care user|maintain records of work with care users|manage records of work with service user|manage records of work with service users|record work with service users|sustain records of work with service user|sustain records of work with service users
http://data.europa.eu/esco/skill/bf40aa7c-1e99-40bb-a718-1e1492aaf00f,identify market niches,analyse market niches|classify market niches|diagnose market niches|establish market niches|identify a market niche
http://data.europa.eu/esco/skill/bf59255e-782a-4e83-a93c-6055cfdd8e7f,draw blueprints,create blueprints|develop blueprints|draft blueprints|draw a blueprint|draw a detailed outline|draw technical specifications|formulate blueprints|prepare technical specifications
http://data.europa.eu/esco/skill/c2d48b3a-1f91-4442-8f18-6c43a589737b,develop media strategy,build media strategy|create media strategy|create media strategy based on content type|create media strategy based on target groups|design media strategy
http://data.europa.eu/esco/skill/c4f97536-866b-4a4f-b91d-da07809ef2d8,execute feasibility study on hydrogen,carry out research on hydrogen|evaluate hydrogen feasibility|evaluate use of hydrogen|investigate hydrogen implementation|perform research on hydrogen
http://data.europa.eu/esco/skill/c5a135be-218d-48e6-a422-5225a576dcd8,manage project metrics,handle project metrics|manage metrics of project|managing project metrics|oversee project metrics
http://data.europa.eu/esco/skill/c5b90c0c-3af0-4c8c-a06c-cc3ced02242c,perform cost accounting activities,conduct cost accounting activities|do cost accounting activities|perform activities for cost accounting|perform cost accounting activity|performing cost accounting activities
http://data.europa.eu/esco/skill/c605fd71-08c4-4f03-8187-9874d2401cb7,carry out meteorological research,carry out research activities on weather conditions and phenomena|carry out research in meteorology|conduct meteorological research|conduct meteorological studies|conduct research activities on weather conditions and phenomena|participate in meteorology research|participate in meteorology research studies|perform meteorological research|perform meteorology research studies|perform research in meteorology|undertake meteorological research|undertake research in meteorology
http://data.europa.eu/esco/skill/c71e5209-dfb8-456d-a1ad-5ac657a92812,use agronomic modelling,apply crop modelling|build agronomic models
http://data.europa.eu/esco/skill/c796e1fa-cbbd-4639-b8d9-cbcdc130c7a2,process incoming electrical supplies,incoming electrical supplies processing|incoming electrical supplies receiving|processing incoming electrical supplies|receive incoming electrical supplies|receiving incoming electrical supplies
http://data.europa.eu/esco/skill/c8f14c32-7f24-41bb-9e8f-b24d6fd3ca86,follow production schedule,comply with production schedule|comply with production schedules|comply with schedule for production|comply with workplan|consider production schedules|ensure compliance with production schedules|follow a production schedule|follow production schedules|read production schedules|respect production schedules|use production schedules|utilise production schedules
http://data.europa.eu/esco/skill/c9bb544b-99a1-4335-bcea-23f84b01095a,develop non-hazardous waste management strategies,develop strategies for non-hazardous waste management|developing non-hazardous waste management strategies|developing strategies for non-hazardous waste management|non-hazardous waste management strategies developing|non-hazardous waste management strategies writing|write non-hazardous waste management strategies|write strategies for non-hazardous waste management|writing non-hazardous waste management strategies|writing strategies for non-hazardous waste management
http://data.europa.eu/esco/skill/ccb2e5f2-4279-48fd-9d85-a1db42ff1e13,project configuration management,effective management process|project deliverables management|project setup control|project setup management
http://data.europa.eu/esco/skill/cd195aad-29dd-43f5-a5be-e6994d83215b,undertake continuous professional development in social work,continuously develop competences in social work|take part in continuous professional development in social work|undertake CPD in social work
http://data.europa.eu/esco/skill/cd7146d4-499a-479b-8dc2-c605d38b4b03,control fluid inventories,control a fluid inventory|controlling fluid inventories|direct fluid inventories|manage fluid inventories|oversee fluid inventories|supervise fluid inventories
http://data.europa.eu/esco/skill/cdd2b6cc-b4a9-42a0-824b-766f52176fd3,write inspection reports,keep inspection records|maintain inspection records|maintain monitoring records|prepare inspection reports|prepare monitoring reports|produce inspection reports|write an evaluation reports|write an inspection report|write down inspection reports|write monitoring reports
http://data.europa.eu/esco/skill/ceb175c2-fcf3-400e-833a-0a7b25131be7,handle touristic quantitative data,collect quantitative data from the tourist sector|gather numerical data regarding the tourist sector|handle quantitative touristic data|handle tourist quantitative data
http://data.europa.eu/esco/skill/d05d0dc5-95f6-4287-8884-f54fcfea5178,report the results of treatment,report treatment results|reporting of the results of treatment|reporting the results of treatment|reporting treatment results|treatment report writing|treatment results reporting|write treatment report|writing of treatment report|writing treatment report
http://data.europa.eu/esco/skill/d1724ca5-ebd3-472a-bea9-fad9fe9004bf,estimate costs of required supplies,estimate required supplies' costs|estimate required supply costs|prepare cost estimates|provide costs and proposed sale prices
http://data.europa.eu/esco/skill/d1972916-b734-4f0b-8070-ef410a771335,estimate restoration costs of antique items,assess restoration costs of antique items|estimate restoration costs of an antique item|estimate the restoration costs of antique items|evaluate restoration costs of antique items|measure restoration costs of antique items|value restoration costs of antique items
http://data.europa.eu/esco/skill/d4ae4774-a81d-4255-8491-cade3580685a,Adobe Photoshop Lightroom,Adobe Photoshop Lightroom for 2D Raster Graphics Generation|Adobe Photoshop Lightroom for 2D Vector Graphics Creation|Adobe Photoshop Lightroom for 2D raster generation|Adobe Photoshop Lightroom for 2D vector graphics generation|Adobe Photoshop Lightroom for digital editing|Adobe Photoshop Lightroom graphical ICT tool
http://data.europa.eu/esco/skill/d5dbc342-8e39-4998-8237-ebbe05a381ce,manage research and development projects,direct research and development projects|manage development and research projects|manage research and development project|managing research and development projects|oversee research and development projects|supervise research and development projects
http://data.europa.eu/esco/skill/d6179c4b-ff5a-4bbb-a3c8-e0acf0de1f56,assist scientific research,assisting scientific research|engineers and scientists supporting|scientific research assisting|support engineers and scientists|supporting engineers and scientists
http://data.europa.eu/esco/skill/d88cb3f1-8e02-4618-bf32-4b0488066934,mechatronics,field of mechatronics|mechatronic engineering|mechatronic science|science of mechatronics|smart machines
http://data.europa.eu/esco/skill/d9cc828c-61fc-422d-91e7-b2e8e4aa48a5,compile statistical data for insurance purposes,collect statistical data for insurance purposes|compose statistical data for insurance purposes|produce statistics for insurance purposes
http://data.europa.eu/esco/skill/da896663-08b3-409d-aa3d-31f39a8e8d2b,perform a feasibility study on biomass systems,carry out feasibility study of biomass systems|do a feasibility study on biomass system|perform a feasibility study on (large) biomass systems
http://data.europa.eu/esco/skill/db54a4d7-9ea9-4c3d-9bd9-9169e6c1fb4f,change power distribution systems,changing power distribution systems|power distribution system changing|power distribution system revising|power distribution systems changing|power distribution systems revising|revise power distribution systems|revising power distribution systems
http://data.europa.eu/esco/skill/dd1e0bc8-d54a-435a-bc43-586bac0b8c02,develop ICT safety information,present safety information|present safety information and warning messages
http://data.europa.eu/esco/skill/dd6f8901-b20a-48e9-94ac-b1829dc2cfec,manage manufacturing documentation,managing manufacturing documentation|manufacturing documentation managing|manufacturing documentation overseeing|oversee manufacturing documentation|overseeing manufacturing documentation
http://data.europa.eu/esco/skill/df64a7cc-2e96-4304-95d3-56fe0ac2dd39,design thinking,creative problem solving solutions|creative solutions
http://data.europa.eu/esco/skill/e0ae0101-ab8f-47a2-938b-ab0cc367b3b5,maintain warehouse database,ensure that database used in warehouse is up-to-date|ensure updating of warehouse database|ensure warehouse database is up-to-date|ensure warehouse database is updated|keep up-to date warehouse database|keep warehouse database|keep warehouse database up-to-date|maintain up-to-date warehouse database|update information in warehouse database|update warehouse database
http://data.europa.eu/esco/skill/e1011626-04dc-4454-9a1d-0c293887bfae,interpret technical information for electronic repair work,interpret electronic information for repairs
http://data.europa.eu/esco/skill/e4bf6574-d0d0-4314-a4e0-d54a549e41d8,stay up-to-date with hair style trends,keep current on fashion trends in hair style|keep up to date with fashion trends in hair style|stay up-to-date with fashion trend in hair style|stay up-to-date with fashion trends in hair style|stay up-to-date with hair style fashion trends|stay updated with fashion trends in hair style|staying up-to-date with fashion trends in hair style
http://data.europa.eu/esco/skill/e4ff825c-7376-4135-93cd-3892fd67b7c1,develop environmental remediation strategies,develop strategies for environmental remediation|developing environmental remediation strategies|developing strategies for environmental remediation strategies|environmental remediation strategies developing|environmental remediation strategies writing|write environmental remediation strategies|write strategies for environmental remediation|writing environmental remediation strategies|writing strategies for environmental remediation strategies
http://data.europa.eu/esco/skill/e5c108c3-d6b6-4018-a34f-763e7793e746,forecast production quantities,approximate production quantities|estimate production quantities|forecast production quantity|forecast quantities for production|forecasting production quantities|predict production quantities
http://data.europa.eu/esco/skill/ea271a04-ce7f-492f-bf2f-b6984a9a1910,read electricity meter,electricity meter reading|electricity meter reading taking|reading electricity meter|take electricity meter reading|taking electricity meter reading
http://data.europa.eu/esco/skill/ea6c0bf5-fe69-4ffa-a1b4-398f46a67c95,write to a deadline,complete writing by the deadline|meet writing deadline|write to deadline|writing to deadlines
http://data.europa.eu/esco/skill/ec66a2f9-db12-4eec-936a-47632bfdccfb,perform smart grid feasibility study,carry out feasibility study for smart grids|carry out smart grid feasibility study|determine smart grid concept|perform feasibility study for smart grids
http://data.europa.eu/esco/skill/ed5bbc64-7017-4e2e-b44e-65df88013a84,analyse information systems,analyse info systems|analyse information system|analysing information systems|analyze information systems|evaluate information systems|examine information systems|review information systems
http://data.europa.eu/esco/skill/eeb2c17a-79f1-4e6d-9786-c34d462b7ae1,maintain stocks of veterinary materials,carry out veterinary material supply maintenance activities|ensure there is an adequate stock of veterinary materials|ensure there is an adequate supply of veterinary materials|maintain veterinary material stocks|manage stocks of veterinary materials|manage the supply of veterinary materials|manage veterinary material stocks|manage veterinary material supplies|oversee veterinary material supply levels|perform veterinary material stock maintenance activities|supervise veterinary material stock levels
http://data.europa.eu/esco/skill/efe9be37-2433-4b58-95f4-283f2c048104,advise on participation in financial markets,advise on legal compliance for participation in financial market|advise on legal compliance for participation in financial markets|advise on legal compliance of financial market participation|advising on legal compliance for participation in financial markets|counsel on legal compliance for participation in financial markets|give recommendations on legal compliance for participation in financial markets|offer suggestions on legal compliance for participation in financial markets
http://data.europa.eu/esco/skill/f0163b63-6794-4eb7-b17b-f91d11b2602d,implement cryptographic constructs,develop cryptographic constructs
http://data.europa.eu/esco/skill/f14ff4b7-be1e-4b55-b39b-520005f8a97e,liaise with managers,collaborate with managers|cooperate with managers|liaise with a manager|liaising with managers|work together with managers|work with managers
http://data.europa.eu/esco/skill/f2051d94-4877-4f20-b1c6-31cca9132884,lead a team in hospitality service,direct a group of people working in the hospitality field|guide team players in the hospitality field|lead a hospitality service team|lead a service team in hospitality
http://data.europa.eu/esco/skill/f24d196c-fda3-412b-aa8d-c9d36db80cd8,circulate information,communicate information|communicate research findings|disseminate information|disseminate research findings|send out information|send out research findings|share information|share research findings
http://data.europa.eu/esco/skill/f43ee9cc-7284-406f-b23f-3eedb0581141,identify clients' needs,classify clients' needs|classify users' needs|determine clients' needs|determine users' needs|diagnose clients' needs|diagnose users' needs|establish clients' needs|establish users' needs
http://data.europa.eu/esco/skill/f545afd5-dc9d-43f5-86b6-65486f1f3bf7,follow directions of on-site director,implement directions of on-site director|obey directions of on-site director|respect directions of on-site director
http://data.europa.eu/esco/skill/f5f5b244-6cea-4fbc-8a50-8f712791bc09,follow company standards,follow a company standard|follow company codes|follow company measures|follow company requirements|follow company rules|follow the company standards|following company standards
http://data.europa.eu/esco/skill/f66b2fc3-2952-41e5-89bf-a9157ea29420,ensure compliance with environmental legislation in food production,assure compliance with environmental legislation in food production|ensure compliance with environmental legislation in the production of food|ensure the compliance with environmental legislation in food production|establish compliance with environmental legislation in food production|maintain compliance with environmental legislation in food production|secure compliance with environmental legislation in food production
http://data.europa.eu/esco/skill/f6ac6241-adb2-4ce2-b35f-09832cbb11ea,empirical analysis,empirical data analysis
http://data.europa.eu/esco/skill/f6fcc895-3dfc-4b00-bb83-348e3c9c72e1,interpret data in food manufacturing,clarify data in food manufacturing|decipher data in food manufacturing|explain data in food manufacturing|interpret data in food manufacture|interpret the data in food manufacturing|understand data in food manufacturing
http://data.europa.eu/esco/skill/f79e4715-5776-485c-ab7d-631c9b8d70ad,manage contract disputes,contractual dispute resolution|manage contract dispute|manage disputes in contracts|resolve disputes deriving from contracts
http://data.europa.eu/esco/skill/f8e7c608-a92d-4b61-b84f-e2453b0aa4a4,follow up online user requests,address online user requests|address requests of online users|assess feedback from online users and implement activities to meet their requests|conduct activities to address online user feedback|conduct activities to meet requests of online users|conduct activities to meet requests of website users|follow up requests of online users|follow up requests of website users|follow up website user requests|implement activities to address online user feedback
http://data.europa.eu/esco/skill/f96c8129-91b8-4d29-bfa2-3d889e427e74,write calibration report,calibration report preparing|calibration report writing|prepare calibration report|preparing calibration report|writing calibration report
http://data.europa.eu/esco/skill/fb221711-05c3-4196-ba72-813ed5bd040e,lead the brand strategic planning process,administer the brand strategic planning process|control the brand strategic planning process|determine the brand strategic planning process|direct the brand strategic planning process|lead a brand strategic planning process|lead brand strategic planning processes|leading the brand strategic planning process
http://data.europa.eu/esco/skill/fc2eea22-5bd1-4b78-aafe-4eb117c6bdd3,repair alarm system,fix alarm system|fix security alarm system|repair alarm|repair security alarm system|repairing alarm system
http://data.europa.eu/esco/skill/fc6cddab-c9ce-4ce6-83ac-32b6854dd6da,install electronic communication devices on trains,adjust electronic communication apparatus|carry out installation of electronic communication systems used in trains|install communication devices on trains|install communication equipment on trains|install electronic communication apparatus on trains|install electronic communication equipment on trains|perform installation of electronic communication equipment used in trains|perform installation of electronic communication systems used in trains|set up electronic communication devices on trains|set up electronic communication equipment on trains|test train electronic communication equipment
http://data.europa.eu/esco/skill/ff340526-6bf6-4cd0-bcb1-87f1d6265bda,use instruments for food measurement,adopt instruments for food measurement|apply instruments for food measurement|handle instruments for food measurement|operate instruments for food measurement|use an instrument for food measurement|use instrument for food measurement|using instruments for food measurement
http://data.europa.eu/esco/skill/01d269d9-b058-4d6c-82a0-3779af9a124b,develop blockchain innovative architectures,build innovative blockchain architectures
http://data.europa.eu/esco/skill/061f1c12-9811-46f7-ab3e-1d28367d6c73,use CAD for soles,employ CAD for sole and heels designing|employ CAD for sole designing|employ CAD for soles and heels|employ computer-aided design for soles|employ computer-aided design for soles and heels|use CAD for sole and heels designing|use CAD for sole designing|use CAD for soles and heels|use computer-aided design for soles|use computer-aided design for soles and heels
http://data.europa.eu/esco/skill/06670261-ea6b-4b52-a915-c7d4ff837f74,identify statistical patterns,assess statistical patterns|determine statistical patterns|evaluate statistical patterns|examine statistical patterns|identify statistical pattern|identifying statistical patterns
http://data.europa.eu/esco/skill/071c361c-9366-455b-9bcf-4bd1415e037d,mark film reels,annotate film reels|mark film reel|marking film reels|prepare film reels
http://data.europa.eu/esco/skill/0760bfac-9a03-427a-ad84-ccd33a2f2ae8,mathematical modelling,mathematical computation|mathematical representation|mathematical simulation
http://data.europa.eu/esco/skill/095fdace-1cc3-4e80-b37b-268fe297904a,prepare audit activities,prepare a plan for audit activities
http://data.europa.eu/esco/skill/0b05cfa0-5f2a-4c74-850f-094d32fd1c1b,load equipment,cram equipment|equipment loading|fill equipment|loading equipment|pack equipment|stack equipment
http://data.europa.eu/esco/skill/0b144726-21c2-46ed-8d13-c03d27f61604,perform multiple tasks at the same time,carry out multitasking|perform multi tasks at the same time|perform multitasking activities
http://data.europa.eu/esco/skill/0bfb44c7-c412-49ed-aab4-e33d0dd3b265,manage sales teams,direct sales teams|manage sales team|managing sales teams|oversee sales teams|supervise sales teams
http://data.europa.eu/esco/skill/0c33d03f-9696-44ff-9c1a-7f4296ee3335,rehearse role,practise role|prepare role|rehearse roles|rehearsing role|study role
http://data.europa.eu/esco/skill/0c66036a-3bdd-4955-8343-985f4697af64,manage donor database,create and update donor database|create and update donor databases|handle donor database|manage database of donors|manage donor databases
http://data.europa.eu/esco/skill/0d4471ae-3820-4c23-8566-f44a7bd159b2,prepare licence agreements,prepare license agreements|write licence agreements
http://data.europa.eu/esco/skill/0d73ba83-44f0-48c8-8c83-ca8e0e2651fc,load film reels,prepare film reels|load film reel|loading film reels|ready film reels
http://data.europa.eu/esco/skill/0ee94af1-b445-4973-9c3f-459fab250342,apply conflict management,administer conflict management|application of conflict management|applying conflict management|conflict management application|employ conflict management|implement conflict management|utilise conflict management
http://data.europa.eu/esco/skill/0f3ac478-54fa-4305-b077-50e3c0baeb8c,manage physiotherapy staff,develop physiotherapy staff|manage physiotherapy personnel|manage physiotherapy-staff|manage staff of physiotherapy|recruit physiotherapy staff|supervise physiotherapy staff
http://data.europa.eu/esco/skill/0f7b4bf5-8d37-4205-bd61-fe0878e9d9e2,adjust production schedule,adjust a production schedule|adjust production schedules|adjust production scheduling|alter production schedule|amend production schedule|change production schedule|vary production schedule
http://data.europa.eu/esco/skill/0ffce932-cec4-4fec-87e6-df23fb6bdc12,find grants,analyse recycling grant opportunities|identify funding|identify grants|investigate recycling grant opportunities|obtain funding|obtain grants|probe recycling grant opportunities|research a recycling grant opportunity|research recycling grant opportunities|search recycling grant opportunities|secure funding|secure grants|seek funding|seek grants
http://data.europa.eu/esco/skill/118efbcd-8fc5-4668-81d1-c383a0d16070,handle helpdesk problems,administer helpdesk problems|deal with helpdesk problems|handle a helpdesk problem|handling a helpdesk problem|handling helpdesk problems|solve helpdesk problems|support helpdesk problems
http://data.europa.eu/esco/skill/11c56452-fcec-4b00-9695-cca4728e5048,marketing analytics,marketing data analytics
http://data.europa.eu/esco/skill/12b7d5a1-1ad4-45dc-b0fa-b31d1eb2c79a,maintain pricing database,control pricing database|maintain a pricing database|maintain pricing databases|maintaining a pricing database|manage pricing database|preserve pricing database|sustain pricing database
http://data.europa.eu/esco/skill/14062e1c-6540-4cb6-b343-ad419e3d10ac,blockchain components,blockchain|blockchain concepts
http://data.europa.eu/esco/skill/143d889d-3128-45af-805b-a2d5a1d501c7,manage stocked company material,maintain stocked company material|manage stocked company materials|managing stocked company material|oversee stocked company material|regulate stocked company material|stocked company material management|supervise stocked company material
http://data.europa.eu/esco/skill/1557b114-8222-46d5-acff-d2838909c302,provide connected car solutions,deliver connected car solutions|supply connected vehicle solutions
http://data.europa.eu/esco/skill/16284f84-15c9-4542-b122-a6d584f937ee,manage clinical risk,administer clinical risk management|apply clinical risk management|manage clinical liabilities|manage clinical risks
http://data.europa.eu/esco/skill/1a165a9b-2006-49e1-90b8-c0709933b4a3,use a complex communication system,employ a complex communication system|use complex communication systems|using a complex communication system|utilize a complex communication system
http://data.europa.eu/esco/skill/1b3fc0e0-c6f9-45fc-9c6e-14bbba662979,develop information standards,develop norms for information management|develop standards for information|develop standards for information management|set information standards|set norms for information management|settle information standards
http://data.europa.eu/esco/skill/1ca140f8-d8aa-4e02-8ddc-31cbf75dd7ae,microwave principles,principles of microwave energy transmission
http://data.europa.eu/esco/skill/1cf20c3c-027e-45f4-bad1-c91b98726d28,provide information on geothermal heat pumps,geothermal heat pump information giving|geothermal heat pump information providing|geothermal heat pumps information giving|geothermal heat pumps information providing|give information on geothermal heat pumps|giving information on geothermal heat pumps|providing information on geothermal heat pumps
http://data.europa.eu/esco/skill/1de6b87b-2c7d-49aa-bcc0-3b2ef75f064f,resolve equipment malfunctions,deal with equipment malfunctions|dealing with equipment malfunctions|equipment malfunction resolution|equipment malfunctions resolution|resolution of equipment malfunctions|resolving equipment malfunctions|resolving of equipment malfunctions
http://data.europa.eu/esco/skill/1f0fbd17-56b7-45cd-b841-e7d9e2a5a14e,identify blockchain innovation opportunities,analyse blockchain-based business innovation|use blockchain to drive innovation
http://data.europa.eu/esco/skill/1ff53c92-370d-414b-b758-b0a1b8026853,check methods,check method|checking methods|investigation approaches|investigation techniques
http://data.europa.eu/esco/skill/1ffac4ac-fda7-407d-8ed1-ca8f4a8dc146,Angular,Angular related algorithms|Angular techniques and principles|coding in Angular|programming paradigms in Angular|testing in Angular
http://data.europa.eu/esco/skill/208b41bd-3b61-4439-b3ca-d39628dd7fe3,compose digital game story,write digital game story
http://data.europa.eu/esco/skill/2174c1b0-e13c-4850-8e4d-2bc6183018bf,cryptocurrency,crypto|digital currency
http://data.europa.eu/esco/skill/21e0cad8-4eef-42be-b18b-0f8e37f0dbd0,product life-cycle,stages of the product life cycle
http://data.europa.eu/esco/skill/2239694b-771a-4586-8b54-2794e361a9ae,maintain relationship with customers,control relationship with customers|maintain a relationship with a customer|maintain a relationship with customers|maintain relationships with customers|manage relationship with customers|preserve relationship with customers|sustain relationship with customers
http://data.europa.eu/esco/skill/25a599ff-27ab-4853-9a04-6174a0bd03b3,manage drilling team,coordinate and supervise drilling team|coordinating and supervising drilling team|coordination and supervision in drilling|coordination and supervision of drilling team|drilling team coordination and supervision|drilling team management|management of drilling team|managing drilling team|managing of drilling team|team management in drilling
http://data.europa.eu/esco/skill/27273605-2400-4392-a6d6-cc8161a2d445,ensure compliance with waste legislative regulations,assure compliance with waste legislative regulations|enable compliance with waste legislative regulations|ensure compliance with waste legislative regulation|ensuring compliance with waste legislative regulations|provide compliance with waste legislative regulations|secure compliance with waste legislative regulations
http://data.europa.eu/esco/skill/27aedf16-e2e9-419d-9ad8-1c3100e0e941,supervise video and motion picture editing team,direct video and motion picture editing team|manage video and motion picture editing team|organise video and motion picture editing team|oversee video and motion picture editing team|supervise video and motion picture editing teams|supervising video and motion picture editing team
http://data.europa.eu/esco/skill/2879a6f9-868b-40a1-a424-d50007ca8354,record production data for quality control,chronicle machinery fault statistics for quality assurance|chronicle production data for quality control|document machinery fault statistics for quality assurance|document production data for quality control|evidence record machinery fault statistics for quality assurance|evidence record production data for quality control|file machinery fault statistics for quality assurance|file production data for quality control|keep records of production data for quality control
http://data.europa.eu/esco/skill/296f6b56-de45-4aac-aa96-43e4a4864724,blockchain architecture,blockchain structure
http://data.europa.eu/esco/skill/2abea522-a74c-41b5-ab06-2a6e73665782,check film reels,prepare film reels|check film reel|checking film reels|verify film reels
http://data.europa.eu/esco/skill/2b34a99f-9813-4c91-9509-b6b9b8c3132e,collaborate through digital technologies,able to use online tools to collaborate|apply online tools to collaborate|make use of online tools to collaborate|use VoIP conference calling|use concurrent file editing|use online meeting tools|use online tools to collaborate|using online tools to collaborate|utilise online tools to collaborate
http://data.europa.eu/esco/skill/2c16803f-3d2e-4c4d-84c3-c1d82243abc5,manage chiropractic staff,manage staff in chiropractic|observe chiropractic staff|recruite and train chiropractic staff|supervise chiropractic staff
http://data.europa.eu/esco/skill/2cc30e4e-2139-411a-9fa9-f0d616b64c57,monitor sociological trends,investigate sociological movements|monitor social trends|monitor trends sociologically|observe sociological patterns
http://data.europa.eu/esco/skill/2f04bb71-d476-43b3-a60b-5df1d05f5681,Octopus Deploy,Octopus Deploy software program
http://data.europa.eu/esco/skill/30d3a303-158b-483c-b74d-de2bf7269c6e,perform first fire intervention,extinguish a fire|intervene promptly to put out a fire|perform fire intervention|perform first intervention during a fire
http://data.europa.eu/esco/skill/33e584f9-ff7a-4979-bfc0-5a3a374a145a,social network analysis,social network analysis methods
http://data.europa.eu/esco/skill/33efa504-2f26-424d-b662-cee77e6e9c93,digital identity management,IAM|digital identity methods
http://data.europa.eu/esco/skill/36931cb7-ca3f-4be1-8428-f38eefc8e1ed,execute email marketing,achieve email marketing|carry out email marketing|email marketing execution|enact email marketing|executing email marketing|execution of email marketing|undertake email marketing
http://data.europa.eu/esco/skill/37838e04-ac5f-43a5-82d0-35f42351fd60,advise on safety improvements,advise on health and safety improvements|consider and develop recommendations to improve safety|develop safety recommendations|improve safety by providing advice and recommendations|make recommendations for safety improvements|provide advice on safety improvements|provide recommendations to improve safety|recommend safety improvements
http://data.europa.eu/esco/skill/38788a64-6271-40ff-9e0b-5644c38322ff,consultation methods,consultation techniques|means of consultation|methods for consultation|methods of consultation|techniques for consultation
http://data.europa.eu/esco/skill/38da3c60-4b7c-4698-9256-574e4ee4e93b,knowledge base,IT knowledge base
http://data.europa.eu/esco/skill/38dbdfc4-427e-4fc8-b394-b00ec29dbe3a,optics,research of optics|study of light|study of optics
http://data.europa.eu/esco/skill/3a33cec3-4b44-471a-8864-5cc8567a8b1f,CADD software,CADD software specifications and operations|CADD softwares|computer-aided design and drafting software
http://data.europa.eu/esco/skill/3b3b7373-220a-4287-87cf-e24a208b63c6,quality and cycle time optimisation,improvement and rotational timescale development|improvement and rotational timescale escalation|improvement and rotational timescale expansion|improvement and rotational timescale upturn|quality and cycle time development|quality and cycle time escalation|quality and cycle time expansion|quality and cycle time optimization|quality and cycle time upturn
http://data.europa.eu/esco/skill/3bf7e0ee-2580-41e8-924d-9d504dc98546,manage mine site data,collect mine spatial data|collect spatial data|collecting mine spatial data|collecting spatial data|manage site data|management of mine site data|managing mine site data|managing of mine site data|managing site data|mine site data management
http://data.europa.eu/esco/skill/3c1af34b-4562-4c39-a30e-0812b84a147e,use specialised design software,use specialized design software|using specialised design software|utilize specialised design software|work with specialised design software
http://data.europa.eu/esco/skill/3c42d13b-d6e4-4ed9-bdc4-991251461dc4,engineering control theory,control theory
http://data.europa.eu/esco/skill/3e2d3720-84e3-4b4f-84db-013fe1fea42f,study musical scores,learn sheet music|study music compositions|study music scores
http://data.europa.eu/esco/skill/3e40c7d0-0e36-4b33-bc33-0aa87eda0561,electrical engineering,application of electricity|application of electromagnetism|application of electronics|field of electrical engineering|fundamentals of electrical engineering|principles of electrical engineering|scope of electrical engineering
http://data.europa.eu/esco/skill/3e46974a-0f75-48d7-97c0-ff316f4862f6,engage composers,engage a composer|engaging composers|recruit musical composers|seek services of a symphonist
http://data.europa.eu/esco/skill/3e8e862d-2f1a-40c6-bb6d-d1d7eeb78854,analyse large-scale data in healthcare,analyse big data in healthcare|analyse large-scale data in health care|analyse statistic in healthcare|analyse statistics in healthcare|analyze large-scale data in healthcare|assay large-scale data in healthcare|carry out large-scale data in healthcare|evaluate large-scale data in healthcare|examine large-scale data in healthcare|interpret large-scale data in healthcare
http://data.europa.eu/esco/skill/3edd4853-a8d2-4791-a5f0-af3a92f18245,electromagnetism,electromagnetic interaction|electromagnetic radiation|electromagnetic waves|electrostatics|gamma rays
http://data.europa.eu/esco/skill/3edfcb2b-2d0e-4673-87ce-f55c37eb5fca,monitor manufacturing quality standards,check quality standards in manufacturing|checking manufacturing quality standards|checking of manufacturing quality standards|checking quality standards in manufacturing|manufacturing quality standards checking|manufacturing quality standards monitoring|monitor quality standards in manufacturing|monitoring manufacturing quality standards|monitoring of manufacturing quality standards|monitoring quality standards in manufacturing|quality standards checking in manufacturing|quality standards monitoring in manufacturing
http://data.europa.eu/esco/skill/3f6dc31c-ceef-4e93-9d8a-b4b862cf9b51,test electrical equipment,check electrical equipment|checking electrical equipment|electrical equipment checking|electrical equipment testing|testing electrical equipment|testing electrical welder system
http://data.europa.eu/esco/skill/40802f0d-d400-404c-bc26-f9ba4eb6195a,test ground system performance,assess functionality of ground systems|assess performance of ground systems|carry out ground systems performance testing|conduct ground system performance testing|develop tests for ground system performance|develop tests for performance of ground systems|execute ground systems performance testing|perform ground systems performance testing|test functionality of ground systems|test performance of ground systems
http://data.europa.eu/esco/skill/41ce355e-1cbe-46e4-a36b-e7eb6e108bee,perform technical sound check,perform line check|perform sound check|perform technical sound check|prepare and run line check|prepare and run technical sound check|prevent technical problems with sound equipment
http://data.europa.eu/esco/skill/44847349-e7ff-4bdb-82b9-6a18140efcaf,recognise blockchain application areas,detect blockchain technology application domains|identify blockchain technology application domains
http://data.europa.eu/esco/skill/45530616-8275-4a9a-9bf1-3e0df737d199,purchase music,acquire music|buy music|procure music|purchasing music
http://data.europa.eu/esco/skill/4570a262-b51f-46a1-a834-13ff67bee1c8,decentralised identifiers,DiDs
http://data.europa.eu/esco/skill/47d491a9-f7c0-4b13-a10f-983d3aa0113e,safety engineering,process safety engineering|safety management|safety science|system safety engineering
http://data.europa.eu/esco/skill/4918ec9a-0204-4935-8b09-b0112370daa8,establish an Information Security Management System,apply an ISMS|apply an Information Security Management System|define an ISMS|define an Information Security Management System|implement an ISMS|implement an Information Security Management System;|monitor an ISMS|monitor an Information Security Management System
http://data.europa.eu/esco/skill/49fed129-e32b-4f67-b80a-609d79e45b20,electronic and telecommunication equipment,electronic and telecommunication apparatus|electronic and telecommunication devices|electronic and telecommunication machinery|electronic and telecommunication machines|electronic and telecommunications equipment|electronics and telecommunication equipment|electronics and telecommunications equipment
http://data.europa.eu/esco/skill/4c216189-4116-4e49-9557-8360378ea717,provide training on technological business developments,deliver training on technological business developments|give training on technological business developments|give training on technological innovation projects for business development|provide training on functional implementations for business development|provide training on technological innovation projects for business development
http://data.europa.eu/esco/skill/4d97e3c3-f335-47cc-a4ee-0d779fd42222,"manage data, information and digital content",manage digital content information|manage digital data
http://data.europa.eu/esco/skill/4ed46658-cc30-4d37-9301-47dd354c92a2,design failover solutions,create failover solutions|manage failover solutions
http://data.europa.eu/esco/skill/4ef13dee-380d-4b76-9034-c4995045303f,evaluate blockchain architectures,evaluate blockchain applications infrastructure
http://data.europa.eu/esco/skill/4f418fd8-2509-46b2-a5b1-722a4d2a382a,demonstrate games,demonstrating games|explain and show how the game evolves|explain game rules
http://data.europa.eu/esco/skill/4f9b2288-7c54-4fbd-bb9b-64748eb53385,select elements for a composition,decide on the elements for a composition|determine elements for a composition|identify elements for a composition|select composition elements|select elements compositions|selecting elements for a composition
http://data.europa.eu/esco/skill/5233e3f4-904a-4f68-9327-707f11d93374,design digital call to action,CTA
http://data.europa.eu/esco/skill/524106a8-b343-45f6-b4ce-58e8d3cf1093,work in an aviation team,complete work tasks as part of an aviation team|perform tasks in an aviation team|undertake work in an aviation team|work as part of an aviation team|work effectively in an aviation team|work in a group in an aviation environment|work with an aviation team|work within an aviation team
http://data.europa.eu/esco/skill/5248e811-9b52-4b38-942e-6315c2a8c9f4,unload equipment,equipment unloading|off load equipment|remove equipment|take away equipment|take off equipment|unloading equipment
http://data.europa.eu/esco/skill/5354a726-ee64-4f34-90f8-8436f9f374b8,analyse ecological data,analyse data on ecology|analysing ecological data|analyze ecological data|examine ecological data|interpret ecological and biological data
http://data.europa.eu/esco/skill/53780150-1581-4ae6-b435-34068c172caf,Vyper,Vyper software
http://data.europa.eu/esco/skill/538b91e8-565c-4483-bf97-6ff120e207a7,instruct kitchen personnel,guide kitchen staff|instruct personnel in the kitchen|teach kitchen employees
http://data.europa.eu/esco/skill/54d774a3-de3b-4425-b0d7-c03bc99a0937,set up cybersecurity training programmes,deliver cybersecurity training|design cybersecurity training|develop cybersecurity training
http://data.europa.eu/esco/skill/557e9247-1a2d-4497-aa7f-0cded7768da1,Aircrack (penetration testing tool),Aircrack
http://data.europa.eu/esco/skill/55c16653-343c-4d02-a9de-7d8e864a4592,Codenvy,Codenvy platform|Codenvy tool
http://data.europa.eu/esco/skill/55cd5608-1497-4ed1-96d0-cb9494749a09,repair mobile devices,repair cell phone devices|replace parts of mobile devices
http://data.europa.eu/esco/skill/5608d5a0-6d5e-43b7-be37-616501729bb4,artificial neural networks,ANN|NN|artificial neural nets|neural nets|neural networks
http://data.europa.eu/esco/skill/580660a6-5d3a-421d-a54f-d85b706c2b2f,use online tools to collaborate,use VoIP conference calling|use concurrent file editing|use online meeting tools|AccuConference|Asana|Budget Conferencing|Conference Calling|Confluence|GoToMeeting|Infinite Conferencing|InterCall|Linoma Software|MetaTeam|Oracle WebCenter|TeamTalk|TeamViewer|WebEx
http://data.europa.eu/esco/skill/58783f72-5098-4807-b1d1-954ec2ae94c4,Backbox (penetration testing tool),Backbox
http://data.europa.eu/esco/skill/58888680-07cd-4baa-8eb1-f846bff7e2d4,manage membership database,operate association database|operate membership database|oversee association database|oversee membership database|supervise association database|supervise membership database
http://data.europa.eu/esco/skill/5a0bffcf-4ff6-49cf-a7db-4142e63f5f04,answer incoming calls,answer an incoming call|answering an incoming call|answering incoming calls|deal with incoming calls|pick up incoming calls|respond to incoming calls|take incoming calls
http://data.europa.eu/esco/skill/5ad2c837-d032-4803-aa4a-322a54936636,master disc manufacturing,master disc fabrication|master disc generation|master disc making|master disc manufacture|master disc production|master discs manufacturing
http://data.europa.eu/esco/skill/5ce5236e-93e2-4899-8971-fff526f85a01,blockchain applications,blockchain functions
http://data.europa.eu/esco/skill/5ce80f97-b385-4a41-9339-a6593d0709c1,perform video editing,master video editing techniques|perform editing of video|perform video edit|use video editing techniques
http://data.europa.eu/esco/skill/5cede168-97f8-47a4-89fd-8f7188c55c5d,verify feasibility,check practicality|verify if feasible|verify usefulness
http://data.europa.eu/esco/skill/5fc0d7d8-bb81-4c1e-b420-e0f1ef8c2743,set equipment controls,adjust equipment controls|adjusting equipment controls|adjusting of equipment controls|adjustment of equipment controls|equipment control adjustment|equipment control setting|equipment controls setting|setting equipment controls|setting of equipment controls
http://data.europa.eu/esco/skill/605399ce-4736-4b41-b41e-92ecf2139454,Solidity,Solidity principles|Solidity software|Solidity techniques
http://data.europa.eu/esco/skill/637ca2e2-0624-48b1-be6e-9ff4580344ac,proofread text,proofread content for publishing
http://data.europa.eu/esco/skill/649872cc-4f0b-446a-9836-b60285931707,consult with sound editor,confer with sound editor|consult with sound editors|consulting with sound editor|discuss with sound editor|review with sound editor
http://data.europa.eu/esco/skill/651675ef-d203-4ba9-bde0-c4fb8a2f3ef3,read technical datasheet,examine technical datasheet|read technical data sheet|read technical datasheets|read technical dossier|reading technical datasheet|study technical datasheet
http://data.europa.eu/esco/skill/6561c8e7-3851-4878-bcf4-d2ffd63d835e,use repair manuals,interpret repair manuals
http://data.europa.eu/esco/skill/667cbbaf-f377-46d8-8f2d-1f6d8a55d74a,pack goods,pack goods by hand|pack manufactured products by hand|pack manufactured products or goods in use|package goods
http://data.europa.eu/esco/skill/668c3fd4-8443-4f27-bc1e-2d96205186b5,blockchain application areas,areas of blockchain application|blockchain application fields
http://data.europa.eu/esco/skill/68949f17-32a2-469e-b874-2fe7ac1cef34,write technical reports related to trees,draft technical reports related to trees|draft tree-related technical reports|drafting technical reports related to trees|drafting tree-related technical reports|technical reports related to trees drafting|technical reports related to trees writing|write tree-related technical reports|writing technical reports related to trees|writing tree-related technical reports
http://data.europa.eu/esco/skill/68ef0e4d-5542-4e64-84f4-752cce5a3c22,statistical modeling techniques,statistical modeling
http://data.europa.eu/esco/skill/694f1a0a-b6bd-453f-af6d-a833503da307,manage meteorological database,coordinate meteorological databases|manage meteorological databases|managing meteorological database|managing meteorological databases|monitor meteorological databases|oversee meteorological databases|supervise meteorological databases
http://data.europa.eu/esco/skill/6d70a43a-2708-480f-ae1d-50703eb42c34,glue film reels,attach film reels|glue film reel|gluing film reels|stick film reels
http://data.europa.eu/esco/skill/6f7aafee-02e4-4484-9eae-1106b8575f88,structure soundtrack,build soundtrack|formulate soundtrack|organise soundtrack|prepare soundtrack|structure soundtracks|structuring soundtrack
http://data.europa.eu/esco/skill/7159e587-c7cb-4ec0-a662-03e1dee2cccb,research design,research design methods
http://data.europa.eu/esco/skill/726abd5a-d23c-44b9-abb0-f22bbe95f1d3,operational research,operations analysis|operations research
http://data.europa.eu/esco/skill/73c7d0d9-092f-4f6e-800a-5759f45a6fc6,operate 2D CAD for footwear,design footwear in 2D with CAD software|design footwear in 2D with computer-aided design software|operate 2D CAD software for footwear pattern engineering|operate 2D computer-aided design for footwear pattern engineering|use 2D CAD for footwear engineering|use 2D computer-aided design for footwear pattern engineering
http://data.europa.eu/esco/skill/762de24a-8cf0-49f4-a3e1-2c6857e72779,signal cues to announcers,give cues to announcers|indicate cues to announcers|provide cues to announcers|signal cues to announcer|signalling cues to announcers
http://data.europa.eu/esco/skill/7832b684-580c-4eaf-a8b3-322164b041ab,provide information on solar panels,give information on solar panels|giving information on solar panels|providing information on solar panels|solar panel information giving|solar panel information providing|solar panels information giving|solar panels information providing
http://data.europa.eu/esco/skill/7844b859-c78f-4c9a-a5ec-75e00767288f,handle rental overdues,administer rental overdues|conduct rental overdues|deal with rental overdues|handle a rental overdue|handling rental overdues|operate rental overdues|rental overdues handling
http://data.europa.eu/esco/skill/7b0d5000-00da-4864-b776-6de49a87a669,computer vision,OCR|cuda|keras|matlab|openCV|simpleCV|tensorflow
http://data.europa.eu/esco/skill/7bf4539a-3f2e-4485-876b-1c9306b181af,John The Ripper (penetration testing tool),John The Ripper
http://data.europa.eu/esco/skill/7c939ef4-adb2-4c0c-aa27-9cc1aefd7c81,blockchain-based services regulation,legal guidance for blockchain|legal regulations for blockchain|regulatory framework for blockchain
http://data.europa.eu/esco/skill/7d092d81-d1e2-4c34-b3cb-c1c9f2e68b7d,finish project within budget,carry out project within budget|complete project within budget|finalize project within budget|finish projects within budget|finishing project within budget
http://data.europa.eu/esco/skill/7d4a4dc4-9324-4975-905d-ff1140f95acc,vocal techniques,vocal methods|vocal practices|vocal procedures|vocal technique|voice techniques
http://data.europa.eu/esco/skill/7dfbe0f3-076f-4a19-9eaa-db4d6db704b6,keep up-to-date to computer trends,hold up-to-date to computer trends|keep an up-to-date to computer trend|keeping up-to-date to computer trends|retain up-to-date to computer trends|save up-to-date to computer trends|store up-to-date to computer trends
http://data.europa.eu/esco/skill/7f2afce6-e98b-4bbe-8441-d52b45e28ab8,telecom regulations,Electronic Communications Code
http://data.europa.eu/esco/skill/7f4d1dee-bc5a-495a-926b-17b383b8d8fd,green building standards,energy-efficient building codes|green construction guidelines|sustainable construction standards
http://data.europa.eu/esco/skill/81086bb0-a110-470d-ba5a-2c68fc535407,manage flight data communications programme,ensure effective exchange of digital flight data between pilots and air traffic control|facilitate transmission of flight data through management of digital communication programmes|manage data communication programme|manage exchange of digital flight data between pilots and air traffic control|manage exchange of flight data in aviation operations|manage flight data communications program|manage transmission of flight data in aviation operations|oversee data communication programme|oversee flight data communication programme|supervise data communication programme|supervise flight data communication programme
http://data.europa.eu/esco/skill/827ebc71-b406-483e-9617-33c63dd487a0,estimate restoration costs,assess restoration costs|estimate restoration cost|estimating restoration cost|estimating restoration costs|evaluate restoration costs|measure restoration costs|value restoration costs
http://data.europa.eu/esco/skill/85947873-e99a-4b08-a4e3-743942710fea,manage fisheries projects,fisheries projects managing|manage fisheries protection projects|manage marine conservation projects|managing fisheries projects|managing marine conservation projects|marine conservation projects managing|marine conservation projects running|run marine conservation projects|running marine conservation projects
http://data.europa.eu/esco/skill/85ac537a-9233-42cc-a6e8-73851e77d214,direct inward dialing,DDI|DID|direct dial-in
http://data.europa.eu/esco/skill/876bb0fb-6b71-4617-9df6-ddabb9b7579f,report airport security incidents,compose reports detailing airport security incidents|detail airport security incidents|document airport security incidents|produce reports detailing airport security incidents|produce reports on airport security incidents|report on airport security incidents|report on incidents affecting airport security|report on incidents related to airport security|write reports detailing airport security incidents|write reports on airport security incidents
http://data.europa.eu/esco/skill/8a16add0-6faa-4387-896c-ee641568d89f,trigonometry,triangle geometry|trigonometric functions
http://data.europa.eu/esco/skill/8abdc43c-2bfd-417c-97c2-27fcdaf53171,promote environmental awareness,advocate environmental awareness|encourage environmental awareness|endorse environmental awareness|environmental awareness promotion|promoting environmental awareness|promotion of environmental awareness|stimulate environmental awareness
http://data.europa.eu/esco/skill/8add048c-4d51-41c5-8aa2-f57412c4a637,enhance production workflow,augment production workflow|bolster production workflow|boost production workflow|carry out production workflow enhancement activities|conduct production workflow improvement activities|develop logistics plans that enhance production and distribution|develop logistics plans that strengthen production and distribution|enhance product workflow|improve production workflow|perform production workflow enhancement activities|strengthen production workflow
http://data.europa.eu/esco/skill/8bbdb795-0deb-478f-91e4-5238867ed8ba,blockchain terminology,blockchain terms|terminology of blockchain
http://data.europa.eu/esco/skill/8bbf9c69-ba9d-4e6d-a50a-ba4f666e0d25,contextualise artistic work,analyse artistic work|contextualise artistic works|contextualising artistic work|contextualize artistic work|investigate artistic work|review artistic work
http://data.europa.eu/esco/skill/8bdc520c-6293-4e99-bf6f-a44d5da3ebcb,monitor legislation developments,monitor development of legislation|monitor development of policies|monitor policies development|observe legislation developments|oversee legislation developments|oversee policies development
http://data.europa.eu/esco/skill/8dfcd477-d109-4ad6-899b-d93280a0a578,transcribe musical compositions,adapt musical compositions|rewrite musical scores|transcribe compositions of music|transcribe music compositions
http://data.europa.eu/esco/skill/8e207517-34bf-4711-a0aa-c8a557ab692f,create special effects,creating special effects|use materials for special visual effects|use various resources for special effects
http://data.europa.eu/esco/skill/8e91c9b3-45de-4db2-91df-138d10031cf0,log transmitter readings,compile transmitter readings|log transmitter reading|logging transmitter readings|note transmitter readings|record transmitter readings
http://data.europa.eu/esco/skill/8f32e02a-9290-47ab-ad28-6567bfc2f17a,design process for blockchain-based systems,design of a blockchain-based system|design process for blockchain application architecture|design process for blockchain technology
http://data.europa.eu/esco/skill/929a997b-d56c-4383-b36d-6de9fa0e1721,work with chemicals,use chemicals|utilize chemicals|work with chemical|working with chemicals
http://data.europa.eu/esco/skill/93a2f730-d5f6-4604-a25e-a2ee206ea468,provide training on e-learning,train the e-trainer
http://data.europa.eu/esco/skill/941364b9-1375-4add-9889-d67bae99bc8c,write technical reports,compose technical customer reports|compose technical reports|composing technical customer reports|composing technical reports|composition of technical reports|technical customer report composition|technical customer report writing|technical customer reports composition|technical customer reports writing|technical report writing|technical reports composition|technical reports writing|writing of technical customer reports|writing of technical reports|writing technical customer reports|writing technical reports
http://data.europa.eu/esco/skill/945b8655-5577-4c3a-946a-842d4527afa8,digital image processing,aliasing for digital image processing|digital image manipulation|digital image manipulation aspects|digital image processing practices|image interpolation for digital image processing
http://data.europa.eu/esco/skill/946c1229-1171-40d4-82cc-fe3f483ca100,perform escalation procedure,complete escalation procedure|implement escalation procedure|perform an escalation procedure|perform escalation procedures|performing escalation procedure|undertake escalation procedure
http://data.europa.eu/esco/skill/94758266-bb0f-4e41-bedb-349ecacfaf5c,create freight rate databases,develop and maintain databases of freight rates|develop and maintain freight rate databases|keep and update databases of freight rates|keep and update freight rate databases|keep databases of cargo rates|keep databases of freight rates|keep freight rate databases|maintain cargo rate databases|maintain databases of cargo rates|maintain databases of freight rates|update databases of freight rates
http://data.europa.eu/esco/skill/9622b720-ee2b-44fb-8cd0-37afc9c183a4,evaluate scientific data concerning medicines,appraise scientific data concerning medicines|assess scientific data concerning medicines|evaluate data concerning medicines|evaluate scientific data concerning medications|evaluate scientific data concerning pharmaceutical drugs
http://data.europa.eu/esco/skill/978db6a1-7297-4c89-819a-47605f2c3ba8,manage software releases,analyse and approve software development releases|approve software release process
http://data.europa.eu/esco/skill/97e077b3-c517-4cd9-9486-0818b1da6a90,experimental psychology,experimental psychology studies
http://data.europa.eu/esco/skill/98a57799-0146-4849-a1d2-41021c4b7b8f,blockchain applications security principles,blockchain security|security controls for blockchain applications
http://data.europa.eu/esco/skill/991efbde-9d52-40f7-8d4a-dc40d13913a7,lead a team in water management,direct a team in water management|directing a team in water management|leading a team in water management|team directing in water management|team leading in water management
http://data.europa.eu/esco/skill/9979e727-3104-42e0-8f41-4af2578111ea,perform PESTEL analysis,carry out PESTEL analysis|conduct PESTEL analysis|conduct analysis using PESTEL framework|perform analysis using PESTEL framework
http://data.europa.eu/esco/skill/9983816d-cc78-4d3f-9e3c-c7baa9ebc77a,computer equipment,computer apparatus|computer devices|computer machinery|computer machines|computing equipment
http://data.europa.eu/esco/skill/9a922e78-dcbb-4d95-908b-0ba34fc06449,write musical scores,apply music theory for score writing|apply music theory for writing scores|use music theory for score writing|use music theory for writing scores|write ensemble musical scores|write orchestra musical scores|write scores
http://data.europa.eu/esco/skill/9af0815a-39da-4a99-8c28-b0fe8baf3db6,draft music cue breakdown,compile music cue breakdown|draft music cue breakdowns|drafting music cue breakdown|draw up music cue breakdown|itemize music cue breakdown|write music cue breakdown
http://data.europa.eu/esco/skill/9c44ebf8-f996-4fef-b260-5faa2cf3a8f2,draw up instrument setup,document instrument setup|draw up instruments setup|drawing up instrument setup|log instrument setup|register instrument setup|take note of instrument setup|write down instrument setup
http://data.europa.eu/esco/skill/9cbf9dff-3e4f-4e25-8217-4338e821f123,manage performance light quality,control light quality|control light quality of performance|control lighting quality|control lighting quality of performances|control performance light quality|control performance lighting quality|manage light quality for performances|manage light quality of performance|manage performance lighting|manage performance lighting quality|manage performance lights
http://data.europa.eu/esco/skill/9ecd4016-b9de-480d-8ec3-9881644f0eda,use sound measuring instruments,apply sound measuring instruments|employ sound measuring instruments|operate sound measuring instruments|sound measuring instrument use|using sound measuring instruments
http://data.europa.eu/esco/skill/9fc400ac-8ed2-4aff-915f-aa4f2609ec7b,multidisciplinary research,multidisciplinary research methods
http://data.europa.eu/esco/skill/9fd126c7-ae3d-470f-ba64-c27a85e5bb27,propose improvements to artistic production,come up with improvements to artistic production|present improvements to artistic production|propose artistic production improvements|propose improvements to artistic productions|proposing improvements to artistic production|submit improvements to artistic production for approval|suggest improvements to artistic production
http://data.europa.eu/esco/skill/a12057b4-6d11-4a12-ab8e-15a028ef0a6d,interact through digital technologies,able to use online communication tools|apply online communication tools|communicate in digital environments|communicate on-line|interact through ICT|make use of online communication tools|use e-mail software and services|use online communication tools|using online communication tools|utilise online communication tools
http://data.europa.eu/esco/skill/a1670c61-bc6a-4c40-9d98-88fb272f945a,media formats,kinds of media|media format|media forms|media genres|media types
http://data.europa.eu/esco/skill/a453d1fa-e494-4e39-96e5-bbc5c730d0d3,use storyboards,employ storyboards|refer to storyboards|use storyboard|using a storyboards|utilise storyboards
http://data.europa.eu/esco/skill/a7e78a0b-aec1-45fb-8f86-d1b4ab1f9c69,analyse own performance,develop self-awareness on dance abilities|evaluate dance potential and limitations|evaluate own abilities on dance|analyse one's performance|analyse one's performance as a sport umpire|analyse your performance|analyze own performance|evaluate critically own performance|evaluate own dance abilities|evaluate own performance|examine own performance as a sports officer|monitor own performance as a sports official|monitor own performance as an official of sport
http://data.europa.eu/esco/skill/a91732ce-988e-4105-9570-f425c6ffdc82,intellectual property regime of digital content,copyright and licenses related to digital content|digital content IPR
http://data.europa.eu/esco/skill/a933a46f-d4d8-4e96-a7f7-345725111bfa,write stress-strain analysis reports,compile stress analysis reports|elaborate stress analysis reports|prepare stress analysis reports|produce stress analysis reports|report on stress analysis|write a stress analysis report|write reports on stress analysis|write stress analysis reports
http://data.europa.eu/esco/skill/aafb8d62-1592-4488-bd40-7bdfb751ff98,manage rented goods returns,deal with rented goods returns|manage rental goods returns|manage rented goods return|managing rented goods returns|organise rented goods returns|oversee rented goods returns|supervise rented goods returns
http://data.europa.eu/esco/skill/ae6c1227-dd33-4df0-a64e-439cfdf948ea,develop food scanner devices,design food scanners|design food scanning sensors|develop food scanners|develop food scanning sensors|develop food-sensor devices
http://data.europa.eu/esco/skill/af6ea157-8c10-4c5b-8015-0e184946127a,outline blockchain-based identity management,explain blockchain-based identity management system
http://data.europa.eu/esco/skill/b1359d89-c691-442f-ab75-792a67dcbcc9,store film reels,conserve film reels|stockpile film reels|store film reel|storing film reels
http://data.europa.eu/esco/skill/b1719a15-5aa0-4e9a-90b8-c036b192b6f0,work with video and motion picture production team,co-operate with video and motion picture production team|collaborate with video and motion picture production team|cooperate with video and motion picture production team|working with video and motion picture production team
http://data.europa.eu/esco/skill/b4057ecb-06d6-45db-a352-ce73e3fd991d,blockchain history,blockchain technology history|history of blockchain
http://data.europa.eu/esco/skill/b478d218-21df-447f-9eba-6fb11f94b071,maintain telephony system,maintain phone systems|uphold phone systems
http://data.europa.eu/esco/skill/b535516b-9f8a-4c29-b6aa-a0a4561e1086,call quality assurance management,call quality assurance administration|call quality assurance managing|call quality assurance oversight|call quality assurance regulation|call quality assurance supervision|calls quality assurance management
http://data.europa.eu/esco/skill/b64b9863-5ed3-49c7-8fd3-5324fabeda5d,interpret geophysical data,assess geophysical data|geophysical data assessment|geophysical data interpretation|interpretation of geophysical data|interpreting geophysical data|interpreting of geophysical data|understanding geophysical data|understanding of geophysical data
http://data.europa.eu/esco/skill/b87f6102-5bab-4e99-a5d8-11b6be1b99c2,present artistic design proposals,present detailed design proposals|present in-depth suggestions for design proposals|present proposals for design detail|present proposals for designs|submit a detailed design proposal
http://data.europa.eu/esco/skill/bc010c93-498c-4362-958b-943df3608add,coordinate music with scenes,arrange music with scenes|coordinate music with scene|coordinating music with scenes|synchronise music with scenes
http://data.europa.eu/esco/skill/be20d05c-f6b4-4580-9fcf-f00f4baab562,make data-driven decisions,take decisions based on data
http://data.europa.eu/esco/skill/bf12b461-1c53-4d81-a395-8ba77f7483c4,investment analysis,post-investment analysis|post-investment review|pre-investment analysis
http://data.europa.eu/esco/skill/bfe4f330-d595-48c7-ab3c-f309471d6953,psychology,psychological practice|study of human behaviour and performance
http://data.europa.eu/esco/skill/c216b67a-7462-4f6a-ba14-db02f6e91b68,compile data for navigation publications,assemble and process data for navigation publications|assemble and process data for navigational publications|compile data for navigational publications|compile navigation publication data|compile navigational publication data|gather and process data for navigation publications|gather and process data for navigational publications|gather data for navigation publications|gather data for navigational publications|process data for navigation publications
http://data.europa.eu/esco/skill/c39b8441-359e-4cf9-8a52-c5f6dd918813,lighting techniques,light techniques|lighting methods|lighting practices|lighting procedures|lighting technique
http://data.europa.eu/esco/skill/c46f9312-e414-42f0-9c8b-1c1886af7b8d,CAD for footwear,2D CAD for footwear|2D computer-aided design for footwear|3D CAD for footwear|3D and 2D CAD for footwear|3D computer-aided design for footwear|computer-aided design for footwear|footwear 2D CAD|footwear 3D CAD|footwear CAD|footwear computer-aided design
http://data.europa.eu/esco/skill/c4949dcf-bbcc-40f2-8584-6c6299beb7fb,tend computer numerical control lathe machine,guard computer numerical control lathe machine|guard screwing and turning machinery|monitor computer numerical control lathe machine|monitor screwing and turning|oversee computer numerical control lathe machine|oversee screwing and turning machinery|tend CNC lathe machine|tend CNC turn machine|tend CNC turning machine machinery|watch over computer numerical control lathe machine|watch over screwing and turning machinery
http://data.europa.eu/esco/skill/c4ba511c-dc24-44bc-8bc5-10b2d4a191fb,blockchain design patterns,design patterns of blockchain
http://data.europa.eu/esco/skill/c5efe5ad-c5e3-4bd1-9c8b-4a514940f4d6,record production data,chronicle production data|document production data|evidence production data|file production data|production data recording|recording production data
http://data.europa.eu/esco/skill/c6ce2d77-ba89-432f-87dd-f1d36557fc95,work with composers,discuss various interpretations with composers|interact with composers|work with a composer|working with composers
http://data.europa.eu/esco/skill/c70bfec4-9a2e-4f22-a362-79c2ea17ee9b,attend music recording sessions,attend music recording session|attending music recording sessions|go to music recording sessions|join music recording sessions|listen in on music recording sessions|participate in music recording sessions
http://data.europa.eu/esco/skill/c73ea1b8-e121-4f91-b8f0-dee4ee28d6ec,plan schedule,create rig work schedule|develop a schedule|develop schedule|plan a schedule|plan rig work schedules|plan the schedule|prepare rig work plan|programme rig work|rig work schedules planning|rig work scheduling|schedule rig work|set up a schedule|write schedule
http://data.europa.eu/esco/skill/ca71c597-51c2-4ead-a7b0-b108bce89caf,cognitive computing,cognitive computing technology
http://data.europa.eu/esco/skill/cb3e9479-07b9-4a35-9732-28cff43c7f81,plan a recording,organise a recording|organise a recording session|organise a studio recording|organise a studio recording session|organize a recording|organize a recording session|organize a studio recording|organize a studio recording session|plan a recording|plan a recording session|plan a studio recording|plan a studio recording session
http://data.europa.eu/esco/skill/cb89a5c0-b5cb-4c62-8e7e-7714631b66b5,create semantic trees,create controlled vocabularies|create thesauri|develop a semantic resolution tree|develop taxonomies and ontologies
http://data.europa.eu/esco/skill/cdaf66a1-eaf3-4fef-af6e-2e9bbe2c326c,distributed ledger technologies vulnerabilities,security in distributed ledger technology
http://data.europa.eu/esco/skill/cdfb75ab-adc3-4143-a453-b91949dcfa1f,draw sketches to develop textile articles using softwares,draw sketches to develop textiles or wearing apparel using softwares|draw sketches with softwares to develop textile articles|sketch textile articles using softwares|sketch textiles or wearing apparel using softwares|use softwares to draw and develop textile articles|use softwares to draw and develop textiles or wearing apparel
http://data.europa.eu/esco/skill/ce2dcc4b-d0a4-4aa4-b84a-a08da3c31d7d,explain distributed ledger technologies principles,explain distributed ledger technologies properties
http://data.europa.eu/esco/skill/ce592b28-4467-4908-b2e6-64bbe18da631,perform copywriting,complete copywriting|copywriting performance|implement copywriting|perform copy writing|performing copywriting|undertake copywriting
http://data.europa.eu/esco/skill/d15e92c4-c8dc-48cd-a1f6-94fe13347f87,electrical wiring plans,an electrical wiring plan|electrical wiring blueprints|electrical wiring diagrams|electrical wiring maps|electrical wiring plan|electrical wiring planning|electrical wiring schemes
http://data.europa.eu/esco/skill/d15f8745-28f8-4abf-a7b6-6cb8a304efd2,tolerate stress,abide stress|endure stress|permit stress|stress tolerance|stress toleration|tolerating stress
http://data.europa.eu/esco/skill/d1ed5b3a-cab5-4c5d-baf8-0214998b58fb,protect health and well-being while using digital technologies,assure health and well-being while using digital technologies|ensure compliance with health and well-being practices while using digital technologies|ensure health and well-being protection while using digital technologies|safeguard health and well-being while using digital technologies|secure health and well-being while using digital technologies
http://data.europa.eu/esco/skill/d1f73ae9-d348-4aac-b5d5-9b6d508401d3,resource-efficient technologies,resource efficiency
http://data.europa.eu/esco/skill/d1fa702c-9ea8-4a60-bb76-5ca07c32b68c,supervise video quality,oversee video quality|supervise audio and video editing quality|supervise quality of video
http://data.europa.eu/esco/skill/d2309723-3472-46d2-865a-db81db2269b6,recognise blockchain risks,identify risks in blockchain technology|predict risks in blockchain technology
http://data.europa.eu/esco/skill/d3e36164-79aa-4f14-9a8c-d88d38f84ea0,interpret automatic call distribution data,automatic call distribution data interpretation|clarify automatic call distribution data|decipher automatic call distribution data|explain automatic call distribution data|interpret automatic calls distribution data|interpreting automatic call distribution data|solve automatic call distribution data
http://data.europa.eu/esco/skill/d494454c-7317-430a-9346-0d55a667c6d1,write reports on neurological tests,provide written reports on neurological tests|provide written results of neurological tests|write a report on a neurological test|write a report on neurological tests|write neurological test reports
http://data.europa.eu/esco/skill/d5493cca-ee21-4e43-8bcd-ec38680746cc,execute marketing plan,achieve marketing plan|carry out marketing plan|enact marketing plan|execute a marketing plan|executing a marketing plan|marketing plan execution|undertake marketing plan
http://data.europa.eu/esco/skill/d58a48d1-5b7f-4028-ae11-b051d13ee1a8,analyse staff capacity,analysing staff capacity|analysis of staff capacity|analyze staff capacity|investigate staff capacity|scrutinise staff capacity|search staff capacity|test staff capacity
http://data.europa.eu/esco/skill/d5b63f98-28ce-4cbb-b075-6ac539a685b0,common aviation safety regulations,common aviation safety legislation|common civil aviation safety regulations|common international civil aviation safety regulations|common safety legislation in aviation|common safety regulations in aviation|prevailing aviation safety directives|prevailing safety regulations in civil aviation|regulations governing safety in international civil aviation|standard aviation safety regulations|standard regulations in aviation safety
http://data.europa.eu/esco/skill/d686f015-5568-4288-9135-74936cd7b655,blockchain-based business models,models for blockchain-based business
http://data.europa.eu/esco/skill/d84326c9-a3d3-4e22-a6a1-1ad42a356f10,sustainability consulting,sustainability consulting services
http://data.europa.eu/esco/skill/d91cbd56-31d1-4a0d-a3dc-bb5c7e4eccd0,practise camera movements,practice camera movements|practise camera movement|practising camera movements|rehearse camera movements|repeat camera movements|review camera movements
http://data.europa.eu/esco/skill/dade132a-487b-40fb-9d8e-f20ce5e6c076,develop design concept,create design concept|develop design concepts|developing design concept|generate design concept|produce design concept
http://data.europa.eu/esco/skill/deb3c1bc-d48a-42e6-b0cc-cb238534ec28,apply knowledge of social sciences and humanities,demonstrate interest in politics|demonstrate knowledge of European history|demonstrate social knowledge|understand the role of social movements in society
http://data.europa.eu/esco/skill/e06ec50c-68f9-470f-8dc2-7488109c2dfd,analyse gambling data,analyse betting data|analyse data on gambles|analyse data on gambling|analyse lottery data|analyze gambling data
http://data.europa.eu/esco/skill/e3890b55-54a7-45a5-9aee-f764fcc54230,participate in music studio recordings,be involved in music studio recordings|studying craft trends|take part in music studio recordings
http://data.europa.eu/esco/skill/e439742d-558d-4f52-885e-afdc740b48cf,"browse, search and filter data, information and digital content","search, browse, and filter information and digital content"
http://data.europa.eu/esco/skill/e464363b-8346-421d-9035-52118b76d8c8,computational biology,biological computing
http://data.europa.eu/esco/skill/e487f6f8-854d-4210-9658-4196f07cc209,repair electronic components,electronic component mending|electronic component repair|electronic component repairs|mend electronic components|mending electronic components|mending of electronic components|repair of electronic components|repairing electronic components
http://data.europa.eu/esco/skill/e76dd90d-91c4-49c0-bfd0-dfa2c4c90c81,interpret electronic design specifications,analyse electronic design specifications|analyse electronic product design specifications|interpret electronic product design specifications|understand electronic design specifications|understand electronic product design specifications
http://data.europa.eu/esco/skill/e79a3803-dd53-46b0-906b-13e6d46ef687,quantum computing,quantum computing methods
http://data.europa.eu/esco/skill/e8d9ce55-7bc3-4f09-8412-0a393d4b5b96,compose description for web elements,create content for web elements|write description for web elements
http://data.europa.eu/esco/skill/e9ea388a-5e61-451b-aac9-f9080def9374,work with an artistic team,collaborate with artistic team|cooperate with artistic team|team up with artistic team|work with artistic teams|working with artistic team
http://data.europa.eu/esco/skill/ec7ec825-4d6d-4cd1-9993-a96c479e049e,maintain vehicle electrical equipment,carry out maintenance activities on vehicle electrical systems|carry out maintenance activities on vehicle electronic and electrical systems|carry out vehicle electrical system maintenance|maintain electronic and electrical equipment of vehicles|maintain the electrical and electronic equipment of vehicles|maintain the electrical equipment of vehicles|maintain vehicle electrical and electronic equipment|maintain vehicle electronic and electrical equipment|maintain vehicle electronic equipment|perform maintenance on electrical systems used in vehicles|perform maintenance on vehicle electrical equipment|undertake vehicle electrical systems maintenance
http://data.europa.eu/esco/skill/ecc4552a-92c5-4222-b18d-faf5ac841080,deep learning,deep learning methods|deep learning principles|deep neural networking
http://data.europa.eu/esco/skill/ecea634c-1622-47c6-a394-253d868d62e7,work with the lighting crew,co-operate with the lighting crew|collaborate with the lighting crew|cooperate with the lighting crew|work with the lighting crews|working with the lighting crew
http://data.europa.eu/esco/skill/eda8a126-08bf-4fb1-8442-fa9febabb75f,psychological theories,development of psychological theories|development of psychological theory|historical development of psychological theories|historical development of psychological theory|psychological theory
http://data.europa.eu/esco/skill/ee1417ac-4e9a-4102-b89a-528ab4ffba13,analog electronics theory,analog electronic circuits theory|analog electronics basics|analog electronics principles|analog electronics theoretical framework|analogue circuits theory
http://data.europa.eu/esco/skill/ee46e1d3-a52c-4113-aab9-38dbc907085d,distributed ledger technologies consensus protocols,consensus protocols of distributed ledger technologies
http://data.europa.eu/esco/skill/eff1bb34-b454-4482-8c29-65f820619f3c,insourcing strategy,insourcing planning strategy
http://data.europa.eu/esco/skill/f120ad8f-dab4-4fa5-bbd8-b031d60cbfbf,manage zoo staff,manage zoo staff work|manage zoo team|manage zoo team work|organise zoo staff|organise zoo team|organize zoo staff|organize zoo team
http://data.europa.eu/esco/skill/f22dd07b-cb0f-4b18-ba54-d922dfaa8c14,use CAD for lasts,operate CAD software for footwear lasts|operate CAD software for lasts|operate CAD software for lasts in the footwear industry|use CAD for footwear lasts|use CAD for lasts in the footwear industry|use CAD software for lasts|use computer-aided design for lasts
http://data.europa.eu/esco/skill/f263da7f-0708-42c2-b1a9-39083416f632,communicate analytical insights,communicate analytical findings|communicate analytical observations|impart analytical findings|impart analytical insights|impart analytical observations|improve supply chain operations and planning by sharing insights from analytical activities|improve supply chain operations and planning by sharing observations from analytical activities|share findings derived from analysis|share insights derived from analysis|share observations derived from analysis
http://data.europa.eu/esco/skill/f2c26cd0-f823-4549-a418-f84d23131308,THC Hydra,Hydra|Hydra parallelized network login tool
http://data.europa.eu/esco/skill/f30a7ea4-77dd-452c-8a2d-b06c12606a7f,operate soldering equipment,handle bonding and welding equipment|handle soldering equipment|run bonding and welding equipment|run soldering equipment|use bonding and welding equipment|use soldering equipment|utilise bonding and welding equipment|utilise soldering equipment
http://data.europa.eu/esco/skill/f37e7d5e-fe95-4662-98d4-9f64675532e9,interpret floor plans,clarify floor plans|decipher floor plans|explain floor plans|floor plan interpretation|interpret a floor plan|interpreting floor plans|solve floor plans
http://data.europa.eu/esco/skill/f3ff2fee-879c-4112-9002-d2df984fcbb0,ensure visual quality of the set,ensure visual quality of the sets|ensuring visual quality of the set|guarantee visual quality of the set|make sure of visual quality of the set
http://data.europa.eu/esco/skill/f5bf985b-ac78-4d23-881a-18a359234528,corporate sustainability,corporate sustainability strategies
http://data.europa.eu/esco/skill/f6f66b89-248b-438c-a3ce-196edcb3397c,manage air navigation services,administer air navigation services|carry out management activities in air navigation services|conduct air navigation services management|direct air navigation services|execute management activities in air navigation services|manage services in air navigation|oversee air navigation services|perform air navigation services management
http://data.europa.eu/esco/skill/fa3e5cec-703e-4d46-b3bb-e8a89540ab54,manage digital archives,maintain digital archives|manage digital archive|managing digital archives|oversee digital archives
http://data.europa.eu/esco/skill/fbf53f87-9192-4a7f-b3c9-92a8c395c719,EU law,EU legislation|European Union law|community law
http://data.europa.eu/esco/skill/fc94266b-322d-4f1d-87a0-03f999e72344,blockchain mining principles,principles of mining in blockchain
http://data.europa.eu/esco/skill/fca6acfc-5e1d-44a9-9984-c581b246d367,plan shots,arrange shots|coordinate shots|organise shots|plan shot|planning shot|position shots
http://data.europa.eu/esco/skill/fcc0a1c8-d36e-4f8e-b928-00d5bca10a47,develop design ideas cooperatively,develop cooperatively design ideas|develop ideas for design cooperatively|share and develop design ideas|share and develop design ideas with others
http://data.europa.eu/esco/skill/fdf15b35-9028-4acb-bfd2-43f00a015cd9,use personal organization software,AceProject|Any.DO|Art Plus ePix Wallpaper Calendar|ChronForce|Clarizen|Empire Suite Software|Emplotime|FreshBooks|Harvest|Im Time Calendar|Interactive Calendar|Mavenlink|Mozilla Sunbird|OmniFocus|Osmo Calendar|Outlook Time|Rainlendar Lite|TaskTome|TickTick|TimeDoctor|Todoist|Toggl|ToodleDo|TrackerSuite.Net|Trello|VueMinder Calendar Lite|WorkStraight|Wunderlist|Yahoo! Calendar|Zoho Calendar|Zoho Projects|able to use using personal organization software|apply personal organization software|hiTask|iPlan|make use of personal organization software|pmProjectTeam|time@work|use digital calendar|use digital time tracking|use digital to-do list|use software for personal organisation|use software for personal organization|using personal organisation software|utilise personal organization software
http://data.europa.eu/esco/skill/0207f83d-a1e4-4b47-b80c-84d41257791f,analyse the artistic concept based on stage actions,analyse artistic concept stage action|analyse the artistic concept based on actions on stage|analyse the artistic concept of a performance during rehearsals|analyze the artistic concept based on stage actions|examine a performance's artistic concept according to stage movements
http://data.europa.eu/esco/skill/024037ca-96a9-4cb8-ba86-2cd5a209c90a,Maltego,Maltego Forensics|Maltego cybersecurity tool|Maltego digital Forensics tool
http://data.europa.eu/esco/skill/0256f6b0-f4a9-4c5e-9cfd-96d58a2a70fe,operate radio equipment,facilitate use of radio devices|facilitate use of radio equipment|operate radio devices|oversee the use of radio devices|oversee the use of radio equipment|set up and maintain radio devices|set up and maintain radio equipment|use radio devices|use radio equipment|utilise radio devices|utilise radio equipment
http://data.europa.eu/esco/skill/08fd2839-670c-4f16-8024-97437f2035ab,plan marketing strategy,arrange marketing strategy|design marketing strategy|organise marketing strategy|plan a marketing strategy|plan marketing strategies|planning a marketing strategy|project marketing strategy
http://data.europa.eu/esco/skill/097c6a36-f031-4d3e-b5c1-62d6ffcb430b,respect data protection principles,comply with data protection regulations|follow data protection principles|respect principles for data protection|respect protection of data principles
http://data.europa.eu/esco/skill/09cf2c34-6f93-4a19-a9f1-c0d866414bcc,Cain and Abel (penetration testing tool),Cain and Abel|Cain and Abel password recovery tool|Cain and Abel penetration testing software|Cain and Abel penetration testing tool|Cain and Abel software for penetration testing
http://data.europa.eu/esco/skill/0c8f1351-d1fe-4542-89fe-b70729679c52,manage consumables stock,keep watch on consumables stock|manage stocks of consumables|managing consumables stock|oversee consumables stock
http://data.europa.eu/esco/skill/0e8d16c9-e2db-4862-ac06-1567f01ef806,building systems monitoring technology,HVAC systems|M&E systems|building M&E systems|building monitoring systems|building monitoring technology systems|lighting systems|systems of building monitoring technology
http://data.europa.eu/esco/skill/0f9958d2-f700-4f62-b90b-a5873cb5ae4c,systems thinking,integrate thinking|integrated thinking|integration of thinking|system thinking|systems thought
http://data.europa.eu/esco/skill/114a5cda-0ef1-4065-a064-755260aaa77e,perform forensic examinations,carry out forensic examinations|carry out forensic investigations|complete forensic examinations|complete forensic investigations|undertake forensic examinations|undertake forensic investigations
http://data.europa.eu/esco/skill/12154830-df49-42d6-95b3-6f83f29733d5,work with motion picture editing team,co-operate with the motion picture editing team|collaborate with the motion picture editing team|cooperate with the motion picture editing team|work with the motion picture editing teams|working with the motion picture editing team
http://data.europa.eu/esco/skill/12274664-b642-4945-b88f-d7787dc3c9dd,design interaction model,design skills for interaction model|design virtual assistant skills|develop interaction model
http://data.europa.eu/esco/skill/1423df2a-8d84-4c70-874b-2762eda88694,communicate in air traffic services,carry out effective air traffic communication procedures|communicate with air traffic control|ensure effective communication in ATS|ensure effective communication in air traffic services|ensure efficient communication exchange in ATS|ensure efficient communication exchange in air traffic services|ensure efficient communication in ATS|ensure efficient communication in air traffic services|facilitate effective communication in air traffic services|facilitate efficient communication in air traffic control|implement effective air traffic control communication exchange procedures|implement efficient air traffic service communication procedures
http://data.europa.eu/esco/skill/15b43942-baaa-4014-9766-e26d5954ccb0,operate the sound in the rehearsal studio,control sound system|control sound system for rehearsals|control the sound in the rehearsal studio|operate sound|operate sound system|operate sound system for rehearsals
http://data.europa.eu/esco/skill/19aa10ee-35fb-4ba1-b8dc-51525c090ccc,analyse data for policy decisions in trade,analyse data for a policy decision in trade|analysing data for policy decisions in trade|analysis of data for policy decisions in trade|analyze data for policy decisions in trade|investigate data for policy decisions in trade|scrutinise data for policy decisions in trade|search data for policy decisions in trade|test data for policy decisions in trade
http://data.europa.eu/esco/skill/1c00bc98-2713-4c62-82c5-6d86f2e6a4cb,principles of animation,body motion animation principles|body motion animation techniques|body motion technique|character animation|kinematics
http://data.europa.eu/esco/skill/1ce4cddd-4a74-458e-a2d4-152ca939475a,OWASP ZAP,OWASP Zed|OWASP Zed Attack Proxy
http://data.europa.eu/esco/skill/1d6ad7ed-a600-4bd4-8ae0-7bfc6625f480,work with the camera crew,co-operate with the camera crew|collaborate with the camera crew|cooperate with the camera crew|work with the camera crews|working with the camera crew
http://data.europa.eu/esco/skill/1dabb413-18e8-48ed-a963-44978e67ad32,calculate probabilities,estimate the probability of an outcome or fact|make estimations|work with probabilities
http://data.europa.eu/esco/skill/1e3e7f8b-6416-43ed-af07-a1fb71c5e292,develop musical ideas,develop ideas for music|developing musical ideas|generate musical ideas|invent musical ideas|produce musical ideas
http://data.europa.eu/esco/skill/1fb4bebb-8487-4715-bf9a-0a5e4afe68a4,plan artistic production activities,plan activities for artistic production|plan artistic activities for production|plan production activities|schedule artistic production activities
http://data.europa.eu/esco/skill/22c45bf7-e52b-475f-847b-c32a87f65a5d,circular economy,resource-efficient economy
http://data.europa.eu/esco/skill/25a713ba-cbc0-4388-80ca-dad1b7629533,manage railway construction projects,conduct railway development project management|execute railway development project management|manage rail construction projects|manage railway building projects|manage railway development projects|oversee rail construction projects|oversee railway building projects|oversee railway construction projects|oversee railway development projects|perform railway construction project management|project manage railway building initiatives|project manage railway construction initiatives
http://data.europa.eu/esco/skill/26baf34d-6721-4bac-b7eb-add0bc566a82,attend to detail in preparation for audits,assure continuous preparedness for audits|ensure continuous preparation for audits|ensure continuous preparedness for an audit|ensure continuous preparedness for audits|establish continuous preparedness for audits|maintain continuous preparedness for audits|secure continuous preparedness for audits
http://data.europa.eu/esco/skill/2c5cbddf-3393-452f-abb0-8e734d1b61be,plan future capacity requirements,anticipate future requirements for company capacity|determine future capacity requirements|determine future requirements for company capacity|develop capacity requirements business plan|develop plans for future capacity requirements|make projections for future capacity requirements|prepare for future capacity requirements|project future capacity requirements
http://data.europa.eu/esco/skill/2dd12172-745c-4c72-a23d-f60ddf832bf6,provide information on facility's services,distribute information on facility's services|give information on facility's services|provide information on facility services|provide information on facility's service|supply information on facility's services
http://data.europa.eu/esco/skill/38d49d88-9069-467b-b29e-3cae739bdd4d,build predictive models,assemble predictive models|build a predictive model|building a predictive model|building predictive models|construct predictive models|devise predictive models|produce predictive models
http://data.europa.eu/esco/skill/398b4b25-fb61-4003-9293-50914d8bfcba,run a media server,carry out planned installation of media system|operate a media server|run a server for the media|running media servers
http://data.europa.eu/esco/skill/3a09d732-08b9-4c90-8fd3-34e2d69ce084,explain blockchain implications,analyse the implications of blockchain for governance|explain practical implications of blockchain
http://data.europa.eu/esco/skill/3a2d5b45-56e4-4f5a-a55a-4a4a65afdc43,machine learning,ML|machine learning models|semi-supervised learning|supervised learning|unsupervised learning
http://data.europa.eu/esco/skill/3be79ccc-a455-49b9-8c65-55c50071ba5b,distributed ledger technology,principles of distributed ledger technology
http://data.europa.eu/esco/skill/3c6fe585-7d12-4315-b579-e30c042088ce,use computer-aided engineering systems,apply computer-aided engineering systems|deal with CAE systems|employ CAE systems|operate computer-aided engineering systems|use CAE systems|use a CAE system|use a computer-aided engineering system|utilise computer-aided engineering systems|work with CAE systems
http://data.europa.eu/esco/skill/41437077-2522-49bf-bcb2-083a23d52958,inform on workplace safety standards,communicate safety standards raise awareness of safety standards|draw attention to safety standards|inform on safety standards|informing on safety standards|pass along safety standards|safety standards informing|share safety standards
http://data.europa.eu/esco/skill/41be77d3-d683-4221-a0e4-fff732212402,monitor quality of broadcasts,manage quality of broadcasts|monitor quality of broadcast|monitoring quality of broadcasts|oversee quality of broadcasts|supervise quality of broadcasts
http://data.europa.eu/esco/skill/440d7494-3d79-4e1f-83ba-b346e116b471,operate video equipment,conduct video equipment|operating video equipment|perform video equipment|undertake use of video equipment|video equipment operation|work video equipment
http://data.europa.eu/esco/skill/446d29ed-9eaa-4798-bb91-5f196651ad0a,create game testing software,create software for game testing|create software to test games|design testing software for games|develop game testing software
http://data.europa.eu/esco/skill/4754d9fe-dc3a-4f8f-8ea6-5dbcea3a21ca,develop computer vision system,develop OCR|develop motion capture software
http://data.europa.eu/esco/skill/479944ef-8d2c-4279-b3d1-2b85c761fb30,manage radiology information system,develop and maintain radiology information system|handle radiology information system|manage and distribute radiological images and data|manage radiology information systems|manage radiology-information system
http://data.europa.eu/esco/skill/4bd3cd7d-b061-4cc2-ba8d-3262065ebbf0,prepare sound equipment on stage,connect sound system on stage|fit up and rig sound on stage|fit up sound on stage|fit up stage sound|fitting sound on stage
http://data.europa.eu/esco/skill/4ce06d6b-f3df-40b6-b950-570be5008032,analyse scanned data of the body,analyse 3D scanner body data|analyse 3D scanner data of the body|analyse scanned body data|analyze scanned data of the body|examine and use scanned body data|examine and use scanned data of the body|examine scanned body data|examine scanned data of the body|use 3D scanned data for computer-aided visualisation|use 3D scanned data for computer-aided visualization
http://data.europa.eu/esco/skill/4d86a331-4efc-4c2f-bd94-0ebeda54d013,rewrite musical scores,change musical arrangements|change orchestrations|change rhythm or instrumentation of musical scores|rewrite musical arrangements|rewrite musical compositions|rewrite orchestrations
http://data.europa.eu/esco/skill/4f1afd9d-77a7-40f8-a3c7-fe18b984ce43,telecommunication trunking,telecom trunking architecture|telecommunication trunking method
http://data.europa.eu/esco/skill/4f5ccaad-0e4f-4e9f-8246-47765564387d,upgrade firmware,update basic software in devices|update basic software in embedded systems|update basic software in network components|update firmware|update integrated software|update software embedded in devices|update software embedded in network components
http://data.europa.eu/esco/skill/50597e96-9b6a-4736-ac79-dd80f36c0269,Metasploit,Metasploit penetration testing tool
http://data.europa.eu/esco/skill/50cc917d-72b0-4eda-8114-79569308f82a,ensure data protection in aviation operations,ensure aviation data protection|ensure data protection contained in SDCP|ensure data protection contained in Safety Data Collection and Processing|ensure data protection in aviation|ensure protection of data in aviation operations|ensure sensitive data is used only for aviation safety purposes|ensure sensitive information is used only for aviation safety purposes|ensure the protection of data in aviation operations|ensure the protection of sensitive data in aviation operations|protect sensitive data used in aviation operations|protect sensitive information used in aviation operations
http://data.europa.eu/esco/skill/52797dce-911c-4e6d-b0cb-491f6469014f,install electrical and electronic equipment,build electric and digital components and systems|build electrical and electronic equipment|construct electric and digital components and systems|construct electrical and electronic equipment|institute electric and digital components and systems|institute electrical and electronic equipment|introduce electric and digital components and systems|introduce electrical and electronic equipment
http://data.europa.eu/esco/skill/54924a2c-daca-40d3-9716-4b38ceb04f38,algorithms,algorithm|algorithmic|formulae|formulas
http://data.europa.eu/esco/skill/5acf6408-e084-4202-9442-ffcf0119811c,security threats,cyber/digital/IT/ICT security dangers|cyber/digital/IT/ICT security risks|cyber/digital/IT/ICT security threats|physical security dangers|physical security hazards|physical security risks|physical security threats|security dangers|security hazards|security risks|security threat|threats to cyber/digital/IT/ICT security|threats to physical security|threats to security
http://data.europa.eu/esco/skill/5b26f08b-88bc-45f0-b901-530d7786466b,scientific computing,computational science|scientific computation
http://data.europa.eu/esco/skill/5b776f2d-cac1-437e-badd-9871876209a5,develop geological databases,create geological databases|creating geological databases|creating of geological databases|creation of geological databases|developing geological databases|developing of geological databases|development of geological databases|geological database creation|geological database development
http://data.europa.eu/esco/skill/5bdb8e03-04ab-4869-a48f-3b013b5a2c3c,organise compositions,arrange compositions|create compositions|develop compositions|organise composition|organising compositions|organize compositions|write compositions
http://data.europa.eu/esco/skill/5c48050b-c4ca-467e-a4d3-9547bf362a17,synchronise with mouth movements,coordinate with mouth movements|match with mouth movements|synchronise with mouth movement|synchronise with movements of the mouth|synchronising with mouth movements|synchronize with mouth movements
http://data.europa.eu/esco/skill/61c567d0-e01c-4f5c-9420-5926298f5099,select recording source,choose recording source|pick recording source|select recording sources|selecting recording source
http://data.europa.eu/esco/skill/625b57ee-29d4-425b-bf99-9fd54dd021fe,Kali Linux,Kali Docs|Kali Linux distribution|Kali NetHunter|Kali Tools|Kali penetration testing tool
http://data.europa.eu/esco/skill/646d871b-4503-4dc8-a076-06d7085e4cde,promote human rights,advocate for human rights|promote human right laws
http://data.europa.eu/esco/skill/65030093-f22d-486e-a978-ae7825829af1,work with the director of photography,co-operate with the director of photography|collaborate with the director of photography|cooperate with the director of photography|work with the directors of photography|working with the director of photography
http://data.europa.eu/esco/skill/68174d5f-1646-42e2-b765-6a66cd1e59ae,adjust video transmissions,adapt video transmissions|adjust video transmission|adjusting video transmissions|alter video transmissions|modify video transmissions
http://data.europa.eu/esco/skill/684927a3-1d71-4b87-abb4-db204bb87086,film music techniques,film music effects|film music effects and techniques|music effects for films|techniques for film music|techniques of film music
http://data.europa.eu/esco/skill/68b6ef08-d823-489d-a95c-752ae6f6e6a7,read standard blueprints,comprehend information presented in standard blueprints|comprehend standard blueprints|extract information from blueprints|extract information from standard blueprints|interpret standard blueprints|make sense of standard blueprints|understand information presented in standard blueprints|understand standard blueprints
http://data.europa.eu/esco/skill/694dc996-52f3-4afa-a802-672e19f061b7,crowdsourcing strategy,crowdsourcing plans
http://data.europa.eu/esco/skill/697dcc9f-ae92-4506-b5f2-e770d7589f74,utilise regular expressions,create regular expression queries|query data with regular expressions|query with regular expressions|use regular expressions|utilize regular expressions
http://data.europa.eu/esco/skill/6ad40ca3-dc34-4442-b23f-0b1b28936f56,maintain responsive design,ensure responsive design of website
http://data.europa.eu/esco/skill/6c870993-9341-438b-91c0-c7fe4f96d8f5,apply strategic thinking,apply strategic thinking techniques|apply techniques for strategic thinking|move strategically|think strategically
http://data.europa.eu/esco/skill/6d97bf55-6fb6-4795-8282-3ef915ae0bb8,prospect new customers,find new customers|identify new customers|look for new customers|prospect a new customer|prospecting a new customer|prospecting new customers|seek new customers
http://data.europa.eu/esco/skill/6dc2dfac-3e21-44dd-a71c-9a1c8fe2514c,make independent operating decisions,independent making of decisions|independent operating decision making|independently make decisions|make decisions independently|make operating decisions independently|making decisions independently|making independent operating decisions|making of independent operating decisions|making of operating decisions independently|making operating decisions independently
http://data.europa.eu/esco/skill/6e53fd99-b646-4327-9580-ac062ab21188,3D lighting,
http://data.europa.eu/esco/skill/6f8baa62-bc2b-4cc1-942b-f540c837cfa2,outsourcing strategy,outsourcing and partner management strategy|outsourcing management strategy|outsourcing policies and procedures
http://data.europa.eu/esco/skill/70de94f5-9575-4edd-bca7-c797b023b9d6,Oracle WebLogic,Oracle WebLogic Server
http://data.europa.eu/esco/skill/7234e847-451d-499a-9c7b-0050a4e758d6,utilise content types,use MIME types and subtypes|use content types|use multipurpose internet mail extensions types|utilize MIME types and subtypes|utilize multipurpose internet mail extensions types
http://data.europa.eu/esco/skill/7287dff1-7420-4d24-939a-5f4eb15b752b,consult information sources,check information sources|confirm with information sources|consult information source|consulting information sources|verify with information sources
http://data.europa.eu/esco/skill/772a9c72-abef-4333-9788-f4cb48ad8e08,identify software for warehouse management,determine software for warehouse management|discover warehouse management software|identify applications for warehouse management|identify software applications for warehouse management|recognize software for warehouse management
http://data.europa.eu/esco/skill/7a34b3d9-bd3b-4f4e-a0f6-f97439901cb7,apply scientific methods,administer scientific methods|apply a scientific method|apply scientific methodology|employ scientific methods|implement scientific methods|utilise scientific methods
http://data.europa.eu/esco/skill/7a66b8a3-502f-408e-ac69-46e72dec6ede,deal with pressure from unexpected circumstances,cope with unexpected circumstances|cope with unexpected contingencies|cope with unexpected events|dealing with pressure from unexpected circumstances|respond positively to unexpected circumstances|respond positively to unexpected contingencies|respond positively to unexpected events
http://data.europa.eu/esco/skill/7add3681-17b6-4027-8a9d-ee92d2b96a42,manage workflow processes,direct workflow processes|manage workflow process|managing workflow processes|oversee workflow processes|run workflow processes|supervise workflow processes
http://data.europa.eu/esco/skill/7b5cce4d-c7fe-4119-b48f-70aa05391787,computer science,informatics|informatics studies
http://data.europa.eu/esco/skill/7d5ff73e-7bea-436d-974f-3a51ce24a138,develop virtual game engine,create game development framework
http://data.europa.eu/esco/skill/7e1fe870-945c-4532-bf59-e94caf54b6f8,collaborate with music librarians,collaborate together with music librarians|collaborate with a librarian of music|communicate with music librarians|work with librarians
http://data.europa.eu/esco/skill/82312096-4df8-49ce-9cdd-a6e08af56b45,evaluate information services using metrics,assess information services using metrics|evaluate information service using metrics|evaluating information services using metrics|gauge information services using metrics|rate information services using metrics|using metrics to evaluate information services
http://data.europa.eu/esco/skill/852d758c-f222-4edc-99ad-31c9e3bd8079,provide operational efficiency training to employees,conduct operational efficiency training activities|deliver operational efficiency training to employees|deliver operational efficiency training to staff|increase efficiency of operations through training employees|increase operational efficiency through training employees|provide employees with operational efficiency training|provide operational efficiency training to staff|provide training in operational efficiency to employees|train employees to increase their operational efficiency|train staff to increase their operational efficiency
http://data.europa.eu/esco/skill/8764d4b1-e069-44f2-8baa-fb1eee1850ec,Oracle Application Development Framework,Oracle ADF
http://data.europa.eu/esco/skill/87de6e49-ca1c-42a4-8751-5ff0b991966b,negotiate with stakeholders,agree terms with stakeholders|collaborate with stakeholders|compromise with stakeholders|cooperate in agreement with stakeholders|negotiate with a stakeholders
http://data.europa.eu/esco/skill/896a5e0c-7ac9-4e59-a9bf-17fdca6b1c37,promote the principles of democracy and rule of law,confront discriminations|demonstrate an understanding of European common values|fight discrimination|implement equality policies|mainstream gender|promote a culture of piece and non violence|support democracy|support gender equality|support gender mainstreaming
http://data.europa.eu/esco/skill/89ff28d6-342c-435d-83aa-83e71dbbbc96,conduct financial audits,carry out financial audits|conduct a financial audit|conducting a financial audit|conducting financial audits|manage financial audits|organise financial audits|undertake financial audits
http://data.europa.eu/esco/skill/8a30eb28-eca0-4ab6-8c05-32c47d3e0dd6,BlackArch,BlackArch testing tool
http://data.europa.eu/esco/skill/8b0f73ff-d36b-4196-bb83-464c3a6ef07d,game theory,conflict resolution theory|game theory for blockchain|interactive decision theory|rational choice theory
http://data.europa.eu/esco/skill/8c8d0196-4acd-4217-89cb-abaf96845b14,analyse the need for technical resources,analyse technical resources need|analysing the need for technical resources|analyze the need for technical resources|evaluate the need for technical resources|examine the need for technical resources|investigate the need for technical resources
http://data.europa.eu/esco/skill/8d202e22-85e9-47b1-a1e0-3296d17244cd,observe confidentiality,look at confidentiality|look at covert actions|oversee confidentiality|oversee covert actions|view confidentiality|view covert actions
http://data.europa.eu/esco/skill/8fa510d0-a8a6-4932-a361-00f8442cfe23,Wireshark,Wireshark tool
http://data.europa.eu/esco/skill/94579fbb-0485-48d4-b97e-ca85e15691d3,develop programming schedule,develop programming schedules|developing programming schedule|draft programming schedule|establish programming schedule|set programming schedule|write programming schedule
http://data.europa.eu/esco/skill/96550830-539b-4746-96aa-92aa4959945d,apply risk management processes,adopt processes of risk management|adopt risk management processes|adopting processes of risk management|adopting risk management processes|apply processes of risk management|applying processes of risk management|applying risk management processes|risk management processes adopting|risk management processes applying
http://data.europa.eu/esco/skill/9710092c-f174-4e84-95bf-2064d39ad7a0,manage content metadata,manage content|manage metadata
http://data.europa.eu/esco/skill/98a1dec3-8138-4f46-a596-5e2a83b884b9,business analytics,business data analytics
http://data.europa.eu/esco/skill/9bafaea2-76cd-4532-ab77-8b3d21fa6235,coordinate remote communications,coordinate GSM digital radio network|coordinate LTE digital radio network|coordinate network communications|coordinate radio communications|coordinating of remote communications|coordinating remote communications|coordination of remote communications|manage network communications|manage radio communications|manage radio networks|managing radio networks|remote communications coordination
http://data.europa.eu/esco/skill/9d2f77af-4307-4ac5-bc50-a9980cec7e83,develop reporting software,create reporting software|design reporting software
http://data.europa.eu/esco/skill/9effa3d7-c0c4-4583-ad94-b496ba5e5f2c,data mining methods,a data mining method|data mining approaches|data mining arrangements|data mining mechanisms|data mining methodology|data mining processes|methods of data mining
http://data.europa.eu/esco/skill/a04c2655-5996-4744-bca2-4f4c8b3e4667,promote yourself,advertise yourself|market yourself as a freelancer|market yourself effectively|promote one's own skills and knowledge|promote oneself|promote yourself|self promotion
http://data.europa.eu/esco/skill/a1eef0f4-133f-464a-a8f1-68fe3e8cc1b4,healthcare analytics,health care analytics|health care data analytics|health data analytics|healthcare data analytics
http://data.europa.eu/esco/skill/a50c6a0a-5171-4be6-aa2b-50fe4d025d45,create 3D CAD footwear prototypes,create 3D digital footwear prototypes|create 3D footwear prototypes with CAD software|create 3D footwear prototypes with computer-aided design software|design 3D digital footwear prototypes|design 3D footwear prototypes with computer-aided designing|elaborate 3D CAD footwear prototypes|elaborate 3D digital footwear prototypes
http://data.europa.eu/esco/skill/a5b0cd5c-e13a-4ab3-8d93-4d242adcfb01,teamwork principles,teamwork approaches|teamwork concepts|teamwork methods|teamwork principle
http://data.europa.eu/esco/skill/a89a94fb-c417-49b4-a9a9-9a22e0f12697,manage data for legal matters,collect data for legal matters|organise data for legal analysis|prepare data for legal processes
http://data.europa.eu/esco/skill/a8b3957f-08b4-4a76-927d-0b2e3d0dbd39,synthesise research publications,synthesize research publications|write research publications
http://data.europa.eu/esco/skill/af313ba1-a39e-49ac-99ec-94630fbe4f7f,develop code exploits,develop software exploits
http://data.europa.eu/esco/skill/afd63e8c-a4e7-42d3-86c9-3b2dd549a353,Parrot Security OS,OS - Parrot Security
http://data.europa.eu/esco/skill/afda6ca0-7aa8-41ef-ba5e-8dc607839daf,computer graphics,interactive computer graphics|vector graphics
http://data.europa.eu/esco/skill/b080a008-a35d-4bd0-92e9-edf3773bb2b7,use communication and collaboration software,communicate in digital environments|communicate on-line|interact through ICT|use e-mail software and services|communicate online
http://data.europa.eu/esco/skill/b216d9a2-7d4e-4312-8d05-e375f4ab44d8,ensure cross-department cooperation,build effective cross-group cooperation|communicate effectively across teams|ensure cooperation cross-department|ensure cross-departmental cooperation
http://data.europa.eu/esco/skill/b36176ec-3499-4235-a15c-cb485a386dc6,assemble video tape footage,assemble footage on video tape|assemble raw footage on video tape|assemble video footage on tape|mount footage on tape
http://data.europa.eu/esco/skill/b422efe7-b151-4120-86ae-db11a48dd0fa,advise on environmental remediation,advising about environmental remediation|advising on environmental remediation|environmental remediation advice giving|environmental remediation advising|give environmental remediation advice|giving environmental remediation advice
http://data.europa.eu/esco/skill/b618584f-6bdf-4d8f-89a7-f28c2c95afc2,comply with regulations,adhere to legislation or policies|comply with legislative provisions|follow directions and procedures|work in a thoughtful manner
http://data.europa.eu/esco/skill/b74fd765-e1ae-4f56-a188-45cd782bca01,assess reliability of data,assess data reliability|assessing reliability of data|determine reliability of data|estimate reliability of data|evaluate reliability of data
http://data.europa.eu/esco/skill/b7b381f5-7de2-4f91-9a8f-524041cb47d9,instrumentation engineering,control engineering|discipline control engineering|discipline of instrumentation engineering|science of control engineering|science of instrumentation engineering
http://data.europa.eu/esco/skill/b8be06aa-a29f-4b7d-86fc-d3949f842e5e,manage signoff of an installed system,handle signoff of an installed system|manage installed system signoff|manage signing off of an installed system|managing signoff of an installed system|take care of signoff of an installed system
http://data.europa.eu/esco/skill/ba93b71b-c433-4a01-8246-ed2daa85a9a2,conduct web searches,look for information on the Internet|search for information online|use search engine
http://data.europa.eu/esco/skill/baf1fadb-975a-42be-9744-d8ba02304d09,Samurai Web Testing Framework,OWASP Samurai WTF|SamuraiWTF
http://data.europa.eu/esco/skill/bb979b3b-8292-409f-8c27-b17e13bab8bb,mix live images,combine live event images|mix live imaging|mixing live images|portray images of combined live events
http://data.europa.eu/esco/skill/bd08f332-a295-4a59-a13a-05b08ca3761b,install monitors for process control,install monitors for surveillance
http://data.europa.eu/esco/skill/be727774-46d7-43d7-aee9-1a51b5cd8c71,carry out statistical forecasts,carry out a statistical forecast|carrying out a statistical forecast|carrying out statistical forecasts|complete statistical forecasts|make statistical forecasts|oversee statistical forecasts|undertake statistical forecasts
http://data.europa.eu/esco/skill/bf4d884f-c848-402a-b130-69c266b04164,apply basic programming skills,use basic coding skills|use basic programming language skills|use query languages
http://data.europa.eu/esco/skill/bf6c5ed4-84af-440f-abcc-7fa5ba19c738,real-time computing,real-time computing systems|real-time data systems
http://data.europa.eu/esco/skill/bf942c60-8539-4951-83ee-63f770da1cb8,program a CNC controller,arrange a CNC controller|arrange a product control process|oversee a CNC controller|oversee a product control process|plan a CNC controller|plan a product control process|schedule a CNC controller|schedule a product control process
http://data.europa.eu/esco/skill/c2ce7fe9-203b-492a-961e-9698dce7de19,perform safety data analysis,analyse safety data to determine safety threats|analyse safety data to identify safety threats|conduct analysis of safety data|conduct safety analyses using database information|conduct safety data analysis|evaluate safety data|evaluate safety data to determine safety threats|perform analysis of safety data|perform assessments of safety data|perform safety data assessment|use information from safety databases to analyse threats to safety|utilise information from safety bases to analyse threats to safety
http://data.europa.eu/esco/skill/c4272323-cce6-4535-ac71-4f6841f4f89a,organisational structure,an organisational structure|organisation structures|organisational blueprint|organisational framework|organisational plan|organisational role allocation|organisational structures|organizational structure
http://data.europa.eu/esco/skill/cb1b0777-0388-4b01-a0cf-7c6bbfbbd61d,review development process of an organisation,assess development process of an organisation|assess development process of an organization|judge development process of an organisation|judge development process of an organization|review development process of an organization
http://data.europa.eu/esco/skill/cc716f65-a0d0-4fba-95d9-64c358f697c0,monitor ICT research,keep up with ICT research
http://data.europa.eu/esco/skill/d12e9d68-84c5-444e-aa98-d36533bf03f6,apply operations for an ITIL-based environment,administer operations for an ITIL-based environment|apply an operation for an ITIL-based environment|applying operations for ITIL-based environments|applying operations for an ITIL-based environment|employ operations for an ITIL-based environment|implement operations for an ITIL-based environment|utilise operations for an ITIL-based environment
http://data.europa.eu/esco/skill/d1e954cd-d290-4d80-97c0-7969960d2928,distributed directory information services,active directory|directory service|install directory services
http://data.europa.eu/esco/skill/d38871eb-b988-495e-8fca-345677b597a8,state estimation,energy state estimation|state estimation and prediction|state inference
http://data.europa.eu/esco/skill/d3e9b00a-0891-4fa8-836d-8240ec3d2758,GDPR,EU data protection|General Data Protection Regulation|knowledge of GDPR
http://data.europa.eu/esco/skill/d5145a9a-602e-40bf-b3e1-f04cf9c3ef86,leadership principles,literature on leadership principles|literature on management principles|principles of leadership|principles of management|range of leadership principles|range of management principles|scope of leadership principles|scope of management principles
http://data.europa.eu/esco/skill/d9818afc-1dec-4944-8c9c-e3ae8fad176d,set up the controller of a machine,assemble appliance and machine control systems|assemble the controller of a machine|build appliance and machine control systems|build the controller of a machine|erect appliance and machine control systems|erect the controller of a machine|install appliance and machine control systems|install the controller of a machine|set up the computer controller of a machine
http://data.europa.eu/esco/skill/dad18fbb-7053-46ed-8a7e-817a10b26ab8,program home alarm systems,home alarm system programming|home alarm system set up|home alarm system setting up|programming home alarm systems|programming of home alarm systems|set up home alarm system|setting up home alarm systems|setting up of home alarm systems
http://data.europa.eu/esco/skill/dd276faa-ef0a-4ad0-8744-37b883a79b64,align antennae with receiving dishes,align antennae with receiving dish|aligning antennae with receiving dishes|coordinate antennae with receiving dishes|line up antennae with receiving dishes|sync antennae with receiving dishes
http://data.europa.eu/esco/skill/de131ede-cbfe-4e34-aff4-96f16831c3c4,report pollution incidents,investigate incidents of pollution|investigate pollution incidents|investigating incidents of pollution|investigating pollution incidents|pollution incident investigating|pollution incident reporting|pollution incidents investigating|pollution incidents reporting|report incidents of pollution|reporting incidents of pollution|reporting pollution incidents
http://data.europa.eu/esco/skill/e135f4ad-2eed-448c-8f39-beb44238177c,evaluate genetic data,analyse genetic data|analyze genetic data|apply statistical calculations to genetic data
http://data.europa.eu/esco/skill/e1e99428-b91b-45e1-8ede-ed0cbf161930,establish an ICT customer support process,build an ICT customer support process|create an ICT customer support process|design an ICT customer support process|develop an ICT customer support process|implement an ICT customer support process
http://data.europa.eu/esco/skill/e46291c7-52b9-4174-bd59-178884861038,Hadoop,Apache Hadoop
http://data.europa.eu/esco/skill/e9575f7f-053a-439e-8074-f93df3334e92,data ethics,principles of data ethics
http://data.europa.eu/esco/skill/e9ff446f-6a8a-4e35-a611-176508964be3,alternative fuels,biofuels|carbon negative fuel|carbon neutral fuel|clean fuel|e-fuels
http://data.europa.eu/esco/skill/eb275d0d-64bb-49cb-a501-72aff776088f,use session border controller,use SBC
http://data.europa.eu/esco/skill/f1a56786-e6d7-4b2e-a39c-23e09024d473,concepts of telecommunications,telecommunication
http://data.europa.eu/esco/skill/f399a9c1-be41-4117-bf86-a64b503c4cfd,supervise data entry,data entry supervision|manage data entry|monitor data entry|oversee data entry|supervising data entry|supervision of data entry|watch over data entry
http://data.europa.eu/esco/skill/f3cc52e3-a96c-4549-b841-6e41a846fa99,report on environmental issues,compile environmental reports|compiling environmental reports|environmental issues reporting|environmental reports compiling|environmental reports publishing|publish environmental reports|publishing environmental reports|report on issues in the environment|reporting on environmental issues|reporting on issues in the environment
http://data.europa.eu/esco/skill/f4bcdb75-df28-441d-a52b-9730904f36a1,exercise rights and responsibilities,be aware of legal rights|demonstrate interest in current events|exercise constitutional rights|exercise legal rights|participate in democratic decision-making
http://data.europa.eu/esco/skill/f6d294f4-db62-4fc5-a7b8-778e5071c112,carry out forum moderation,act as a forum moderator|carry out moderation of forums|carry out moderation of online forums|moderate forum|moderate forum activity|moderate online forum activity|moderate online forums|perform forum moderation|perform moderation of forums|perform moderation of online forums|undertake forum moderation
http://data.europa.eu/esco/skill/f7e051fc-8f7b-45b3-8911-8ffb9b951f4a,blockchain consensus mechanisms,CaaS|POS|POW|blockchain consensus protocols|consensus as a service|consensus building mechanisms|dPOS|delegated proof of stake|distributed ledger consensus protocols|proof of authority|proof of stake|proof of work
http://data.europa.eu/esco/skill/f879a418-3e81-4216-9533-aaedce55fa97,ensure accuracy of aeronautical data,carry out aeronautical data quality assurance|conduct activities to ensure the accuracy of published aeronautical information|ensure accuracy of aeronautical information|ensure precision of aeronautical data|ensure precision of aeronautical information|ensure veracity of aeronautical data|ensure veracity of aeronautical information|perform activities to assure the accuracy of published aeronautical information|perform aeronautical data quality assurance activities|undertake aeronautical data quality assurance activities
http://data.europa.eu/esco/skill/f88cb903-83a2-44a3-98a8-e72180ec37a9,plan research process,define research methodologies|organise research process|organise research schedule|outline research process|plan research schedule
http://data.europa.eu/esco/skill/fb601189-afa9-4a7b-8430-21a906483072,field-programmable gate arrays,FPGA|field-programmable integrated circuits
http://data.europa.eu/esco/skill/fbca4e43-3816-44cf-81a5-d7b5ae320c00,guide staff,direct co-workers|direct staff|help co-workers|help staff|inform co-workers|inform staff|support co-workers|support staff
http://data.europa.eu/esco/skill/fcbb3a90-cdde-49ff-9ecc-8e2c0a6dfca2,collect cyber defence data,collect cyber defence intelligence|collect data for cyber defence through DNS request logs|collect data for cyber defence through online trade records|gather cyber defence data|gather cyber defence intelligence
http://data.europa.eu/esco/skill/fdc388ba-c8f4-4455-a55f-ffdf29b05f5f,use agricultural information systems and databases,operate agricultural databases|operate agricultural information systems|operate agricultural information systems and databases|operating agricultural databases|operating agricultural information systems|operating agricultural information systems and databases|use agricultural databases|use agricultural information systems|using agricultural databases|using agricultural information systems|using agricultural information systems and databases
http://data.europa.eu/esco/skill/00b9a3aa-7070-4bb5-8020-f228a97cf42f,draft scientific or academic papers and technical documentation,create technical documentation|create technical documentation and academic writings|write scientific and academic papers|write technical documentation
http://data.europa.eu/esco/skill/0823ccef-813f-4f22-afef-ac0d68615e8f,computer simulation,computer-based simulation|simulation software ANSYS
http://data.europa.eu/esco/skill/08e2ff26-88ff-47b5-9d37-d19ace01b075,manage feedback,accept feedback|handle personal feedback|managing feedback|receive feedback
http://data.europa.eu/esco/skill/08fe5910-8c4c-4679-a988-eb2ded3c4909,labour legislation,employment law|employment legislation|labor legislation|legislation on labour
http://data.europa.eu/esco/skill/0c77bcd5-b94a-475d-98e9-5a4327e4d726,statistical process control,quality control authority|quality control jurisdiction|quality control oversight|quality control supervision|statistical process authority|statistical process jurisdiction|statistical process oversight|statistical process supervision
http://data.europa.eu/esco/skill/0dcbf7c5-bedf-4485-b16b-23df54443864,translate requirement concepts into content,abide by content guidelines|adhere to content guidelines|comply with content guidelines|follow content guidelines|obey content guidelines|observe content guidelines
http://data.europa.eu/esco/skill/0ee7b0d6-db98-4785-9948-f2ef415d155a,write research proposals,write research applications
http://data.europa.eu/esco/skill/0f46a403-9606-465f-8247-8ae975ff4f35,communicate verbal instructions,communicate instructions orally|communicate instructions verbally|communicate spoken instructions|convey instructions verbally|convey verbal instructions|give instructions using verbal communication|give instructions utilising verbal communication|provide instructions through verbal communication|provide instructions via verbal communication|transmit verbal instructions
http://data.europa.eu/esco/skill/103f7814-d262-4df6-a1b6-759bc51f76cb,sustainable technologies,alternative energy|clean energy|green technologies
http://data.europa.eu/esco/skill/10c42c72-ecaa-414c-a014-7e97fcecae8d,reprography,copying|reproduction
http://data.europa.eu/esco/skill/123cf7c5-6a3b-419d-be4f-49a6cc020f9f,interactive media,interactive multimedia
http://data.europa.eu/esco/skill/1585fc98-bfe4-461f-97fc-734055a2c3ce,characteristics of products,aspects of products|attributes of products|characteristic of a product|characteristics of a product|components of products|product characteristics|qualities of products
http://data.europa.eu/esco/skill/16977544-891e-44d7-86fd-444eadcf90ef,set up a multi-track recording,prepare a multi-track recording|record music on multi-tracks|set up a recording for a multi-track|setting up a multi-track recording
http://data.europa.eu/esco/skill/16ac3d37-dd72-40c3-863d-dab1ded961be,mix multi-track recordings,edit and mix multi-track recordings|edit and mix sound recordings|mix multi-tracking recording|mixing multi-track recordings
http://data.europa.eu/esco/skill/17924c75-45f4-4593-afac-eea0d51f04b5,defence standard procedures,defence protocols|defence standard guidelines|defence standard methods|defence standard processes|defence standard technical procedures
http://data.europa.eu/esco/skill/1af2db15-2af9-44dd-9639-bf1fc69d4c34,manage relationships with stakeholders,enhance stakeholder relationships|establish relationships with stakeholders|maintain relationships with stakeholders|manage relationships with external stakeholders|manage relationships with internal stakeholders
http://data.europa.eu/esco/skill/1c685542-aa09-4704-ba87-2b1ffd802e1f,run a projection,operate a projector and it's sources|operate projection equipment|project images|run a digital projection
http://data.europa.eu/esco/skill/1de3942b-99d8-41e8-9ef0-fbc9e9f6307b,Drupal,Drupal CMS|Drupal content management system|Drupal web platform
http://data.europa.eu/esco/skill/209a5498-3449-4689-8ed9-bd08cab4fd78,engineering principles,engineering analysis principles|engineering application principles|engineering fieldwork principles|engineering principle|engineering research principles|engineering studies principles|engineering work principles
http://data.europa.eu/esco/skill/20a8fe89-d4eb-4698-8521-8881c13377e0,interact professionally in research and professional environments,give feedback in a professional setting|interact appropriately in research and professional spheres|interact considerately in research and professional spheres|receive feedback in a professional setting|show collegiality in research and professional environments
http://data.europa.eu/esco/skill/251b5528-693c-4ef9-a7f6-9924bb8d7ef8,decentralized application frameworks,decentralized applications on blockchain infrastructure|decentralized software characteristics|decentralized software frameworks
http://data.europa.eu/esco/skill/256df100-51cf-43b2-9a24-7277afa74707,audio post-production,post-production of audio|sound post-production
http://data.europa.eu/esco/skill/25df422a-bf0a-4f76-8631-d0be91cb8751,model based system engineering,MBSE|MBSE methodology|model based system engineering methodology
http://data.europa.eu/esco/skill/279e8cb1-b704-41b3-a1c9-60f130e303b4,types of fuels,brands of fuels|categories of fuels|fuel types|fuel varieties|kinds of fuel|type of fuel|type of fuels|varieties of fuels
http://data.europa.eu/esco/skill/28a0fe16-4e03-4d5e-8f0e-5198309e77a9,perform forensic preservations of digital devices,conduct forensic preservations of digital devices
http://data.europa.eu/esco/skill/3551b8e4-5b45-4983-bfb3-e5bfc029352b,prevent undesired changes to sound design,manage maintenance according to sound design|prevent sound designs from undergoing undesired changes|prevent undesired changes to design in sound|prevent undesired changes to sound balance
http://data.europa.eu/esco/skill/3606bf22-1987-4356-b8c4-13e89d8f6c69,interpret extraction data,extraction data interpretation|extraction data processing|interpretation of extraction data|interpreting extraction data|interpreting of extraction data|process extraction data|processing extraction data|processing of extraction data
http://data.europa.eu/esco/skill/370ebe1f-55a5-424f-a44e-f3c19222d63b,advise on strengthening security,advise on improving security|advise on security strengthening|advising on strengthening security|give advice on strengthening security|make recommendations on strengthening security|offer suggestions on strengthening security
http://data.europa.eu/esco/skill/3812bbb9-4053-4685-aed5-af825d809501,concretise artistic concept,achieve the artistic concept|ensure artistic concept is concrete|fulfil concept of art|fulfil the artistic concept|give concrete expression to the work in a rehearsal space
http://data.europa.eu/esco/skill/390bd026-943b-44a5-b871-def0248e26b8,analyse the scenography,analyse scenic design|analyse the scenes|analyse the stage scenery|analyze the scenography
http://data.europa.eu/esco/skill/39f67488-cfd3-4370-8d7e-da98163102d9,evaluate research activities,assess research methodology|assess research results|perform scholarly peer review
http://data.europa.eu/esco/skill/3c03ee71-4a23-448f-b79e-81fd75d27dca,apply change management,administer change management|alter management|apply changing management|applying change management|change management|change management application|employ change management|implement change management|revise management|rework management|utilise change management
http://data.europa.eu/esco/skill/3c2e6f38-42c1-46ec-b782-5854b2db330d,blockchain openness,hybrid blockchain|permissioned blockchain|permissionless blockchain|private blockchain|public blockchain
http://data.europa.eu/esco/skill/3d3db1e7-b041-495e-8a93-deeacded8a2f,test for emotional patterns,diagnose emotional patterns|discern patterns in emotions|emotional pattern test|emotional-patterns test|emotional-patterns-test|test for patterns in emotions
http://data.europa.eu/esco/skill/3ec2e4d6-7000-4905-bf1a-c5b1679416de,data warehouse,data repository|data warehouse solutions|enterprise data storage
http://data.europa.eu/esco/skill/40001d93-8937-4859-89d5-2dca53290ff4,share through digital technologies,act as intermediary in digital technology|share data through appropriate digital technologies|share digital content through appropriate digital technologies
http://data.europa.eu/esco/skill/4134622c-c3fb-4a41-beb6-6d58ba5107db,demonstrate disciplinary expertise,demonstrate complex understanding of a research area|demonstrate complex understanding of a specific research area|demonstrate deep knowledge of a research area|demonstrate deep knowledge of a specific research area|exhibit academic proficiency
http://data.europa.eu/esco/skill/41ec47dd-08b3-464a-9c45-c706f3e74467,industrial software,continuing professional development in industrial tools and software|industrial application of software|manufacturing software|scheduling software|software for engineering applications|software for manufacturing|software for production processes|software used in industrial
http://data.europa.eu/esco/skill/445b65c5-5b16-4f66-94ce-f2a7f49f9ee7,manage emergency procedures,emergency procedure management|emergency procedures management|emergency response|initiate emergency procedures|initiate emergency response|manage emergency response|management of emergency procedures|managing emergency procedures|managing of emergency procedures|respond to emergencies|responding to emergencies
http://data.europa.eu/esco/skill/44e2c4c4-9fd2-42d4-a133-d81360ded4bc,manage health and safety standards,ensure compliance with health and hygiene standards|manage compliance with hygiene standards|manage health and safety certification|manage standards of health and safety
http://data.europa.eu/esco/skill/44f6a65f-6be7-4818-9a66-73908797283f,monitor stock level,oversee stock level|stock level monitoring|supervise stock level|view stock level|watch stock level
http://data.europa.eu/esco/skill/4913d0c0-133a-4c46-aac3-f5d4989a982e,product usage risks analysis,customer product risks analysis|product risks analysis
http://data.europa.eu/esco/skill/493b20c2-c435-449a-896e-0af057c41fef,film production process,film production activity|film production method|film production practice|film production procedure|film production processes
http://data.europa.eu/esco/skill/4b95c7bb-5672-4e4a-88ea-ba96c12e8ca2,manage the customer experience,contribute to a customer experience|customer experience management|manage customer experience|manage customers' experience
http://data.europa.eu/esco/skill/4cd85845-f31c-4306-994d-e12d45114d83,teach in academic or vocational contexts,instruct in educational or vocational settings|provide instruction in academic or vocational domains|teach students in academic or vocational contexts
http://data.europa.eu/esco/skill/4d30ad07-9e39-4899-81dd-02b280f162f9,apply systemic design thinking,apply combined system design|apply combined system thinking methodologies|apply combined systemic design|use system design|use systemic design
http://data.europa.eu/esco/skill/4ddf5204-95f5-4be2-ad35-571e2f493ae5,apply business acumen,administer business acumen|applying business acumen|business acumen application|employ business acumen|implement business acumen|to apply business acumen|utilise business acumen
http://data.europa.eu/esco/skill/4f5c1208-62fd-4e5a-a51e-306c06947e11,manage findable accessible interoperable and reusable data,ensure corrected data storing|ensure data availability|ensure data reusability|support data reuse in research
http://data.europa.eu/esco/skill/505e4ef3-7ce4-437d-b7b4-5c608f71c258,build recommender systems,build recommendation systems|recommender engine|recommender platform
http://data.europa.eu/esco/skill/509909a2-4a8f-4ead-8ad0-968df63b77cc,social media marketing techniques,social media marketing strategies|strategies for social media marketing|strategies for social media platforms
http://data.europa.eu/esco/skill/52eb7ab6-269f-4f44-a21d-b0c705eaf857,musical genres,a musical genres|music genres|musical genre|musical styles|musical types|musical variations
http://data.europa.eu/esco/skill/53456d90-8c0d-4bd2-9f1b-312619b6e2a6,hardware testing methods,ORT|computer hardware testing methods|in-circuit test|ongoing reliability test|testing methods for computer hardware|testing methods for hardware
http://data.europa.eu/esco/skill/545c80e8-7ab2-42fe-af64-242211e94709,analyse network configuration and performance,analyse performance characteristics of ICT networks|assess network setup and performance|assess network structure|evaluate network setup and efficiency|examine network configuration and effectiveness
http://data.europa.eu/esco/skill/54ddd422-5905-44db-93d4-03b17b913c5e,use CADD software,apply CADD software|employ CADD software|make use of CADD software|use computer-aided design and drafting software|utilise CADD software|work with CAD software
http://data.europa.eu/esco/skill/553ad092-b799-44c9-a94c-65a84fdc7526,identify processes for re-engineering,analyse processes for re-engineering|classify processes for re-engineering|determine processes for re-engineering|diagnose processes for re-engineering|identification of processes for re-engineering|identify a process for re-engineering|identifying processes for re-engineering
http://data.europa.eu/esco/skill/576b305e-8c25-4546-8a69-87f975783114,meet contract specifications,abide by contract specifications|fulfil contract specifications|live up to contract specifications|meet contract specification|meeting contract specifications
http://data.europa.eu/esco/skill/59ea80e1-463a-4dba-82c6-d0b6d577d532,technical drawings,mechanical drawings|scientific drawings|specialised drawings|technical drawing
http://data.europa.eu/esco/skill/5b46f572-7ced-4efd-b270-a81a164d521c,moderate a discussion,apply moderation techniques|carry out moderation|guide a discussion|lead discussions|moderate conferences|moderate workshops|oversee a discussion
http://data.europa.eu/esco/skill/5b8a3dd2-de10-48a0-8ce5-522f1fff8450,perform contract compliance audits,carry out an in-depth audit|conduct compliance audit|perform a detailed compliance audit report|perform contract quality audit
http://data.europa.eu/esco/skill/5f0082ab-2131-49b5-94d6-a1821daf57d6,apply for research funding,apply for research grants|draft research grants applications|generate research funding|identify research grants
http://data.europa.eu/esco/skill/6451e645-67b5-4cc7-aafd-fab19629fa82,archive documentation related to work,archive documentation related to the work|archive work documents|archive work related documents|archiving documentation related to the work|preserve documentation related to the work|record documentation related to the work|store documentation related to the work
http://data.europa.eu/esco/skill/65e58886-bd1e-4c5b-8ca5-8d9b353c8aa1,data visualisation software,data presentation software
http://data.europa.eu/esco/skill/66b95837-7ad1-4acd-b2a0-fdf2e55323c4,intervene with actions on stage,interact with actions on stage|interface with actions on stage|intervene with action on stage|intervene with stage actions|intervening with actions on stage|work in connection with actions on stage
http://data.europa.eu/esco/skill/6833e58b-eceb-4599-9375-1b7e6ec64087,ensure information security,assure information security|assure information surveillance|enable information security|enable information surveillance|provide information security|provide information surveillance|secure information security|secure information surveillance
http://data.europa.eu/esco/skill/683bc3e3-6ec1-4ad2-8d62-d0ac1fabbe76,use analytics for commercial purposes,use analytics for commercial purpose|use commercial analytics|using analytics for commercial purposes|utilize analytics for commercial purposes|work with analytics for commercial purposes
http://data.europa.eu/esco/skill/695c3249-18e7-4435-bdb8-54a16011159d,develop documentation in accordance with legal requirements,comply documentation with standards
http://data.europa.eu/esco/skill/69f23426-9279-4fe6-a283-24c2aa4c855d,ensure equipment availability,assure apparatus availability|assure equipment availability|provide apparatus availability|provide equipment availability|safeguard apparatus availability|safeguard equipment availability|secure apparatus availability|secure equipment availability
http://data.europa.eu/esco/skill/6b21150f-e704-4758-b102-63fd3412543c,create 3D characters,manufacture 3D characters
http://data.europa.eu/esco/skill/6b42f6d0-709f-4011-b777-2c8ecc559214,maintain broadcast equipment,conserve broadcast equipment|fix broadcast equipment|maintain broadcasting equipment|maintaining broadcast equipment|protect broadcast equipment|safeguard broadcast equipment
http://data.europa.eu/esco/skill/70988d2c-a750-4808-a360-5aaf859cf39a,broadcast using Internet Protocol,air using Internet Protocol|broadcast using IP|broadcasting using Internet Protocol|disseminate using Internet Protocol|transmit using Internet Protocol
http://data.europa.eu/esco/skill/727eb829-28da-4d6a-8552-ba5b5d280c41,install image equipment,install equipment for images|install imaging equipment|operate imaging equipment|set up projection equipment
http://data.europa.eu/esco/skill/7837ef5c-2c81-4a89-8227-b4d4f1f7331e,maintain professional records,keep professional records|keep qualified records|keep up qualified record|maintain professional documentation|maintain professional documentations|maintain records of work|maintain reports professionally|produce and maintain professional records|produce professional records|provide professional records
http://data.europa.eu/esco/skill/79edf815-70bf-48fc-a2f4-86ae5d372918,assemble performance equipment,assemble equipment for performances|assembling performance equipment|fit up performance equipment|install performance equipment|make performance equipment ready|set up performance equipment
http://data.europa.eu/esco/skill/7a757fa5-9a6f-43ab-9e66-f8f4dba1ffcb,use CAM software,adopt CAM software|adopt machinery control programmes|apply CAM software|apply machinery control programmes|handle CAM software|handle machinery control programmes|utilise CAM software|utilise machinery control programmes
http://data.europa.eu/esco/skill/7af6e9e8-1e11-4c0b-b7c6-ac96bbbbc674,coordinate engineering teams,co-ordinate engineering teams|co-ordinating engineering teams|coordinating engineering teams|engineering activities supervising|engineering team co-ordinating|engineering team coordinating|engineering teams co-ordinating|engineering teams coordinating|supervise engineering activities|supervising engineering activities
http://data.europa.eu/esco/skill/7bdcdadb-146c-475f-8cff-921c6fd5f858,test for behavioural patterns,discern pattern in behaviour|discern patterns in behavior|discern patterns in behaviour|test for behavioral pattern|test for behavioral patterns|test for behavioural pattern
http://data.europa.eu/esco/skill/7d9bace0-63d0-4848-ac87-350a98082c12,participate actively in civic life,be involved in civic activities|demonstrate active citisenship|do neighbouring activity|perform community work
http://data.europa.eu/esco/skill/7f27f1ff-2e17-4b69-990e-c23334478313,assessment of risks and threats,methods for assessment of risks and threats|methods for handling security-related information|principles for handling security-related information|principles of assessment of risks and threats|techniques for assessment of risks and threats|techniques for handling security-related information
http://data.europa.eu/esco/skill/8006596d-605b-4088-a3f6-8e3aedec21ab,prevent health and safety problems,analyse health and safety problems|analysing health and safety problems|health and safety problem prevention|investigate health and safety issues|investigating health and safety issues|investigation of health and safety issues|preventing health and safety problems|prevention of health and safety problems
http://data.europa.eu/esco/skill/81633a44-f1db-4a01-a940-804c6905e330,use word processing software,AbiWord|Apple Pages|Atlantis Word Processor|Calligra Words|GNU TeXmacs|Google Docs|IBM Lotus Word Pro|IntelliTalk|Kingsoft Office Writer|LaTeX|LibreOffice Writer|Microsoft Office Word|Polaris Office|QuickOffice|TextEdit|Textilus|ThinkFree Office|WordGraph|WordPad|Zoho Writer|able to use using word processing software|apply word processing software|make use of word processing software|produce text files|type text|use document processing program|use text processing program|use word processing|use word processor|using word processor|utilise word processing software
http://data.europa.eu/esco/skill/833289fa-3646-4010-9d9e-93ba8c9ef2d8,apply research ethics and scientific integrity principles in research activities,adhere to scientific research code of ethics|follow scientific research code of conduct|obey scientific research code of conduct
http://data.europa.eu/esco/skill/83b33952-3872-46ec-9a2e-b28f91303a7e,oversee development of software,coordinate development of applications|coordinate development of software|manage the development of a software|monitor development of software|oversee development of applications
http://data.europa.eu/esco/skill/85616cc4-98bf-4355-9cf1-72ff11752848,develop ICT device driver,build ICT device driver|design ICT device driver
http://data.europa.eu/esco/skill/860be36a-d19b-4ba8-ae74-bc61b9f0bf63,negotiate health and safety issues with third parties,agree with third parties on health and safety|negotiate health and safety matters with third parties|negotiate issues on health and safety with third parties|negotiate with third parties on health and safety issues
http://data.europa.eu/esco/skill/872a1632-f1db-4feb-bb27-0a6a359b7591,promote open innovation in research,boost open innovation in research|encourage open innovation in research|foster collaborative innovation in research|promote integrated collaboration in research|stimulate collaborative innovation in research
http://data.europa.eu/esco/skill/875eeec4-fc70-4e6a-80ef-4d18356976e3,forecast workload,anticipate workload|determine workload|forecast a workload|forecast workloads|forecasting a workload|foresee workload
http://data.europa.eu/esco/skill/89f6560b-2194-45c9-9ece-d33049a73eef,computer engineering,computer hardware development|computer software development|discipline of computer engineering|engineering of computers|field of computer engineering|integration of hardware and software|science of computer engineering|software design
http://data.europa.eu/esco/skill/8a18f41b-70e2-4a03-986f-95b52d2ca39c,determine visual concepts,determine a visual concept|determine concepts visually|establish the best way to project a concept|think of the best way to convey a visual concept
http://data.europa.eu/esco/skill/8a99780c-5345-4783-8ee8-97dabb9401ab,support a designer in the developing process,assist a designer in the developing process|help a designer in the developing process|support a designer in developing processes|support a designer in the development process|supporting a designer in the developing process
http://data.europa.eu/esco/skill/8c6feedd-339f-4dba-b28a-dae84c759853,develop project schedule,create a project timetable|develop schedule for the project|develop the schedule|developing a project schedule
http://data.europa.eu/esco/skill/8ff314a8-57d7-4b8c-bf41-79f9572fedd0,use digital illustration techniques,illustrate drawings digitally|use digital illustration programmes|use digital technique illustrations|use techniques for digital illustration
http://data.europa.eu/esco/skill/909a28ce-d4b6-4567-9b74-d111f1ed9633,maintain plan for continuity of operations,maintain a systematic plan of methods for business continuity
http://data.europa.eu/esco/skill/913e4f09-6b22-4f36-9a32-b4508ec824fe,maintain projection equipment,conserve projection equipment|fix projection equipment|maintain projecting equipment|maintaining projection equipment|protect projection equipment|safeguard projection equipment
http://data.europa.eu/esco/skill/93f1caa3-df33-4de7-98da-40f5fc30fd52,forensic intelligence,forensic investigation|forensic judgement|forensic understanding|juristic investigation|juristic judgement|juristic understanding
http://data.europa.eu/esco/skill/9581639c-e521-4d12-9b4e-25faca24d34b,supervise crew,assess employees|manage crew|monitor employees|monitor staff|observe employees|observe staff|observe work force|oversee crew|supervise employees|supervise staff|supervise work force
http://data.europa.eu/esco/skill/968ea96d-42d0-44fe-94b0-f11d84a8234d,Windows Phone,WP
http://data.europa.eu/esco/skill/96de2e86-e287-41f2-88ab-15a2343afc6f,resolve conflicts,act as mediator|be able to create consensus|be able to find compromises|demonstrate willingness to compromise|handle tense situation|handle tense situations|manage conflicts|mediate in collisions|mediate in conflicts|mediate in debates|mediate in tense debate|mediate tense situations
http://data.europa.eu/esco/skill/979cf728-896f-4f2c-8fa8-2698ca0d4930,publish academic research,publish academic studies|publish doctoral research|publish research|publishes academic research|publishing academic research
http://data.europa.eu/esco/skill/97bd1c21-66b2-4b7e-ad0f-e3cda590e378,data analytics,data anlysis
http://data.europa.eu/esco/skill/988f4ac3-a37c-4b0a-a40f-4e0e56b5919e,promote the transfer of knowledge,ensure connection between research and industry|valorise research findings in industry|valorise research findings in the public sector
http://data.europa.eu/esco/skill/9a58cd26-58eb-4a1c-b1b6-64037fe9cfa1,think abstractly,carry out abstraction of concepts|conceptualise abstract ideas|conceptualise reality|thinking in abstract concepts|thinking in abstractions
http://data.europa.eu/esco/skill/a2fef437-6719-47c2-8552-73b9fe81df86,plan ICT capacity,oversee availability of computing resources|schedule ICT capacity
http://data.europa.eu/esco/skill/a3df9f73-7d84-4f3b-8581-fcdc5b02db3f,coordinate activities in audio recording studio,give direction in audio recording studio
http://data.europa.eu/esco/skill/a69841b3-3607-4ede-b6e1-972d70cda24c,manage physical resources,direct physical resources|managing physical resources|oversee physical resources
http://data.europa.eu/esco/skill/a9dc9e40-14a6-4899-93ec-29d5c79c2ebd,manage procurement planning,managing procurement planning|monitor procurement planning|oversee procurement planning
http://data.europa.eu/esco/skill/aafbfaa4-5f93-457e-8cb8-d4ed855277f8,analyse experimental laboratory data,analyze experimental laboratory data|examine experimental laboratory data|interpret experimental laboratory data|interpret results of laboratory experiments
http://data.europa.eu/esco/skill/ac49be50-5cfa-42d7-b6cb-751e5bda2ac1,transcribe ideas into musical notation,transcribe idea into musical notation|transcribe musical ideas into notation|transcribing ideas into musical notation|transfer ideas into musical notation|translate ideas into musical notation
http://data.europa.eu/esco/skill/b16bcbcb-1d3f-42b3-a6a5-b91348a72b70,WildFly,Jboss
http://data.europa.eu/esco/skill/b3a75400-103f-42c7-b742-be11d161d05b,manage production systems,direct production systems|manage production system|managing production systems|oversee production systems|run production systems|supervise production systems
http://data.europa.eu/esco/skill/b5c7e0dc-dda3-4790-a7d1-d6d8023b3089,database quality standards,database quality evaluation|database quality standard|databases quality evaluation|databases quality standards|evaluation of database quality|quality standard for databases|quality standards for databases
http://data.europa.eu/esco/skill/b63ba4e4-ebf4-4e17-b0d6-662244022a4f,provide guidelines for content development,provide guidelines and standards for content development
http://data.europa.eu/esco/skill/b928ae44-b19f-49c7-a823-b09094de1063,repair equipment on site,mend equipment on site|overhaul equipment on site|reconstruct equipment on site|repair equipment on a site|repair equipment on sites|repairing equipment on site|restore equipment on site
http://data.europa.eu/esco/skill/bb165899-d95f-4433-95f2-173fefd716d2,develop statistical software,create statistical software|define statistical software|developing statistical software|prepare statistical software|write statistical software
http://data.europa.eu/esco/skill/be457a1c-5973-4781-9bb8-809703931f43,types of audiovisual formats,a type of audio-visual format|audio-visual format types|audio-visual formats varieties|brands of audio-visual formats|categories of audio-visual formats|kinds of audio-visual formats|type of audio-visual format|varieties of audio-visual formats
http://data.europa.eu/esco/skill/bf449d96-2ce7-4095-8d14-84bfa4c0fa19,interpret artistic intentions,interpret artists' intentions
http://data.europa.eu/esco/skill/c1b0bfc2-4932-4e03-9077-92bc56042511,manage emergency evacuation plans,coordinate emergency action plan|implement evacuation plans|manage emergency plans for evacuation|manage evacuation emergency plan
http://data.europa.eu/esco/skill/c1b4aa1e-bc42-49e4-952a-0cbd45f1d57b,museum databases,museum archives|museum database|museum database management|museum databases functionality and architecture|museum digital records|museum records
http://data.europa.eu/esco/skill/c1df8590-4b5a-4598-84a1-431f639ba66c,analyse ICT technical proposals,analyse information and communications technology technical proposals|analyze ICT technical proposals|analyze information and communications technology technical proposals|assess ICT technical proposals|assess information and communications technology technical proposals
http://data.europa.eu/esco/skill/c2a0c52c-0b4b-4180-a918-92650ea3b458,think innovatively,apply forward-thinking|apply innovative thinking|be innovative|demonstrate pioneering spirit|invent|shape the future|show innovativeness|think ahead
http://data.europa.eu/esco/skill/c4ba12d1-4698-42fa-8abb-789462ea2586,protect the environment from the impact of the digital technologies,
http://data.europa.eu/esco/skill/c95c29fe-3971-46b7-80e9-1f7e75ba99b3,use specific data analysis software,carry out data analysis using specific software|conduct data analysis activities utilising specific software|conduct data analysis using particular software|perform data analysis using specific software|undertake data analysis through use of specific software|use particular data analysis software|use specific software for data analysis|utilise particular data analysis software|utilise specific data analysis software|utilise specific software for data analysis
http://data.europa.eu/esco/skill/c9b6aa32-6c42-4903-8e5a-23e43edf03fc,online moderation techniques,moderation techniques for online groups|online groups interaction techniques|online interaction methods|online interaction strategies|online interaction strategies and methods|online moderation methods|online moderation strategies
http://data.europa.eu/esco/skill/cb1a2fbf-242d-4a4e-a466-588378f124c1,operate scientific measuring equipment,operate scientific equipment|operate scientific instruments|operating scientific equipment|operating scientific instruments|operating scientific measuring equipment|scientific equipment operating|scientific instruments operating|scientific measuring equipment operating
http://data.europa.eu/esco/skill/cc61f9e5-d4fc-470e-8606-1ce865ff8386,develop professional network with researchers and scientists,cultivate a professional circle in academia|establish connections with researchers and scientists|foster relationships with researchers and scientists
http://data.europa.eu/esco/skill/cd50d616-1f8b-481e-983f-68d2674ff82d,integrate gender dimension in research,account for gender characteristics in scientific research|promote inclusion in research
http://data.europa.eu/esco/skill/ceb13e3a-835e-47e3-a1c9-34dfa21de0fd,instruct public,guide the population|guide the public|inform the population|inform the public|order the population|order the public|tell the population|tell the public
http://data.europa.eu/esco/skill/d0f2f8a7-d935-4a6d-8e54-dcc3e5e2cbeb,present reports,prepare statistical reports|present a report|submit presentation
http://data.europa.eu/esco/skill/d15ce60f-ddab-41ce-ba56-398451b77b60,have computer literacy,be computer-literate|computer literacy|demonstrate computer literacy|have good computer literacy
http://data.europa.eu/esco/skill/d3050294-0ab4-4377-a46f-80d894d72228,coordinate artistic production,coordinate artistic productions|coordinating artistic production|manage artistic production|oversee artistic production
http://data.europa.eu/esco/skill/ddc3119d-1d6e-4324-9125-a3380d299ac5,computer technology,ICT|IT|information and communications technology|information technology|technology in computer networks|technology in computers|technology in computing|technology of computers
http://data.europa.eu/esco/skill/df996a98-202f-4a9b-b088-38c8db03ef1b,create content title,come up with content title|find content title|invent content title
http://data.europa.eu/esco/skill/e2fb1ee4-fbf9-4690-b677-3e6ff7cfdc48,test ICT queries,check ICT query output|check ICT query performance
http://data.europa.eu/esco/skill/e5a6e1e0-1b07-4432-83ba-77d593b2cb47,SAS Data Management,SAS Data Management software
http://data.europa.eu/esco/skill/e8f80ec5-c423-4eb2-9f0f-805d22f844ae,incidents and accidents recording,methods of incidents and accidents recording|methods of incidents and accidents reporting|recording of incidents and accidents|reporting of incidents and accidents|techniques for incidents and accidents recording|techniques for incidents and accidents reporting|types of incidents and accidents recording|types of incidents and accidents reporting|typology of incidents and accidents recording|typology of incidents and accidents reporting
http://data.europa.eu/esco/skill/eb3aa3a8-6ece-441d-9041-15dcb0880e47,cinematography,camerawork|photography|shooting
http://data.europa.eu/esco/skill/ecf7869e-7d87-478d-9d80-edfdcd39ec52,manage emergency care situations,handle emergency care situations|make decisions in emergency care|manage emergency care|manage medical emergencies|manage medical emergency situations|take decisions in emergency care
http://data.europa.eu/esco/skill/ed0718f6-5823-4c74-9749-2936c9c06203,develop audit plan,design audit plans|draft audit plans|implement audit plans|specify audit plans
http://data.europa.eu/esco/skill/ee02393d-27dd-438a-8879-b8088ce45e79,ICT environmental policies,ICT environmental guidelines
http://data.europa.eu/esco/skill/ee3c1d54-f46a-43c7-a0f9-0ba3648164d0,design enterprise architecture,design business architecture
http://data.europa.eu/esco/skill/ef069fe6-305b-4452-8f7d-0c572e98effc,mobile marketing,cell phone marketing|mobile devices marketing|product promotion via mobile devices|wireless marketing
http://data.europa.eu/esco/skill/f08e2bd6-0366-4948-a670-1f03f130126f,create new concepts,create abstract ideas|create new ideas|create new inventions|imagine new concepts|invent new concepts
http://data.europa.eu/esco/skill/f2c63b7a-ed6c-4890-9f8c-7685d172624c,implement corporate governance,develop corporate governance structure|establish corporate governance|execute corporate governance|maintain corporate governance procedures|set up corporate governance structures
http://data.europa.eu/esco/skill/f642d7ed-e8d7-4355-a747-b85094d4e2e3,prioritise requests,arrange requests|compile requests|itemise requests|prioritise a request|prioritising a requests|prioritising requests|prioritize requests|schedule requests
http://data.europa.eu/esco/skill/f7b071bf-4882-4cfc-ae0a-7e0e0ab94c61,conduct research across disciplines,conduct interdisciplinary research|use research findings across disciplines|use research findings across functional boundaries|work across disciplines|work across functional boundaries
http://data.europa.eu/esco/skill/f84a433f-34f1-4083-b0a3-24802623509c,web services,web services systems
http://data.europa.eu/esco/skill/f914df1a-c9fd-47ab-b1ec-bc7c6f572640,influence policy makers on social service issues,advise policy makers on social service issues|communicate with policy makers on social service issues|influence policy-makers on social service issues|influence policymakers on social service issues|influence social service policy makers|influence social service policymakers|provide advice to policy makers on social service issues
http://data.europa.eu/esco/skill/fa642fc3-5cc5-41cf-8926-6617a8b976a7,promote the participation of citizens in scientific and research activities,encourage civic engagement in research|engage citizens in scientific and research activities|engage public in research|foster public involvement in scientific research|promote citizens participation in research
http://data.europa.eu/esco/skill/fbb14862-aa9c-4f60-bf33-8b27a0785aba,instruct on set up of equipment,give instructions on equipment setup|inform on equipment setup|instruct how to set up equipment|instruct on equipment setup
http://data.europa.eu/esco/skill/fd60bbcc-c3b6-4fa5-936c-eef5ae0a2d44,install low voltage wiring,install ethernet cables|install low voltage cables|install low voltage lines
http://data.europa.eu/esco/skill/ff64e9fc-36dd-4035-872a-83aa41dc1ad9,communicate with a non-scientific audience,communicate publicly about scientific findings|communicate scientific results to the public|engage in public awareness of research|support public understanding of science findings
http://data.europa.eu/esco/skill/02058de6-4b98-449f-8a45-8588b0eb2446,network engineering,network architecture
http://data.europa.eu/esco/skill/03a74eee-2dc6-4147-8667-5cdeb65f122d,manage ICT data classification,lead ICT data classification responsabilities|organise ICT data classification responsibilities
http://data.europa.eu/esco/skill/054f26ab-cfdc-4077-883c-1c4c9e9b310a,define firewall rules,set firewall rules|specify access control policies
http://data.europa.eu/esco/skill/06f33d6a-f7a7-4a2b-baa5-8c3c53bd1a9c,keywords in digital content,metadata tagging
http://data.europa.eu/esco/skill/0a30e5a8-60a8-4fda-9f89-8e9cee38da5a,use interface description language,utilise specification language
http://data.europa.eu/esco/skill/0d282d6e-8cb9-4339-8e7d-cfafed96b5ed,conduct literature research,conducting literature review|literature review conducting|literature reviewing|review literature|reviewing literature
http://data.europa.eu/esco/skill/0f00f63f-3ab4-4057-b92f-500584b51757,Informatica PowerCenter,Informatica Power Center|PowerCenter Informatica
http://data.europa.eu/esco/skill/11747665-0e98-4f27-bd0d-536862cd5746,identify suppliers,identify a supplier|identify the suppliers|monitor suppliers on the market|research for suppliers|search for suppliers
http://data.europa.eu/esco/skill/14fdac88-6d4a-4e47-9df5-02c6d1e86fdd,IBM InfoSphere DataStage,Cognos Data Manager|IBM InfoSphere DataStage Workgroup Edition|InfoSphere DataStage MVS Edition
http://data.europa.eu/esco/skill/17c9a790-5664-4673-8237-c4cf3c5a8da5,conduct impact evaluation of ICT processes on business,carry out ICT process impact evaluation|evaluate ICT process impact
http://data.europa.eu/esco/skill/20012caa-b63c-4cb9-b2b8-01a1cfdfc1d1,think quickly,react quickly|show a good level of perception|understand quickly
http://data.europa.eu/esco/skill/234aeb8d-56c3-4531-9193-1c5e6a8d16cb,use presentation software,Adobe Ovation|Adobe Persuation|Articulate Presenter|ClearSlide|Corel Presentations|CustomShow|Emaze|Evernote Presentations|GoAnimate|Google Slides|Haiku Deck|Kineticast|Kingsoft Office Presentation|KnowledgeVision|LibreOffice Impress|MediaShout|Microsoft Office PowerPoint|Powtoon|Preseria|Prezi|Slide Bureau|SlideDog|SlideShare|Slideshark|SnagIt|VisualBee|able to use presentation software|apply presentation software|make use of presentation software|produce electronic presentations|use presentation program|use slide show software|using presentation software|utilise presentation software
http://data.europa.eu/esco/skill/23900e3d-06fa-424c-a5dc-c0ea42edde1e,Oracle Warehouse Builder,OWB
http://data.europa.eu/esco/skill/24229e89-9e1d-4c1a-ae23-c64777b152ce,consult with production director,consult with the director|consult with the director and production team|consult with the production director|consulting the director|seek advice from the director
http://data.europa.eu/esco/skill/24310a7b-5db1-4917-a705-4835630227ca,create incident reports,accident report completion|complete accident report|completing accident report|completion of accident report|creating incident reports|creation of incident reports|incident report creation|incident reports creation
http://data.europa.eu/esco/skill/24ff9b31-a497-4817-9e9b-c0ff3b3fa0ef,set up portable field transmission equipment,assemble field transmission equipment|mount field transmission l equipment|prepare field transmission equipment|setting up field transmission equipment
http://data.europa.eu/esco/skill/26ed52cf-30ca-451e-9699-a6c04a30649f,solder electronics,use soldering equipment|operate soldering equipment|use soldering gun|use soldering iron
http://data.europa.eu/esco/skill/282a379e-249d-4cae-81ec-ce901a571801,analyse music score,analyse scores|examine score|inspect score|review score|scrutinize|study score
http://data.europa.eu/esco/skill/2891f0dc-4426-4a9a-8fbb-db4fb0a66f91,Nessus,Nessus Vulnerability Scanner
http://data.europa.eu/esco/skill/2b34764d-637c-48f5-aa70-31e15c965db6,operate open source software,know open-source coding practices|know open-source licensing schemes|know open-source software coding practices|know open-source software licensing schemes|manage open-source software
http://data.europa.eu/esco/skill/31587950-8b69-4a15-91c2-74dae22d38a4,support audio system installation,offer back-up of audio system installation|support installation of audio system|support technical audio system
http://data.europa.eu/esco/skill/327d15c8-29ff-4ad4-a4fe-6536d777a45f,documentation types,documentation types of product life cycle|external documentation types|internal documentation types|internal documentation types of product life cycle|technical documentation types
http://data.europa.eu/esco/skill/332da224-6261-4caf-a38a-0f81001fddcc,transpose music,transfer music into alternate key|translate music into different key|transposing music
http://data.europa.eu/esco/skill/3af687cb-8c7a-46ea-a730-32dbaed040c6,Oracle Data Integrator,ODI
http://data.europa.eu/esco/skill/3c4c3fa1-d638-42df-8e98-2a38021da6f9,use software for data preservation,preserve digital evidence
http://data.europa.eu/esco/skill/3e2ab38a-4519-4bef-b762-a8bf4836a775,perform dimensionality reduction,Kohonen self-organizing map|data feature engineering|data feature extraction|data feature selection|multidimensional scaling|t-SNE|t-distributed stochastic neighbor embedding
http://data.europa.eu/esco/skill/3e9b580d-811b-48df-a5d1-a7bdd26f901f,prepare financial auditing reports,formulate auditing financial reports|make auditing financial reports ready|prepare auditing financial report|prepare auditing reports|prepare reports on financial audits|preparing financial auditing reports|write up auditing financial reports
http://data.europa.eu/esco/skill/3ed245ce-6953-4203-94d7-89550bf502ba,cue a performance,cueing on performers|organise time cues|perform on cue|plan performance cues
http://data.europa.eu/esco/skill/3fb8b724-1d52-4d11-b8b8-1776f558d1f0,design ICT hardware placement,design ICT hardware placement in buildings|plan ICT hardware placement in buildings|specify ICT hardware placement|specify ICT hardware placement in buildings
http://data.europa.eu/esco/skill/418a56a2-7cfc-4b6d-8cf5-5c2add99a849,provide ICT system training,deliver ICT system training
http://data.europa.eu/esco/skill/429062f1-a958-43ea-83dd-4e1af078c156,demonstrate curiosity,be curious|curiosity|demonstrate interest|demonstrating curiosity|display curiosity|exhibit curiosity|show curiosity|show interest
http://data.europa.eu/esco/skill/42c3287f-5e50-4559-a2d1-2000c70e0aab,Pentaho Data Integration,PDI|Pentaho Kettle
http://data.europa.eu/esco/skill/42f977aa-a6eb-4994-b368-d5f26c0fd1fa,familiarise with personal directing styles,adapt to director's style|anticipate personal directing styles|familiarise with directors' styles|understand personal directing style
http://data.europa.eu/esco/skill/43dfbe7f-9e10-4871-b171-e5076737b4cf,digital marketing techniques,on-line marketing techniques|online ads software|online marketing techniques|web marketing techniques
http://data.europa.eu/esco/skill/440d5784-52a5-4729-8b04-29f978bd896d,respond to incidents in cloud,automate disaster recovery strategies in cloud|manage cloud incidents|troubleshoot cloud incidents|troubleshoot cloud issues|troubleshoot issues in cloud systems
http://data.europa.eu/esco/skill/45a16833-6666-488d-aadf-e02e569275e8,use technology for forensics,make use of technology for forensics|use forensics technology|using technology for forensics|utilize technology for forensics
http://data.europa.eu/esco/skill/45f1ae17-c20d-40fc-9307-7d33b6ca9213,image recognition,image detection|image interpretation|visual detection|visual recognition
http://data.europa.eu/esco/skill/477173ca-5fc2-406b-9122-95d92811f284,communicate with stakeholders,communicate to stakeholders|communicate with providers of business support services|communicating with stakeholders|inform stakeholders of ideas and objectives
http://data.europa.eu/esco/skill/4ce09e3d-ca6b-424a-a328-7f551db75e59,update budget,check budget is updated|ensure budget is up to date|update the budget|updating budgets
http://data.europa.eu/esco/skill/4f060129-8b75-4d58-a8dd-515bd8fef349,develop financial statistics reports,develop a financial statistics report|develop financial statistical reports|developing financial statistics reports|establish financial statistics reports|evaluate financial statistics reports|launch financial statistics reports|produce financial statistics reports
http://data.europa.eu/esco/skill/4fb7c7aa-9f19-4cc3-9e19-64ce564f22f5,handle incidents,deal with incidents|handle an incident|handle complaints and incidents|handle investigation of incidents|handling incidents
http://data.europa.eu/esco/skill/556be6f4-225f-46a2-a795-d3d54d98c3f7,conduct workplace audits,carry out audits and verify compliance at the work|conduct an audit at work|conduct auditing at the workplace|conduct audits and inspections
http://data.europa.eu/esco/skill/56a10e3e-c9e7-4d39-b6f1-6013398fcb3a,use content management system software,adopt content management system software|apply content management system software|content management system software use|handle content management system software|operate content management system software|use a content management system software|using content management system software
http://data.europa.eu/esco/skill/57d4d1f4-28b2-4a38-b7a9-a80626e99afc,pack electronic equipment,pack computerised devices|pack electronic devices|packing electronic equipment
http://data.europa.eu/esco/skill/598de5b0-5b58-4ea7-8058-a4bc4d18c742,SQL,Informix 4GL/SQL|SEQUEL|Subquery
http://data.europa.eu/esco/skill/5f782745-6382-4873-b415-8fb91c705b03,create digital images,come up with digital images|create digital image|creating digital images|design digital images|develop digital images|make digital images
http://data.europa.eu/esco/skill/60d48be0-4260-4b2e-85b9-aedff7a9b7d9,ICT capacity planning strategies,ICT capacity management
http://data.europa.eu/esco/skill/628664ec-a63b-4486-8d65-02aba81c82a0,ICT sales methodologies,ICT sales techniques
http://data.europa.eu/esco/skill/670f8eea-f25b-4c3f-97ef-a4729d4c63d6,smart contract,smart contract software
http://data.europa.eu/esco/skill/68698869-c13c-4563-adc7-118b7644f45d,identify customer's needs,analyse customer's needs|classify customer's needs|determine customer's needs|diagnose customer's needs|identify a customer's needs|identifying a customer's needs|identifying customer's needs|map out customer requirements into pragmatic actions
http://data.europa.eu/esco/skill/6f7512ab-d46d-402a-8c30-a8878d7c1f88,SQL Server Integration Services,Microsoft SQL Server Integration Services|Microsoft SSIS|SSIS
http://data.europa.eu/esco/skill/6f993130-082b-4732-b62f-52cdf2096ad9,use methods of logistical data analysis,analyse data on logistical elements|analyse logistical data|interpret data on elements of logistics|interpret logistical data|interpret logistical data through analytical methods|interpret logistical data through use of analytical methods|use logistical data analysis methods|use methods for analysing logistical data|utilise logistical data analysis methods|utilise methods for analysing logistical data|utilise methods of logistical data analysis
http://data.europa.eu/esco/skill/77980af4-bd9a-44c1-ae3b-9bcb98848ba5,lathe machine parts,lathing and turning machine components|lathing and turning machine elements|lathing and turning machine pieces|lathing and turning machine units|tumbling machine components|tumbling machine elements|tumbling machine pieces|tumbling machine units
http://data.europa.eu/esco/skill/7c5b66c6-36a1-4e03-bb57-64e8688b8f58,operate private branch exchange,PBX
http://data.europa.eu/esco/skill/807d89b5-3557-4259-8e2c-1b374d497fe8,analyse data for aeronautical publications,analyse civil aviation authority data for incorporation into aeronautical publications|analyse data for aviation publications|analyze data for aeronautical publications|assess data for aeronautical publications|assess data for aviation publications|collect edit and analyse data for incorporation into aeronautical publications|conduct aeronautical data analysis for incorporation into aeronautical publications|create aeronautical publication amendments through data analysis|develop aeronautical publication amendments through data analysis|evaluate data for aeronautical publications|evaluate data for aviation publications
http://data.europa.eu/esco/skill/80e9d91c-3d36-4816-ab23-51054ab90d44,coordinate the running of a performance,coordinate all actions involved in a performance|coordinate running of performances|coordinate the activities during a performance|coordinate the performance running
http://data.europa.eu/esco/skill/81b082fb-9a00-4660-976a-10c985979100,IBM InfoSphere Information Server,IBM InfoSphere Information Server platform
http://data.europa.eu/esco/skill/8369c2d6-c100-4cf6-bd83-9668d8678433,utilise machine learning,carry out machine learning|perform machine learning|use machine learning|utilize machine learning
http://data.europa.eu/esco/skill/84f583f4-f32a-4202-9b92-e25f0c978410,core banking software,core banking application
http://data.europa.eu/esco/skill/8a16ada9-2794-4c81-bb48-5ec1cfbcf1db,use a telecine,employ a telecine|operate a telecine|use telecines|using a telecine|utilise a telecine
http://data.europa.eu/esco/skill/8c88d336-c249-4537-b26e-d679a85c4b9b,Ajax Framework,AJAX Development Environments|AJAX Framework Features for Web Development|AJAX Framework for Web Application Development|Ajax Framework components|Ajax Framework features|Ajax Framework features for web applications development|Ajax Framework for web applications development|Ajax framework components|Ajax framework features|Ajax framework features for web applications development|Ajax framework for web applications development|Ajax software development environments
http://data.europa.eu/esco/skill/9035afc4-5317-455d-ab60-f32e2ecc6bfc,blockchain platforms,blockchain ecosystems|blockchain infrastructures
http://data.europa.eu/esco/skill/93e65de1-923c-437e-aa5b-e6002967ce71,web based collaborative platforms,digital collaboration tools|online collaborative tools
http://data.europa.eu/esco/skill/953445c0-4770-4be0-91cf-270a64c0e297,implement strategic management,deliver strategic management plan|develop and implement strategic management plan|develop strategy for company development|devise company development strategy|devise strategy for company development|formulate and implement company development strategy|formulate strategy for company development|implement management strategy|implement strategic management plan|implement strategic management principles
http://data.europa.eu/esco/skill/97965983-0da4-4902-9daf-d5cd2693ef73,3D modelling,3D designing|3D graphics|3D modeling|3D rendering|3D representation|three-dimensional modelling
http://data.europa.eu/esco/skill/97bdd757-29d4-4126-92a6-07608825aa3b,QlikView Expressor,QV Expressor|QVE
http://data.europa.eu/esco/skill/99c4c69a-025c-464f-adda-874c7f107a31,engage with stakeholders,achieve shared understandings with stakeholders|build partnerships with stakeholders|negotiate agreements with stakeholders|undertake stakeholders engagement processes|use processes for negotiated agreements with stakeholders
http://data.europa.eu/esco/skill/9bb7a97a-1a16-431e-8ea6-ad0f9f59aa0a,control objectives for information and related technology,COBIT
http://data.europa.eu/esco/skill/aa238394-8126-4ada-be2f-9dfe065cf314,adhere to organisational guidelines,adhere to an organisational guideline|adhere to an organisations guidelines|adhere to organizational guidelines|adhering to organisational guidelines|comply to organisational guidelines|heed organisational guidelines|obey organisational guidelines|observe organisational guidelines
http://data.europa.eu/esco/skill/ab49f767-296b-47d5-af56-0b4a69515b03,maintain ICT identity management,
http://data.europa.eu/esco/skill/b00e948c-19be-4951-8cff-60f88f1046e9,delegate responsibilities,delegate|delegate activities|delegate activities to others|delegate tasks|distribute activities|distribute tasks|share duties|share tasks
http://data.europa.eu/esco/skill/b0288eea-74b3-460a-8ac5-edc4ba70b75c,manage closed-circuit television system,CCTV|video surveillance
http://data.europa.eu/esco/skill/b363bb5f-2c79-40af-94da-33e06f9dee9f,apply blended learning,combine face-to-face and online learning|employ blended learning|implement blended learning|implement mixed learning approaches|integrate blended learning
http://data.europa.eu/esco/skill/c3c2420c-ce9a-4371-8eed-1db479c3a562,write scientific publications,draft scientific papers|draw up scientific papers|scientific paper writing
http://data.europa.eu/esco/skill/c8ab7e5b-b786-412f-a519-dfd93517b698,study media sources,study media development|study social media sources|study sources of media
http://data.europa.eu/esco/skill/cbeb1221-10ed-4676-a2a1-576718977001,operate audio-signal processors,employ audio-signal processors|operate audio-signal processor|operating audio-signal processors|run audio-signal processors|use audio-signal processors
http://data.europa.eu/esco/skill/cf532795-a1fd-43bd-8407-6e43f877e6e3,mobile device management,BYOD|bring your own device|cell phone device management|mobile terminals
http://data.europa.eu/esco/skill/cfa2be0d-96d5-4017-a866-962efb9c5070,signal processing,DSP|analogic transmission digital transmission|digital signal processing
http://data.europa.eu/esco/skill/d04ee340-5378-4601-8181-19da6d5cbfe0,manage website,maintain website|manage a website|manage websites|managing a website|oversee website|regulate website|supervise website
http://data.europa.eu/esco/skill/d1072655-88ce-4445-8803-e6273da273e7,blueprints,schematics|technical blueprints|technical drawings|technical plans
http://data.europa.eu/esco/skill/d2adb565-a865-424d-aeb5-9fbcbf2afe2a,Joomla,Joomla software
http://data.europa.eu/esco/skill/d4789070-2ff7-4bbb-94ca-8bb1739826a9,authoring software,
http://data.europa.eu/esco/skill/d53b04fb-1bbb-4a25-92f8-8ceb308d276f,define organisational standards,define organisational standard|define organizational standards|define standards for the organisation|defining organisational standards|set organisational standards|write up organisational standards
http://data.europa.eu/esco/skill/da930e2f-6047-4616-a598-bba8ecef3039,manage open publications,handle open publications|handle open-source content|handle open-source publications|manage open-source content|manage open-source publications
http://data.europa.eu/esco/skill/e08821b5-d6dd-4db9-a0f1-43185653c244,monitor communication channels' performance,perform visual checks to communication channels|supervise communication channels' quality|track communication channels' efficiency
http://data.europa.eu/esco/skill/e23e81f5-18db-49aa-ad9b-b3d0fdcad1d2,troubleshoot website,website troubleshooting
http://data.europa.eu/esco/skill/e2c884e4-4952-4a5c-ba69-ad406b66bd7d,set up projection equipment,assemble projection equipment|install and connect projection and image equipment|set up equipment for projection|setting up projection equipment
http://data.europa.eu/esco/skill/e2d0daae-2aa1-40cc-99e2-b340b02f97d3,product data management,coordinate product data|manage product data|management of product data|monitor product data|oversee product data|supervise product data
http://data.europa.eu/esco/skill/e37d64dc-0f05-4ee8-b065-bf76f70d8f5c,respect confidentiality obligations,be discrete|comply with confidentiality obligations|ensure absolute discretion|ensure privacy|handle sensitive information|keep secret information|protect privacy
http://data.europa.eu/esco/skill/e541c69c-ea80-4b17-87cb-4001d0b9d303,assess environmental impact,assess environmental impact and risks|assess environmental impacts|assess environmental risks|assessing environmental impact|assessing of environmental impact|assessment of environmental impact|carry out environmental impact assessments|environmental impact assessment
http://data.europa.eu/esco/skill/e79dab00-fe87-48f2-b8cc-f48b68bc7f35,WhiteHat Sentinel,WhiteHat Sentinel Baseline Edition|WhiteHat Sentinel Premium Edition|WhiteHat Sentinel Standard Edition
http://data.europa.eu/esco/skill/e81d7bed-b7c7-41bf-a30a-e3201e8f09b3,audio mastering,mastering of audio|sound mastering|soundtrack mastering
http://data.europa.eu/esco/skill/e8dd9cc1-c83d-45ec-a7b0-e3727ab90336,create moving images,create a moving image|create images that move|create motion pictures|develop animated images
http://data.europa.eu/esco/skill/ec25e825-8c5b-4b46-950b-dcb87dd410e7,set up basic recording,set up a basic recording|set up an audio recording|set up stereo basic recording|setting up basic recording
http://data.europa.eu/esco/skill/ef64005d-75bc-4597-8ed6-717edec5e55e,enhance website visibility,website marketing
http://data.europa.eu/esco/skill/f0010b93-5552-45cb-ad26-168c8168f319,Nexpose,Rapid7 Nexpose
http://data.europa.eu/esco/skill/f0393af3-bcd9-41af-a36e-0cfb83b60081,manage standard enterprise resource planning system,maintain standard enterprise resource planning system|manage standard enterprise resource planning systems|managing standard enterprise resource planning system|oversee standard enterprise resource planning system|regulate standard enterprise resource planning system|standard enterprise resource planning system management|supervise standard enterprise resource planning system
http://data.europa.eu/esco/skill/f09e70cb-5d8c-4c57-b027-a45127c0bf92,secure sensitive customer's information,keep safe sensitive customer's information|look after sensitive customer's information|maintain sensitive customer's information|protect sensitive customer's information|secure a sensitive customer's information|securing a sensitive customer's information|securing sensitive customer's information
http://data.europa.eu/esco/skill/f4346299-e22a-4686-8e61-2c9b0cd51c7d,apply digital security measures,implement digital security measures|protect ICT devices|protect digital devices|protect personal data|remove viruses and malware from a computer|up-date online security measures|use anti-virus software
http://data.europa.eu/esco/skill/f5b33464-4df9-4cf3-b468-b0a2d6b3ee85,operate 3D computer graphics software,use 3D visualization and processing software
http://data.europa.eu/esco/skill/f8e3425c-fe44-4ffb-bafe-0e20d91dadf4,SAP Data Services,SAP|SAP analytics cloud
http://data.europa.eu/esco/skill/f8f1f725-0105-41fa-9887-4df9e7a7af1e,manage email hosting service,maintain a private e-mail service platform
http://data.europa.eu/esco/skill/f9670490-8aa4-4540-b121-d440a8294aab,develop data processing applications,build data processing applications|create data processing applications|design data processing applications|design data processing software|develop data processing software
http://data.europa.eu/esco/skill/f975091a-e5a5-4472-ac17-11680e53e98f,seek innovation in current practices,identify innovation|innovate|seek an innovative current practice|seek innovative current practices
http://data.europa.eu/esco/skill/fd89f784-88dc-4d35-abd7-86aa073cab12,keep an open mind,being open minded|demonstrate freedom from prejudice|show acceptance of others|take on new ideas and experiences
http://data.europa.eu/esco/skill/feceacee-d425-4e73-821a-02dfb85084db,control production,controlling production|direct production|manage production|oversee production|supervise production
http://data.europa.eu/esco/skill/00e53a0a-c0ba-4c9f-a2ed-4706d5832a00,guarantee customer satisfaction,ensure customer satisfaction|assure customer satisfaction|customer satisfaction guarantee|guaranteeing customer satisfaction|promise customer satisfaction|provide customer satisfaction
http://data.europa.eu/esco/skill/05aa7c09-46e7-433f-a81b-92841f4551e7,accept criticism and guidance,accept feedback|accept constructive criticism|accept critics|handle feedback|tolerate critics|welcome criticism|welcome feedback
http://data.europa.eu/esco/skill/071233c4-ad2b-4f50-b79f-768d2231163e,domain name service,DNS|DNS server
http://data.europa.eu/esco/skill/082967d4-b94c-4305-aa13-35a6aa8c5c7c,cooperate with colleagues,collaborate with co-workers|collaborate with colleagues|cooperate with co-workers|work collaboratively|work cooperatively|work in collaboration with co-workers|work in collaboration with colleague|work in cooperation with co-workers|work in cooperation with colleagues|work together with co-workers|work together with colleagues
http://data.europa.eu/esco/skill/08b04e53-ed25-41a2-9f90-0b9cd939ba3d,manage research data,administer research data|handle research data|oversee scientific data
http://data.europa.eu/esco/skill/0c766ca3-9364-4203-916b-fed16e4814c1,gather data for forensic purposes,collect data for forensic purposes|compile data for forensic purposes
http://data.europa.eu/esco/skill/0cc9c234-f817-4f4c-908a-4d28fe3b0f4a,coach employees,coach employees for performance|coach staff|employee coaching|train employees to improve performance|train staff to improve performance
http://data.europa.eu/esco/skill/0d90f823-6f6a-44df-8ab0-1771300d9660,monitor developments in technology used for design,keep updated on developments in technology used for design|keep watch on developments in technology used for design|monitor developments in design technology|monitor developments in technology used for designs|monitoring developments in technology used for design|track developments in technology used for design
http://data.europa.eu/esco/skill/0f2eee6f-2203-4cc8-9d79-854d2d5d8131,use questioning techniques,able to use questioning techniques|apply questioning techniques|ask closed questions|ask higher order questions|ask open questions|ask questions|make use of questioning techniques|prepare queries|using questioning techniques|utilise questioning techniques
http://data.europa.eu/esco/skill/1774bd31-8893-44cf-9498-7e3d95508419,screen reader,assistive technology for reading|text-to-speech software
http://data.europa.eu/esco/skill/29154735-107a-4daa-a050-537f7707f34e,conduct content quality assurance,implement content quality control|perform quantent quality assessment
http://data.europa.eu/esco/skill/3140d979-2d6a-4c10-add9-f7091103829f,create concept of digital game,design concepts of digital games
http://data.europa.eu/esco/skill/31c83903-8fc8-4bd8-9ca4-7a98a9c31eae,perform customers’ needs analysis,complete customers’ needs analysis|implement customers’ needs analysis|perform a customers’ needs analysis|performing a customers’ needs analysis|performing customers’ needs analysis|undertake customers’ needs analysis
http://data.europa.eu/esco/skill/3443f825-fe5b-4f7a-80c9-968130ed0297,monitor mixing in a live situation,control mixing in a live situation|monitor live situation mixing|monitor mixing in live situations|monitoring mixing in a live situation|oversee mixing in a live situation
http://data.europa.eu/esco/skill/3e7516dc-0f7c-4686-8b2f-fade4e5d21be,3D texturing,3D Surface Texturing Techniques|3D texturing process
http://data.europa.eu/esco/skill/4039158b-2e58-484a-8771-ad215e065c12,communicate during show,communicate effectively during a live show|communicate efficiently during a performance|communicate throughout a show|communicate throughout shows
http://data.europa.eu/esco/skill/46e93774-7c6a-4dc5-bae9-be97cc461093,inter-organisational middleware system,IOMS
http://data.europa.eu/esco/skill/485cdafb-3c7f-4104-ab1c-773e6131a39a,conduct scholarly research,conduct scholar research
http://data.europa.eu/esco/skill/4c831013-9027-4ec6-83de-c5c19e68d083,work safely with machines,handle machines cautiously|operate equipment according to safety standards|work safely with machinery|work with machines safely
http://data.europa.eu/esco/skill/4cb51222-3e2e-417c-9a5c-e9ccf262721d,ensure compliance with company regulations,ensure compliance with company policies
http://data.europa.eu/esco/skill/4d39b27a-b34f-4c89-8d46-df844d42f728,increase the impact of science on policy and society,boost the contribution of science to shaping policies and society|enhance the impact of science influence on policy and society|enhance the influence of science on governance and communities|influence decision making based on scientific evidence
http://data.europa.eu/esco/skill/4e6d2538-a48e-48a7-8dad-14b067cfcb8b,TripleStore,RDF store
http://data.europa.eu/esco/skill/4fc1d2b4-9645-4fda-be99-abdf8e66c88d,research new ideas,develop new ideas|develop new ideas and concepts|research innovation|research new ideas and concepts|search new ideas|search new ideas and concepts
http://data.europa.eu/esco/skill/518dc04d-092d-4fa1-bd82-88b7a9278ef7,manage intellectual property rights,administer copyrights|administer intellectual property rights|manage copyrights
http://data.europa.eu/esco/skill/5d76ed44-f022-4a1f-a6bd-5f0686a2ae3c,select camera apertures,adjust camera lenses|choose appropriate camera lenses|select apertures for cameras|select camera aperture
http://data.europa.eu/esco/skill/5d9e766b-8f17-4e17-bfab-3bb0e0719791,define quality standards,define quality standard|defining quality standards|determine quality standards|draw up quality standards|set quality standards
http://data.europa.eu/esco/skill/5f08605b-aa03-45ed-bc49-395477783a38,prevent fire in a performance environment,prevent a performance environment from catching fire|prevent fire|prevent fire and perform first fire intervention|prevent fires during a performance
http://data.europa.eu/esco/skill/60d97332-5284-47f9-a5ff-5e73c10806a0,de-rig electronic equipment,de-rigging electronic equipment|disassemble electronic equipment|disconnect electronic equipment|dismantle electronic equipment
http://data.europa.eu/esco/skill/6195c5f7-a4fb-425d-a3dd-c4467c4471a3,deploy cloud resource,cloud deployment|deployment and provisioning|provision cloud resources
http://data.europa.eu/esco/skill/6339a2d3-0c34-4156-b202-5929764fb720,musical notation,music notation|music theory|musical notations|musical rudiments
http://data.europa.eu/esco/skill/6474fc36-67ae-436b-9d39-c14402c6a89b,use ICT hardware,operate ICT hardware|utilise ICT hardware
http://data.europa.eu/esco/skill/66509193-f1ce-44a6-8c4e-db24dcd19cdd,prepare personal work environment,plan personal work environment|prepare personal environment at work|prepare personal work setting|prepare to work in personal environment
http://data.europa.eu/esco/skill/6d289e8b-2cc1-4eda-ab1f-ad1090ef98f0,WordPress,WordPress CMS
http://data.europa.eu/esco/skill/6fe76a8b-4d5f-4cea-b76b-5908463fb014,study website behaviour patterns,study a website behaviour pattern|study website behavior patterns|study website behaviour activity|study website behaviour findings|study website behaviour results|study website behaviour trends|studying website behaviour patterns|the study of website behaviour patterns
http://data.europa.eu/esco/skill/736ef286-fbd3-4e5c-a4b4-d1e2008c9898,plan digital marketing,develop digital marketing strategies|manage internet advertising|plan marketing digitally
http://data.europa.eu/esco/skill/7378b8c3-3b62-46de-9d67-1c9528954615,adapt to type of media,adapt to media type|adapt to types of media|adapting to type of media|adjust to type of media|modify to type of media
http://data.europa.eu/esco/skill/76ef6ed3-1658-4a1a-9593-204d799c6d0c,NoSQL,NoSQL database management system|NoSQL non-relational database|Not Only SQL database management system|Not Only SQL non-relational database
http://data.europa.eu/esco/skill/778ca7ad-6c5d-4868-9b96-a7777dca799c,ICT help platforms,ICT help desk platforms|ICT help desks
http://data.europa.eu/esco/skill/7961413f-61d0-4722-9cd9-20a050a29899,perform software unit testing,perform unit testing
http://data.europa.eu/esco/skill/80e961f6-1482-4a28-9810-941b8aea1e86,synchronise sound with images,coordinate sound with images|match sound with images|synchronise sound with image|synchronise sounds with images|synchronising sound with images|synchronize sound with images
http://data.europa.eu/esco/skill/897b393f-e7e0-4248-a40d-d77119694e83,distributed computing,cluster computing|grid computing|parallel computing
http://data.europa.eu/esco/skill/911e13ee-1eec-4243-88c8-3c08a3681a19,manage resources,coordinate resources|management of resources|resources management
http://data.europa.eu/esco/skill/925cb6fb-9506-48a5-9106-400088a4a436,arrange audit,arrange audits|arranging audit|manage audit|organise audit|plan audit|prepare audit
http://data.europa.eu/esco/skill/9b6a88df-d64d-4c06-ad01-dc23dc92632d,organise resources for artistic production,arrange resources for artistic production|coordinate resources for artistic production|manage resources for artistic production|organise resources for artistic productions|organise resources for production|organising resources for artistic production|organize resources for artistic production
http://data.europa.eu/esco/skill/9ce52938-fe28-4548-b38d-0c783933e19a,edit digital moving images,edit digital footage|edit digital images of animation|edit digital images of movement|edit moving digital images
http://data.europa.eu/esco/skill/9e9a4209-c7cf-4f6e-973e-dc2ffadccc74,perform procurement processes,apply procurement|applying procurement|order goods and equipment|purchase
http://data.europa.eu/esco/skill/a1388163-462a-4b76-8649-67470ea858a1,search databases,consult databases|look through databases|research in databases|search database|searching databases
http://data.europa.eu/esco/skill/a4346013-a967-4a58-a533-6b32ad1364c5,data protection,data privacy|information privacy|paradigms of data privacy|paradigms of data protection|principles of data privacy|principles of data protection|principles of information privacy|protection of data|protection of private data|protection of private information
http://data.europa.eu/esco/skill/a4e31589-3632-4926-91d0-15b889c90b9b,IBM WebSphere,WebSphere application server
http://data.europa.eu/esco/skill/a6d2edbd-5f87-40e0-a227-b7ae8c08db03,adjust projector,adjust projector's focus|adjust projector's lens focus|adjust the focus of a projector|adjust the focus of a projector's lens|fine-tune a projector's lens focus|focus projector's light beam|focus the light beam of a projector
http://data.europa.eu/esco/skill/a7a14be2-78b5-4b4a-ba77-2658285e2756,apply reverse engineering,extract information by applying reverse engineering
http://data.europa.eu/esco/skill/a99c6783-50c0-4f7a-99df-bf93429ef6dc,use precision tools,operate precision tools|operating precision tools|precision tool operating|precision tool using|precision tool working|precision tools operating|precision tools using|using precision tools|work with precision tools|working with precision tools
http://data.europa.eu/esco/skill/a9bf8565-8a09-4118-9922-932d65a79d69,manage localisation,manage content localisation|manage content localization|manage content translation and localisation|manage localization|manage translation and localisation
http://data.europa.eu/esco/skill/abb9c7f1-6d69-4feb-913e-6e577d426ea4,operate projector,employ projector|operate projectors|operating projector|run projector|use projector
http://data.europa.eu/esco/skill/ae4f0cc6-e0b9-47f5-bdca-2fc2e6316dce,manage ICT virtualisation environments,manage ICT virtualization machines|manage containerization|manage virtualisation of servers and workstations
http://data.europa.eu/esco/skill/af529b5d-a055-4dfa-a386-1b1c1c8670e3,operate broadcast equipment,operate broadcast apparatus|operate broadcast devices|operate broadcast gear|operate broadcast instruments|operate broadcasting equipment|operating broadcast equipment
http://data.europa.eu/esco/skill/b0560439-14eb-41d1-aa53-1938efc24123,content marketing strategy,a contents marketing strategy|content marketing blueprint|content marketing plan|content marketing proposal|content marketing strategies|contents marketing strategy
http://data.europa.eu/esco/skill/ba1b0441-a6b8-4e57-8ccc-871012f63e42,trading software,trading application|trading software solution
http://data.europa.eu/esco/skill/c0e2f74c-51f0-4020-9756-d190848cf181,integrate content into output media,integrate media content
http://data.europa.eu/esco/skill/c0fc7d2d-d013-40d7-bc58-75cf3771153f,perform minor repairs to equipment,equipment maintenance|maintain equipment|maintaining equipment|maintaining of equipment|maintenance of equipment|perform minor equipment repairs|performance of minor repairs to equipment|performing minor equipment repairs|performing minor repairs to equipment|performing of minor repairs to equipment
http://data.europa.eu/esco/skill/c77db25e-bb51-4a10-b2ad-99b48b1b4a37,maintain computer hardware,computer hardware maintaining|computer hardware repairing|maintaining computer hardware|repair computer hardware|repairing computer hardware
http://data.europa.eu/esco/skill/c7d328f4-87a7-4091-8eb5-122f471bd954,collaborate on costume and make-up for performances,ensure cooperation among production on costume and make-up department|ensure cooperation between costume department and make-up department
http://data.europa.eu/esco/skill/cace7a77-38b7-4cdf-8171-e17692bef5f6,respond to customers' inquiries,answer customers' inquiries|deal with client's enquiries|respond to a customer inquiry|respond to inquiries by customers
http://data.europa.eu/esco/skill/cc5ba652-736c-401c-bb5d-de17990ed619,supervise camera crew,direct camera crew|manage camera crew|organise camera crew|oversee camera crew|supervise camera crews|supervising camera crew
http://data.europa.eu/esco/skill/cc7b37ef-9a91-4d16-ba55-138208c20502,record music,capture musical sounds|record audio|recording music
http://data.europa.eu/esco/skill/cd990eab-c6a9-4c11-b17d-b12a98f6573b,establish customer rapport,build customer rapport|create customer rapport|establish a customer rapport|establishing a customer rapport|establishing customer rapport|institute customer rapport|start customer rapport
http://data.europa.eu/esco/skill/d63f49de-cb72-4ce3-9553-a374a4f32f52,analyse data about clients,analyse client data|analyse clients interests|analyse customer interests|analyse data about customers|analyse data about guests|analyse data about visitors|analyse data on clients|analyse guests interests|analyze data about clients|undertake customer analysis
http://data.europa.eu/esco/skill/d6cdef49-b669-4507-91d1-3f959cf98e47,maintain database performance,execute database maintenance
http://data.europa.eu/esco/skill/d78dedfc-21d2-45fd-ba05-e56b7a8865e6,network standards,network codes|network guidelines|network protocols
http://data.europa.eu/esco/skill/d86babea-bf8b-4552-81a8-daf706066ad6,manage environmental impact of operations,assess and monitor environmental impact|assess and monitor operations impact on the environment|environmental impact assessment and monitoring|environmental impact management|manage environmental impact|manage operations impact on the environment
http://data.europa.eu/esco/skill/dd009c14-f702-4d16-a919-8d2098205cf4,maintain system layout for a production,establish and maintain the system layout for a production|maintain a production system layout|maintain a system for production layout|plan and keep a production system layout
http://data.europa.eu/esco/skill/e71c6cee-7247-49f4-829a-141c880ae938,advice on security risk management,advise on management of security risks|advise on security risks|advising on security risk management|make recommendations about security risk management|offer suggestions on security risk management
http://data.europa.eu/esco/skill/e7219848-a27a-4bf4-8775-d367707be7c9,sales strategies,a sales strategy|sales blueprints|sales plans|sales policies|sales scenarios|sales strategy|strategies for sales
http://data.europa.eu/esco/skill/e819cc1e-09d9-47f2-b418-93972852daef,MarkLogic,MarkLogic NoSQL database|MarkLogic non-relational database
http://data.europa.eu/esco/skill/eca40476-bf90-44fd-b318-c609ab083bc4,store performance equipment,keep performance equipment|put away performance equipment|store equipment for performance|storing performance equipment
http://data.europa.eu/esco/skill/f40da95c-febe-406c-96aa-2d6d9c09a0a3,convert different audiovisual formats,adapt different audio-visual formats|convert a different audio-visual format|converting a different audio-visual format|converting different audio-visual formats|modify different audio-visual formats|reorganise different audio-visual formats|transform different audio-visual formats
http://data.europa.eu/esco/skill/f715be1d-5fc4-49d3-82a5-0b8090d12849,synthesise information,critically summarise information|interpret complex information|summarise information|synthesise complex information|write synthesis essays
http://data.europa.eu/esco/skill/f8249dd0-c832-47d4-a9b5-0dad85d2bd16,supervise sound production,direct sound production|manage sound production|organise sound production|oversee sound production|supervise sound productions|supervising sound production
http://data.europa.eu/esco/skill/fa3567c8-a7c1-40de-bac0-a4f5a85b9f1a,develop contingency plans for emergencies,compose contingency plans for emergencies|compose emergency contingency plans|create contingency plans for emergencies|create emergency contingency plans|develop contingency plans for use in emergencies|develop emergency contingency plans|outline actions to be taken in the event of an emergency|outline procedures to taken in the event of an emergency|produce action plans for emergency situations|produce emergency action plans|produce plans for procedures to be taken in an emergency
http://data.europa.eu/esco/skill/fb3bc9b5-2297-4bba-85b1-60f696a92db8,characteristics of services,aspects of services|attributes of services|characteristic of a service|characteristics of a service|components of services|qualities of services|service characteristics
http://data.europa.eu/esco/skill/fff0e2cd-d0bd-4b02-9daf-158b79d9688a,natural language processing,NLP
http://data.europa.eu/esco/skill/00c04e40-35ea-4ed1-824c-82f936c8f876,incremental development,gradual development
http://data.europa.eu/esco/skill/0737ad0a-75ac-4696-988b-565820577ac0,use experience map,determine the duration of a touchpoint|determine the frequency of a touchpoint|examine touchpoints with a brand|examine touchpoints with a product|examine touchpoints with a service
http://data.europa.eu/esco/skill/07dd856d-6141-48a7-a228-918f88494812,create prototype of user experience solutions,UX
http://data.europa.eu/esco/skill/0a099c81-6a0c-4f00-bb3b-990d23ec03a5,manage ICT change request process,coordinate ICT change request process|govern ICT change request process|handle ICT change request process|oversee ICT change request process|specify the need for ICT change requests
http://data.europa.eu/esco/skill/0a52bed5-fd29-45fb-aba6-e32bccfda1c1,plan migration to cloud,cloud migration planning|plan refactoring|prepare plan for migration to cloud
http://data.europa.eu/esco/skill/0e361e34-c563-4892-b9d3-873a6a4fef8a,digital game genres,mechanics of digital games
http://data.europa.eu/esco/skill/0ebd8359-48bc-4b28-adb1-450774e5f683,transfer uncut audiovisual material to computer,transfer audiovisual uncut material to computer|transfer to computer uncut audiovisual material|transfer unclipped audiovisual material to computer|transfer unedited audiovisual material to computer
http://data.europa.eu/esco/skill/0efbe2dc-2770-47ec-b8f4-d1bdff6ac0a4,advise on risk management,propose on accident management|propose on risk management|recommend on accident management|recommend on risk management|strategise on accident management|strategise on risk management|suggest on accident management|suggest on risk management
http://data.europa.eu/esco/skill/0fb753a1-2ef2-4429-84d2-ecb2b24daf7a,Apache Tomcat,Tomcat
http://data.europa.eu/esco/skill/0ffdb6ac-03b5-4f1c-bfcc-3d9cb874fdf9,ethical hacking principles,ethical hacking techniques
http://data.europa.eu/esco/skill/117373c8-f04b-4fff-8683-aebe36edac81,hardware platforms,hardware configuration characteristics|hardware configuration requirements
http://data.europa.eu/esco/skill/14ced458-5f4b-495f-bd3d-9c240614bda0,Adobe Photoshop,Adobe Photoshop CC|Adobe Photoshop Elements
http://data.europa.eu/esco/skill/18ab25a5-ce2d-4cd5-b7b0-3890f595f77d,manage alarm system,alarm device|intrusion detection system
http://data.europa.eu/esco/skill/19c0e68e-6e6c-4698-85dc-ef66a9de2c37,maintain information network hardware,keep information network hardware in good condition|keep up information network hardware|maintain network hardware|maintaining information network hardware|oversee information network hardware
http://data.europa.eu/esco/skill/1dea2f3a-857c-4fc3-b1f8-d5f2015c46a9,give instructions to staff,communicate instructions to colleagues|communicate instructions to personnel|communicate instructions to staff|communicate staff instructions|deliver directions to staff|give instructions to colleagues|give instructions to personnel|give instructions to work force|give staff directions|provide instructions to staff|provide staff with instructions
http://data.europa.eu/esco/skill/21dd999b-c5cc-4cec-8a9f-33f07079c12e,broadcast equipment,broadcast apparatus|broadcast devices|broadcast gear|broadcast instruments|broadcasting equipment
http://data.europa.eu/esco/skill/23ac233d-84ad-4517-b0f5-8ca19ba2614e,monitor developments in field of expertise,follow developments in field of expertise|keep up with developments in field of expertise|monitor developments in fields of expertise|monitoring developments in field of expertise|monitors developments in field of expertise|stay abreast of developments in field of expertise|track developments in field of expertise
http://data.europa.eu/esco/skill/26879b10-1df9-4071-a4c5-cb8e32eddb99,acoustics,acoustic sounds|amplification|hearing|knowledge of acoustics|noises|sounds|understand acoustics
http://data.europa.eu/esco/skill/27b913f0-3c52-448b-ad27-fc6ef08fb326,Adobe Illustrator,Adobe Illustrator CC
http://data.europa.eu/esco/skill/33d49d4f-31ec-473f-9b8a-b555aa5116bb,iterative development,iterative development methodology
http://data.europa.eu/esco/skill/37a438f3-e28c-4e32-83c5-299f047c1dc9,apply tools for content development,use content development tools|use language checkers|use language editing tools|use terminology management tools|use translation memory systems
http://data.europa.eu/esco/skill/4339176e-3acd-4f7f-a5d9-445bee3d23f2,mathematics,calculation|field of mathematics|mathematical subjects|maths|numeracy|quantitative data|solid modeling|study of mathematics
http://data.europa.eu/esco/skill/43f0bfbb-8cda-4e31-8dcc-9ea479aae08c,update design results during rehearsals,improve creation following rehearsals|improve design outcome during rehearsals|update results of design during rehearsals|update results of design during the rehearsal
http://data.europa.eu/esco/skill/468135b7-5757-48c3-9509-fde0e13ec5be,manage personal progression,manage career goals|manage life goals|plan your career
http://data.europa.eu/esco/skill/4840338b-ac6c-486a-be1d-9ddfe00b8bdf,Spiral development,Spiral development methodology
http://data.europa.eu/esco/skill/4a466c62-db7d-4905-9a41-f23214810acb,GIMP (graphics editor software),GIMP|GIMP for digital editing|GIMP for graphics composition|GIMP software|GNU Image Manipulation Program
http://data.europa.eu/esco/skill/4b973dcf-3ffc-4c70-b84a-8360e63db7cd,attend rehearsals,attend rehearsal|attending rehearsals|go to rehearsals|join rehearsals|participate in rehearsals
http://data.europa.eu/esco/skill/5cd1930c-278d-4929-b413-27352f5b3687,cope with uncertainty,deal with uncertainties|dealing with uncertainty|handle ambiguity|handle uncertainty|manage uncertainty
http://data.europa.eu/esco/skill/5fd5c985-eaaa-47aa-8314-62359c54505a,develop digital content,
http://data.europa.eu/esco/skill/61970f8b-099c-4e7e-82e0-9ccdced0baf3,assist customers,aid customers|assist a customer|assisting customers|customers assistance|facilitate customers|help customers|support customers
http://data.europa.eu/esco/skill/64e09849-a7db-4d6b-a932-66264420eb97,apply social media marketing,administer social media marketing|application of social media marketing|applying social media marketing|employ social media marketing|implement social media marketing|social media marketing application|utilise social media marketing
http://data.europa.eu/esco/skill/6a876489-7ad8-4a13-b09c-c9b8e97a302e,Waterfall development,Waterfall project management|Waterfall software development
http://data.europa.eu/esco/skill/6a899482-8bcf-40ca-ae67-579a1cc467ab,manage engineering project,coordinate engineering project|manage engineering projects|managing engineering project|managing engineering projects|monitor engineering project|oversee engineering project|supervise engineering project
http://data.europa.eu/esco/skill/6b4bff9e-11e7-45b9-9b21-2d205c2fe771,develop an artistic approach to your interpretation,contribute to performance by developing artistic approach|develop your interpretation with an artistic approach|give your interpretation an artistic approach
http://data.europa.eu/esco/skill/71717c33-dd63-4acf-b052-a5fd5d9fc490,ensure information privacy,ensure confidentiality of data and information|ensure data privacy|maintain privacy and confidentiality of information
http://data.europa.eu/esco/skill/751941a0-5645-4f8b-b97e-b252909d5edb,develop ICT workflow,design ICT workflows
http://data.europa.eu/esco/skill/75b30aeb-34c0-40f4-b77d-271d75a98b14,improve business processes,improve processes|manage processes
http://data.europa.eu/esco/skill/75e48971-3242-4ea5-a1ba-4deec48ad41c,manage teamwork,create a plan of teamwork|develop teamwork schedule|manage teamwork practices|manage the work of teams and individuals|organise work practices|plan teamwork|plan the work of teams and individuals|plan work as a team|plan working in a team|teams and individuals work managing|teams and individuals work planning|work managing|work managing of teams and individuals|work planning of teams and individuals
http://data.europa.eu/esco/skill/77f109c4-3107-4d2a-a512-5160ac103933,analyse environmental data,analysing environmental data|analyze environmental data|evaluate environmental data|examine environmental data|inspect environmental data|review environmental data|survey environmental data
http://data.europa.eu/esco/skill/79e29b8b-47d1-470d-b7b1-32506bfe7d9a,collect ICT data,collect digital data|gather digital data|gather digital data; obtain digital data|obtain digital data
http://data.europa.eu/esco/skill/7a93e22f-54d8-4bf0-9213-d711f6601b49,work efficiently,do your job efficiently|efficiently work|labor efficiently|work in an economical way|working efficiently
http://data.europa.eu/esco/skill/85038d57-1fdd-40de-b908-2c005545a8c3,SketchBook Pro,Autodesk SketchBook Pro|SketchBook
http://data.europa.eu/esco/skill/86f7126d-97fd-4da5-be96-d1cf6ecd54e6,Microsoft Visio,MS Visio|Microsoft Office Visio|Office Visio 2003|Office Visio 2007|Visio 2000|Visio 2002|Visio 2010|Visio 2013|Visio 2016
http://data.europa.eu/esco/skill/8867088a-e54d-41bc-81e8-a21ff98e81d3,calibrate electronic instruments,adjust electronic instruments|adjust the reliability of electronic instruments|correct the reliability of electronic instruments|fine-tune electronic instruments
http://data.europa.eu/esco/skill/89d2bb53-67fc-4b9e-80c7-07b6c587bc0d,work safely with chemicals,operate safely with chemicals|perform duties safely with chemicals|working safely with chemicals
http://data.europa.eu/esco/skill/8a7a0d46-d88a-4ab0-bfa4-d861a82bab3c,operate remote broadcast equipment,operate live remote equipment|operate live shot equipment
http://data.europa.eu/esco/skill/906323f4-00c4-4c3b-ab5a-8af77be3456e,create data sets,create a data set|creating data sets|data set creation|design data sets|develop data sets|establish data sets|produce data sets
http://data.europa.eu/esco/skill/940a70fa-7c58-423b-8d03-34920b59f0f7,manage processes,maintain processes|manage a process|managing a process|managing processes|oversee processes|regulate processes|supervise processes
http://data.europa.eu/esco/skill/9531fe02-1e1f-4a36-95f7-a76a77cd4b8d,consult with business clients,communicate with business clients|consult with clients of business|consulting with business clients|obtain feedback from business clients
http://data.europa.eu/esco/skill/95ee5e38-5c1e-4cd2-a21d-6921390025a9,usability engineering,usability testing
http://data.europa.eu/esco/skill/96eb286a-58b7-45ff-a916-5578d0b79b8c,Rapid application development,Rapid application development methodology|Rapid application development model
http://data.europa.eu/esco/skill/9889b795-d755-41b2-8afd-2e3c87a65a38,use customer relationship management software,adopt customer relationship management software|apply customer relationship management software|handle customer relationship management software|operate customer relationship management software|use a customer relationship management software programme|use of customer relationship management software|using customer relationship management software
http://data.europa.eu/esco/skill/a0bf9b9d-e53f-418c-a839-5d99eff718fe,conduct search engine optimisation,carry out search engine optimisation|conduct a search engine optimisation|conduct search engine optimization|conducting a search engine optimisation|conducting search engine optimisation|manage search engine optimisation|organise search engine optimisation|undertake search engine optimisation
http://data.europa.eu/esco/skill/a35b9b1c-ebfe-41ac-96be-2a7b2ea04670,file-based workflow,file-based workflows
http://data.europa.eu/esco/skill/a80fb090-63f4-4b05-83a5-2f090deb7757,manage data collection systems,oversee data collection methods
http://data.europa.eu/esco/skill/ac516e9b-8bfa-4b72-8e3e-340b0a3a51d5,manage content development projects,implement content strategy
http://data.europa.eu/esco/skill/b0ac313d-de44-4344-ada6-76d2177b6d92,Synfig,Synfig Studio
http://data.europa.eu/esco/skill/b4877620-c375-45f3-a678-2ddb4dae6a29,repair ICT devices,maintain ICT devices
http://data.europa.eu/esco/skill/bb562019-5222-45db-a16c-730edbb1d27c,define ICT network design policies,define ICT network architecture framework|establish ICT network design policies|specify ICT network design principles
http://data.europa.eu/esco/skill/bd698bbe-7003-4508-b422-46c2ff4d5e95,business strategy concepts,business strategy level|business strategy tiers|strategic and operational business mindset|strategic business operations
http://data.europa.eu/esco/skill/bdcf429c-5ccf-4c3d-bb61-4c987573a35e,show entrepreneurial spirit,demonstrate entrepreneurial spirit|demonstrate entrepreneurship|demonstrate willingness to take risks|display entrepreneurial spirit|exhibit entrepreneurial spirit|identify opportunities|pursue opportunities|reveal entrepreneurial spirit|show an entrepreneurial spirit|showing an entrepreneurial spirit|showing entrepreneurial spirit
http://data.europa.eu/esco/skill/bff8e986-204f-41f0-b760-6fc9bf6029fd,define artistic approach,define artistic approaches|defining artistic approach|outline artistic approach|set forth artistic approach|state artistic approach clearly
http://data.europa.eu/esco/skill/c0733631-0c5e-4b5c-a291-aad52ca493ce,adapt existing designs to changed circumstances,adapt existing designs to changing circumstances|adapt existing designs to circumstances that changed|modify designs according to changed circumstances|vary existing designs to circumstances that changed
http://data.europa.eu/esco/skill/c3e88160-eebc-4cb9-aacb-c11792bcdc7a,consult with stakeholders on implementation of a production,confront stakeholders about implementing a production|consult stakeholders on a production's implementation|consult with stakeholders on production's implementation|discuss production's implementation with various stakeholders
http://data.europa.eu/esco/skill/c4b1f326-224a-420a-b8b3-814a8f13b6cb,implement front-end website design,design and develop front-end website|provide front-end website design
http://data.europa.eu/esco/skill/cc608319-716f-4940-b80d-79e76d8a2cad,projection equipment,projecting equipment|projection apparatus|projection devices|projection gear|projection instruments|projections equipment
http://data.europa.eu/esco/skill/d11e4683-d2fe-45fd-bb1a-e995f7877851,musical theory,music theory|musical philosophy|musical principles|musical science
http://data.europa.eu/esco/skill/d60f6482-39b0-4a8d-acdc-ac26fbe5fca7,read musical score,interpret musical score|read musical scores|reading musical score|understand musical score
http://data.europa.eu/esco/skill/d6e3395b-5ab6-4fba-969a-3df634e904c5,ICT network cable limitations,ICT network line limitations|ICT network wire limitations
http://data.europa.eu/esco/skill/d822b4b2-26c7-4bd9-970d-229c6504f615,create digital content,create content in digital form|edit digital content|produce digital content
http://data.europa.eu/esco/skill/df0612db-366c-4ff5-b106-40b9e385195c,utilise decision support system,employ decision support systems|use ICT systems for decision making|utilise ICT systems for decision making|utilize ICT systems for decision making|utilize decision support system
http://data.europa.eu/esco/skill/e5beeff8-7c98-490a-ae2c-16fbb6a87305,manage keys for data protection,manage data protection keys
http://data.europa.eu/esco/skill/e8171178-9a60-40a6-ad3b-510e10cfebad,render 3D images,convert 3D wire frame models into 2D images|employ specialised tools to render 3D images|use 3D non-photorealistic effects to render 3D images|use 3D photorealistic effects to render 3D images|use computer tools to render 3D images
http://data.europa.eu/esco/skill/ec85cc63-4e24-4631-bf92-8789db2605c0,maintain database security,keep database security
http://data.europa.eu/esco/skill/ed1d8bd4-cd2a-4c64-b665-56d70651026c,Prototyping development,prototyping methodology
http://data.europa.eu/esco/skill/ee8fee1a-75c1-43fb-b08d-779929f99249,apply control process statistical methods,administer control process statistical methods|apply a control process statistical methodology|apply control process statistical methodology|apply control processing statistical method|employ control process statistical methods|implement control process statistical methods|utilise control process statistical methods
http://data.europa.eu/esco/skill/eeca3780-8049-499f-a268-95a7ad26642c,SaaS (service-oriented modelling),SaaS model
http://data.europa.eu/esco/skill/f0f5bb34-71df-4715-9c9e-03567b76ec8f,create website wireframe,develop website wireframe|set up website wireframe
http://data.europa.eu/esco/skill/f0ff6f10-cbb4-44c0-acd5-ed17046b1396,install signal repeaters,install amplifiers and repeaters
http://data.europa.eu/esco/skill/f60c9e52-95fc-4ca1-a73c-18a491153b63,make strategic business decisions,PPC|make strategic business choices|make tactical business decisions|pay per click
http://data.europa.eu/esco/skill/f6868852-9bf6-4899-a5d6-5f9532fb877d,design component interfaces,design and implement component interfaces
http://data.europa.eu/esco/skill/febcc41e-bf0c-4733-a498-c2881c86ce88,set up broadcast equipment,assemble broadcast equipment|mount broadcast equipment|prepare broadcast equipment|setting up audio-visual equipment
http://data.europa.eu/esco/skill/07889c08-7220-47c8-96f7-6068fbea00dc,normalise data,normalize data|perform data pre-processing|prepare data
http://data.europa.eu/esco/skill/0ee94c0a-3716-494a-95a2-dcbab9e58be2,business requirements techniques,business requirements identification
http://data.europa.eu/esco/skill/1019423b-3368-4f83-b24f-19e5fa23e816,software UI design patterns,best practices for software user interface tasks|software UI design best practices|software user interface design patterns|solutions for software UI tasks|solutions for software user interface tasks
http://data.europa.eu/esco/skill/114c9698-c999-4369-8498-81bf641fe871,establish an ICT security prevention plan,
http://data.europa.eu/esco/skill/1859883d-c047-4fe1-8e74-7bb4385d6ad2,apply 3D imaging techniques,apply curve modelling|apply digital scuplting|create 3D vector graphics|edit point clouds|implement 3D imaging techniques
http://data.europa.eu/esco/skill/1e8751e3-9b7a-4230-a6e5-83bf57fb70b6,safeguard artistic quality of performance,observe the show and maintain the artistic quality|safeguard quality of artistic performance|safeguard the performances' artistic quality|watch the show and ensure artistic quality
http://data.europa.eu/esco/skill/21c5790c-0930-4d74-b3b0-84caf5af12ea,manage budgets,approximate set costs|budget set costs|estimate set costs|handle operational budgets|maintain operational budgets|manage operation budgets|manage operational budget|oversee operational budgets
http://data.europa.eu/esco/skill/2de4572a-4724-4f76-afc2-72a568a264ac,speak different languages,speak foreign languages|communicate in multiple languages|speak a different language
http://data.europa.eu/esco/skill/41bf7ede-fc84-4a57-8c89-b548d11b0ba1,manage business knowledge,formalise knowledge in ICT-system|manage information and knowledge|manage knowledge|model ontologies
http://data.europa.eu/esco/skill/4a193795-fa63-414e-9f2e-bfdb3924571e,handle data samples,collect data samples|handle data samples for statistical purposes|manage data samples
http://data.europa.eu/esco/skill/4da4587a-fd0b-4ca2-886c-c42a1562d432,design cloud networks,create cloud network|implement cloud network
http://data.europa.eu/esco/skill/4e039fe9-e7d3-4d9b-82e5-381269a38ceb,set up cameras,assemble cameras|prepare cameras for use|setting up cameras
http://data.europa.eu/esco/skill/5033c2fb-ec55-4b8e-b0a4-9379593f1e1c,maintain equipment,equipment maintenance|maintaining equipment|maintenance of equipment|control equipment|manage equipment|preserve equipment|sustain equipment
http://data.europa.eu/esco/skill/5c66ce3a-658d-43b1-9d8d-0f39be6c0f2e,WebCMS,WebCMS software systems
http://data.europa.eu/esco/skill/5d34adde-0b78-42b4-9d3d-69e9388d8398,oversee quality control,administer quality control|control quality control|manage quality control|oversee quality controls|overseeing quality control|oversight of quality control|supervise quality control
http://data.europa.eu/esco/skill/6a7792a9-888a-46ad-afc9-2c0d94c8fde6,create business process models,design business process models|develop business process diagrams
http://data.europa.eu/esco/skill/6b3afb82-c4ea-4f14-be54-a757fb762663,Vagrant,Vagrant software|Vagrant tool
http://data.europa.eu/esco/skill/72d1fa5d-1b7f-48e7-84e3-6e779841ddf1,demonstrate loyalty,back company plan|champion company plan|follow organisation's vision|show loyalty|support company mission|support company plan|support plans of the company
http://data.europa.eu/esco/skill/7a147904-22b3-498a-b4d9-7bceeb86b45d,cope with stress,accept challenges|cope with pressures|coping with pressure|deal with pressure|handle pressure|manage pressure|perform under pressure|show mental resilience|stay cool under pressure|work under pressure
http://data.europa.eu/esco/skill/8327754d-3990-4056-b07e-4faa49cfcd26,innovate in ICT,conduct research in ICT
http://data.europa.eu/esco/skill/84bbad5b-6560-440a-89f0-0e61729e80a0,mix sound in a live situation,mix audio during a live setting|mix sound during a live situation|mixing sound in live situation|sound mixing in a live situation
http://data.europa.eu/esco/skill/89ba58e8-a67e-4d2b-ad42-6acab25c241b,measure customer feedback,ensure customer satisfaction|assess customer satisfaction|collect and manage client feedback|collect and manage customer feedback|evaluate customer feedback|measure feedback from customers|measuring customer satisfaction|process customer feedback
http://data.europa.eu/esco/skill/910becaf-d07b-455a-a363-0bf9430afb51,clean equipment,clean apparatus|clean machinery|clean machines|clean sporting devices|cleaning equipment|cleanse equipment|cleansing equipment
http://data.europa.eu/esco/skill/91a58da7-2111-4a03-9874-37311e105d06,coach staff for running the performance,coach staff to run the performance|coaching staff to run the performance|instruct staff how to run the performance|train staff to run the performance
http://data.europa.eu/esco/skill/93350886-a21b-4e61-a1b1-319a325c0f90,express yourself creatively,dance|demonstrate sense of rhythm|draw|engage in artistic self-expression|express ideas experiences and emotions creatively|paint|play instruments|sing
http://data.europa.eu/esco/skill/967b60c2-4657-4ffc-bcaf-aab565793f97,philosophy,basic principles of philosophy|study of philosophical systems
http://data.europa.eu/esco/skill/97db841c-31bf-4aa0-85b9-0ddd0a77b7a5,analyse a script,analyse scripts|analysing script|analyze a script|evaluate script|look over script|review script|study script
http://data.europa.eu/esco/skill/9b9de2a4-d8af-4a7b-933a-a8334ae60067,JavaScript Framework,
http://data.europa.eu/esco/skill/a520b743-8f40-43ac-a2d5-755899120844,audio technology,audio equipment|audio software|audio techniques|audio technologies
http://data.europa.eu/esco/skill/a584a638-a2c0-4b3c-bdf3-a64f87225be9,mentor individuals,guide individuals|guide people|help individuals|help people|support individuals|support people
http://data.europa.eu/esco/skill/a59708e3-e654-4e37-8b8a-741c3b756eee,multimedia systems,a multimedia system|multimedia arrangement|multimedia organisation|multimedia scheme|multimedia structure|multimedia system
http://data.europa.eu/esco/skill/a9b68e58-766a-403d-b5fe-955b57bdad1b,operate electronic measuring instruments,current meter operating|operate multi meter|operate volt meter|voltage meter operating
http://data.europa.eu/esco/skill/abdc7ac8-151f-40c6-bc1a-1e9b4b073290,augmented reality,AR|AR creation process|AR techniques|augmented reality creation process|augmented reality techniques
http://data.europa.eu/esco/skill/b3c8eada-b0a8-4b61-968b-b354fbfb6874,configure ICT system,set up ICT systems
http://data.europa.eu/esco/skill/bc8b2c74-cce5-497e-85c2-51d3ede632ad,audiovisual products,AV products|audio-visual product
http://data.europa.eu/esco/skill/be64bb4c-84ac-4c83-8cc7-fc8593e15136,test system accessibility for users with special needs,ensure software accessibility
http://data.europa.eu/esco/skill/c1f29568-f2bb-49d2-b6c2-28748bd1629b,manage online content,manage website content
http://data.europa.eu/esco/skill/c2cbbccf-4ffd-4626-86e7-505b39c872a0,implement spam protection,implement email spam filter|implementing email spam filter|implementing spam protection|install spam filter|installing spam filter|load spam filter|spam protection implementing
http://data.europa.eu/esco/skill/c8ac1986-38fa-43b2-89dc-50a4beeb420e,electricity,basic electricals|basic electrics|electricals|electricity basics|electrics|electrification
http://data.europa.eu/esco/skill/d7734eca-1359-4169-87ea-0b8512ae9425,maintain sound equipment,check sound equipment|maintain equipment of sound|repair sound equipment|set up and check audio equipment
http://data.europa.eu/esco/skill/dfc63948-4423-4be0-9b32-8e532f90f2ed,set up sound reinforcement system,set up a reinforced sound system|set up a sound system that is reinforced|tune up sound reinforcement system|tune up the PA|tune up the public address system
http://data.europa.eu/esco/skill/e1f5c539-7c93-49ee-917d-a24e0d887686,control of expenses,administer expenses|control expenses|controlling expenses|expenses controls|oversee expenses|supervise expenses
http://data.europa.eu/esco/skill/e207163b-7963-4c3e-9494-7a4bb000211b,estimate duration of work,time estimation of work
http://data.europa.eu/esco/skill/e6b8f934-7f35-4dc6-9a64-f6c43acdc00b,software components suppliers,suppliers of software components
http://data.europa.eu/esco/skill/ed1fbdc3-1071-423c-9bb4-e3288ca6d1fe,hardware components suppliers,hardware suppliers
http://data.europa.eu/esco/skill/edebd83d-35f6-4ed5-a940-6c203d178c01,data science,data science process|science of data
http://data.europa.eu/esco/skill/f2d57f41-43b4-4f5b-8100-3df5c21eda50,process data,analyse data|convert data|data processing|handle data|measure data|processing data|processing of data|refine data
http://data.europa.eu/esco/skill/fb7aee4d-f6c6-4a87-8e9d-8e542b3771f8,software metrics,software measurement metrics
http://data.europa.eu/esco/skill/fd6d2981-3d4a-4ce2-9741-cfc98c5b74bd,implement data warehousing techniques,implement data warehousing solutions
http://data.europa.eu/esco/skill/07e47d58-dd0e-4302-9e68-70a188e89065,apply system organisational policies,adhere to organisational system guidelines|enforce organisational system policies|implement system regulations
http://data.europa.eu/esco/skill/0b709c64-a57a-4976-86bd-34d2cf34fa4f,"apply knowledge of philosophy, ethics and religion",act according to ethical and religious values|apply philosophical school of thoughts|assess the consequences and impact of ideas|evaluate the moral and ethical consequences of actions|follow ethical values and religious believes
http://data.europa.eu/esco/skill/0d6714c6-720e-4985-9791-5ab85d28da79,gather data,aggregate data|assemble data|collect data|convene data|data gavering|gathering data
http://data.europa.eu/esco/skill/1110c92f-3059-445a-9436-0f4200d365f5,Sass,Syntactically Awesome Stylesheets
http://data.europa.eu/esco/skill/1973c966-f236-40c9-b2d4-5d71a89019be,use spreadsheets software,Ability Office Spreadsheet|Accel Spreadsheet|Calligra Sheets|CellPro|Corel Calculate|DhtmlxSpreadsheet|Dolphinity Planner|Gnumeric|Google Sheets|Household Budget Worksheet|IBM Lotus Symphony Spreadsheets|Kingsoft Spreadsheet|LibreOffice Calc|Lotus 1-2-3|Lotus Improv|MS Excel|Microsoft Office Excel|Myrtle|OOo4Kids Calc|OxygenOffice Professional Calc|PlanMaker|QT Calc Express|Quantrix Modeler|ResolverOne|Sheetster|Simple Spreadsheet|Sphygmic Software Spreadsheet|ThinkFree Office Calc|Zoho Sheet|design spreadsheets|use spreadsheets program|wikiCalc
http://data.europa.eu/esco/skill/1d86f05e-e9cc-40ce-99d8-2b21cc71b16b,solution deployment,implementation of solutions|software solution deployment
http://data.europa.eu/esco/skill/26fa7a33-a426-4cd5-9792-33bf668612e1,LESS,LESS language
http://data.europa.eu/esco/skill/38509fa4-7c06-4a4b-9622-f521f03c37b8,photography,shooting|picture taking
http://data.europa.eu/esco/skill/38716afc-a93b-44ab-96cc-2ecf67edcf32,do cloud refactoring,do cloud features refactoring|optimise cloud features|optimise cloud services|perform cloud refactoring|refactor cloud services
http://data.europa.eu/esco/skill/39f55791-434d-4169-9a46-c000a2859a66,ensure safety of mobile electrical systems,ensure safety of cell phone electrical systems|ensure safety of electrical mobile systems|ensure safety of systems that are mobile and electrical|work safely and independently with mobile electrical system to support the arts|work safely with a mobile electrical system independently|work safely with electricity
http://data.europa.eu/esco/skill/3a5231a0-8c30-48ee-b671-08e2debd4441,organisational policies,corporate policies|corporate regulations|institutional policies|organisational guidelines|organisational standards
http://data.europa.eu/esco/skill/43b13058-68d0-40c6-8031-caf5a7b7d20c,keep task records,keeping task records|maintain task records|maintaining task records|task record keeping|task record maintaining|task records keeping|task records maintaining
http://data.europa.eu/esco/skill/553e1d2d-abf1-4b37-8ac4-c5c78a8edbc0,proxy servers,Nginx web server
http://data.europa.eu/esco/skill/5ae6743f-8241-49f8-b447-0df43756cb1c,coordinate audio system programmes,coordinate audio system programs|coordinate efficiency of audio system programme|coordinate programmes of audio systems|coordinate system programmes for audio|manage audio system programme requirements
http://data.europa.eu/esco/skill/5c3ab99d-a3f1-4620-9602-d12d2151a03d,"apply knowledge of science, technology and engineering",carry out measurements|demonstrate scientific literacy|demonstrate technical abilities|take on new technology
http://data.europa.eu/esco/skill/5cd76739-b8c7-45d1-a950-082dee2d6778,perform soundchecks,perform line check|perform sound check|perform technical sound check|prepare and run line check|prepare and run technical sound check|prevent technical problems with sound equipment|adjust sound of equipment|carry out sound checks|conduct sound checks|perform a sound check|perform checks for sound|run a sound check|run checks for sound|run sound check|test the sound equipment
http://data.europa.eu/esco/skill/6cad4013-3055-47ba-8316-0720e1a55256,technically design a sound system,create an audio system|design a sound system technically|design a technical sound system|set up a sound system
http://data.europa.eu/esco/skill/7193cb6d-8334-494f-86e5-21e6d03a47c3,unified modelling language,standard modelling language|uml|unified modeling language
http://data.europa.eu/esco/skill/7364cc39-b9c0-449f-9416-57723e2fd9c4,use methodologies for user-centered design,apply approaches for user-centered design|apply methodologies for user centered design|employ techniques for user-oriented design|utilise user-centered design methodologies
http://data.europa.eu/esco/skill/7369f779-4b71-4aab-8836-48b69c676eec,operate relational database management system,DBMS
http://data.europa.eu/esco/skill/7373abdb-ee5a-4949-b4ae-dee60ab37914,use communication equipment,operate telecommunications equipment|test communication equipment|use equipment for communication|use equipment to communicate
http://data.europa.eu/esco/skill/7c794fa9-7b30-40a4-a3c8-a34c6bdc367a,assess sound quality,assess sound qualities|assessing sound quality|evaluate sound quality|gauge sound quality|measure sound quality|test sound quality
http://data.europa.eu/esco/skill/861313ba-3a1a-4d33-842a-1b8e45e2415b,manage ICT legacy implication,analyse legacy implication
http://data.europa.eu/esco/skill/8785ccda-6f9f-4cf3-9033-fda10653d0be,JSSS,JavaScript Style Sheets
http://data.europa.eu/esco/skill/88de5ff4-310a-4f4f-9b47-349eb5589902,translate artistic concepts to technical designs,convert artistic concepts to technical designs|transform artistic concepts to technical designs|translate artistic concept to technical design|translate artistic concepts to tech designs|translating artistic concepts to technical designs
http://data.europa.eu/esco/skill/9e84a506-df06-4be3-874a-fa01293e3dd5,business processes,a business process|business analysis|business handling|business measures|business process|refinement a business
http://data.europa.eu/esco/skill/a23659b1-a8bc-4331-a58d-eef263ca6a14,follow work procedures,act in accordance with work procedures|adhere to procedures at work|adhere to work procedures|comply with work procedures|employ standard working practices|ensure adherence to work procedures|follow procedures at work|observe standard working practices|observe work procedures|perform work in accordance with procedures|work in accordance with procedures
http://data.europa.eu/esco/skill/ab67fbfb-0ca7-4345-8bf6-af8f59480212,design database backup specifications,create database backup specifications|define database backup specifications|draft database backup specifications|lay out database backup specifications|specify database backup procedures
http://data.europa.eu/esco/skill/af7ae54f-4649-4c16-87c7-59ba41d4d57f,SPARK,
http://data.europa.eu/esco/skill/af8ca5cf-7fd1-4275-a886-e951c335d497,assist multimedia operator,assist multimedia operators|assist operators of multimedia|fill in for the multimedia operator|help out multimedia operators
http://data.europa.eu/esco/skill/b31ccede-907f-49de-8047-4d851bd4add3,follow directions of the artistic director,follow direction of the artistic director|following directions of the artistic director|implement directions of the artistic director|obey directions of the artistic director|respect directions of the artistic director
http://data.europa.eu/esco/skill/b69cb255-e939-4928-b3fd-9557087dce52,work safely with mobile electrical systems under supervision,operate safely with mobile electrical systems under supervision|perform duties safely with mobile electrical systems under supervision|work safely with cell phone electrical systems under supervision|work safely with mobile electrical system under supervision|working safely with mobile electrical systems under supervision
http://data.europa.eu/esco/skill/b9bf9e17-ae47-417b-bbb1-e8b7c263ccac,identify legal requirements,identify legal and normative requirements and standards
http://data.europa.eu/esco/skill/c13fb093-5ffb-491a-b8b7-fa2d42a57e2e,implement cloud security and compliance,cloud security and compliance
http://data.europa.eu/esco/skill/c29aa9d2-4da8-4bdd-831c-8d4a2fb51730,work independently,ability to work autonomously|act independently|independently working|like to work independently|work autonomously|work in a self-reliant manner|work on your own|work without supervision|working independently
http://data.europa.eu/esco/skill/c3e36d05-8ae8-447f-bb2b-6f9409f85389,deliver visual presentation of data,create data visualisation|visualise data
http://data.europa.eu/esco/skill/cb5cccc9-abe4-4b11-abe6-d27e5cd85fb1,manage standards for data exchange,set standards for data transformation
http://data.europa.eu/esco/skill/d54a1355-05c8-45eb-9c42-267d2cfcdf44,provide technical training,administer technical training|arrange technical training|contribute technical training|furnish technical training|providing technical training|provision of technical training|technical training provision
http://data.europa.eu/esco/skill/d6c29154-9cc1-48a4-a2de-3d1d0d7f0831,publishing strategy,publishing content|publishing content in output media
http://data.europa.eu/esco/skill/dba46f87-0831-49cd-a1c7-340a653c0221,Agile development,Agile Development Environment|Agile Software Development Practices|Agile development framework|Agile frameworks|Agile scrum development framework|Agile software development|Agile software development methods|Agile software environment
http://data.europa.eu/esco/skill/e4a9ec84-4eb3-494b-8a70-0fcf0d687f03,tend lathe,guard lathe|guard turning machine|monitor lathe|monitor turning machine|oversee lathe|oversee turning machine|watch over lathe|watch over turning machine
http://data.europa.eu/esco/skill/e5d1f825-60ed-4bdd-872a-e748c387f777,CSS,Cascading Style Sheets
http://data.europa.eu/esco/skill/f2f463e5-2382-49cb-8199-e7e043d868df,health and safety regulations,application of health and safety regulations|application of health and safety standards|coverage of health and safety regulations|coverage of health and safety standards|range of health and safety regulations|range of health and safety standards|scope of health and safety regulations|scope of health and safety standards
http://data.europa.eu/esco/skill/f88002a8-6355-4d33-9496-285c166ff375,ICT power consumption,ICT energy consumption|ICT power usage
http://data.europa.eu/esco/skill/fa465db3-56e8-4b5d-a781-e2a313a4ed2d,conduct qualitative research,apply qualitative research methods
http://data.europa.eu/esco/skill/fc461d64-ef74-43d5-8fc1-e1d1943e5bc5,tune up wireless audio systems,fine tune wireless audio systems|tune up wireless audio system|tune-up wireless audio systems|tuning up wireless audio systems
http://data.europa.eu/esco/skill/02c7caf4-4e8b-4745-8917-dbbd3af17c28,draw up artistic production,document artistic production|draw up artistic productions|drawing up artistic production|record artistic production|register artistic production|write down artistic production
http://data.europa.eu/esco/skill/07e51c60-763a-4335-b4ec-70a15f66d328,propose ICT solutions to business problems,propose technical solutions to business problems
http://data.europa.eu/esco/skill/10cade4f-df4d-4408-8924-5994976fc798,operate a camera,operate cameras|operating a camera|use equipment to capture images|use photographic or television equipment to capture moving images
http://data.europa.eu/esco/skill/21fecc8a-392e-49ce-ac26-fb0696ccfead,create project specifications,determine project specifications|produce detailed specifications for projects
http://data.europa.eu/esco/skill/269b8734-fa1d-4c6f-a843-523fa3bbae6e,behavioural science,behavioral research|psychology of behavior|study of human behavior
http://data.europa.eu/esco/skill/29d4aaba-99f9-4733-bd74-ad558f2ae3a7,musical instruments,instruments for music|music devices|music instruments|musical tools
http://data.europa.eu/esco/skill/2b1e2927-3542-48da-9063-02925e7562c1,disseminate results to the scientific community,disclose findings of scientific research|disclose scientific results|disseminate findings of scientific research|disseminate results of scientific research|disseminate scientific results
http://data.europa.eu/esco/skill/36fccad9-1d20-4104-bcc2-a8ea9d1ce5ea,assess power needs,assess power need|assessing power needs|determine power needs|evaluate power needs
http://data.europa.eu/esco/skill/3a1c546d-914a-46e4-a7c1-47d43646fedd,perform quality control of design during a run,carry out quality checks during a run|perform design quality control during a run|perform quality control during a design run|verify design quality during a run
http://data.europa.eu/esco/skill/3c76296d-4bbd-44ba-8eaa-95bf275f79b7,manage ICT project,lead ICT projects
http://data.europa.eu/esco/skill/465e7c78-cd26-4503-a5ca-40009e807705,assess users' interaction with ICT applications,analyse how users interact with ICT applications
http://data.europa.eu/esco/skill/51927003-a757-4552-804f-c045e21fdaf2,set up audiovisual peripheral equipment,assemble audio-visual peripheral equipment|mount audio-visual peripheral equipment|prepare audio-visual peripheral equipment|set up peripheral audio-visual equipment|setting up audio-visual peripheral equipment
http://data.europa.eu/esco/skill/5af49836-2269-46d9-87b9-0d3140c6c22e,integrate and re-elaborate digital content,modify and integrate digital content
http://data.europa.eu/esco/skill/64db87c7-2360-4e20-88d3-d222402e477c,write database documentation,provide database documentation
http://data.europa.eu/esco/skill/861cc783-6d4c-442e-9081-3a6e389be454,install electronic communication equipment,set up electronic communication equipment
http://data.europa.eu/esco/skill/896563fc-6255-4419-89c2-ffed30159ad6,conduct research interview,administer research interviews|conduct interview based research
http://data.europa.eu/esco/skill/8dcbcabe-09f7-4d11-940d-125af57bbc40,track key performance indicators,complete key performance indicators|implement key performance indicators|track a key performance indicator|tracking a key performance indicator|tracking key performance indicators|undertake key performance indicators
http://data.europa.eu/esco/skill/8efa6a7a-6556-4cb8-908d-59d3b5c58d2f,cloud monitoring and reporting,cloud computing monitoring and reporting|cloud monitoring|cloud reporting
http://data.europa.eu/esco/skill/90be83d9-56f1-46a4-a6bc-96c51f6c9025,acquire system component,obtain system component|procure system component
http://data.europa.eu/esco/skill/9714735d-6f60-440b-bdbc-aaf45ebcbe78,analyse the context of an organisation,analyse context of a business|analyze the context of an organization|assess the context of an organisation
http://data.europa.eu/esco/skill/9c0f93f7-2592-4d4d-9673-fd640502345f,"use equipment, tools or technology with precision",carry out manual activities|demonstrate technical acumen|use hand tools|use precision instrumentation
http://data.europa.eu/esco/skill/a4a882a1-0263-4dd2-b29a-f0028cac2393,define integration strategy,develop integration strategy
http://data.europa.eu/esco/skill/ab75d510-ac75-482d-b671-bb3bad741f07,carry out work-related measurements,carry out job-related measurements|carry out measurements which are work-related|carrying out work-related measurement|conduct work-related measurements|perform work-related measurements
http://data.europa.eu/esco/skill/b8c01891-e3df-4a4b-948d-95b45e1788f5,mobile device software frameworks,android software frameworks|cell phone device software frameworks|iOS software frameworks|mobile phone software frameworks|windows phone software frameworks
http://data.europa.eu/esco/skill/be48353d-25c7-4f86-bea9-7b9e248fbc6e,interpret technical requirements,clarify technical requirements|decipher technical requirements|explain technical requirements|interpret technical requirement|interpretation of technical requirements|interpreting technical requirements|solve technical requirements
http://data.europa.eu/esco/skill/ccdbd9bb-4faf-403c-a968-e8bf487f8a53,business ICT systems,business IT systems
http://data.europa.eu/esco/skill/d83cba15-8511-4d07-b89a-9fde0d1d8241,perform quality audits,conduct internal quality audits|conduct quality systems audit|perform compliane audits|perform external quality audits
http://data.europa.eu/esco/skill/d8829a1d-dbde-435b-b921-29d6462f35c9,Android (mobile operating systems),Android
http://data.europa.eu/esco/skill/da042121-959d-451b-b4d0-3bbf07c1bc67,analyse network bandwidth requirements,analyze network bandwidth requirements|assess network bandwidth requirements|measure network bandwidth requirements
http://data.europa.eu/esco/skill/debb8d81-ed7f-447d-853a-5d107fda6fcf,provide customer follow-up services,administer customer follow-up services|arrange customer follow-up services|contribute customer follow-up services|furnish customer follow-up services|provide a customer follow-up service|provide customer follow-up service|providing customer follow-up services
http://data.europa.eu/esco/skill/dfb9cec6-3ae3-408a-9d57-c44361bf7aaf,provide multimedia content,develop multimedia content
http://data.europa.eu/esco/skill/e74f4f21-8d45-412c-b5c3-652e6167ee32,content development processes,content production processes|content production techniques
http://data.europa.eu/esco/skill/f0de4973-0a70-4644-8fd4-3a97080476f4,DevOps,DevOps based software development|DevOps development|DevOps methodology
http://data.europa.eu/esco/skill/f7b5d916-52f0-4865-b6a6-e1a3b711cb5e,implement strategic planning,administer strategic planning|execute strategic planning|implementing a strategic plan|implementing strategic planning|introduce strategic planning|strategic planning implementation|utilise strategic planning
http://data.europa.eu/esco/skill/fae27053-8924-4bfd-b565-c9fe502044c9,system design,system architecture design
http://data.europa.eu/esco/skill/fda917eb-0d6a-4371-8c93-2a10bf950966,manage ICT semantic integration,coordinate ICT semantic integration|handle ICT semantic integration|manage ICT semantic database integration|manage ICT semantic integration processes|oversee ICT semantic integration
http://data.europa.eu/esco/skill/fe39d4db-4cb5-4299-bb9f-896c8fd6ab13,perform market research,complete market research|implement market research|market research performance|performing market research|undertake market research
http://data.europa.eu/esco/skill/01e7dee7-3ff1-4807-acad-058dbed91aba,keep up to date on product knowledge,keep posted on product knowledge
http://data.europa.eu/esco/skill/0df2e216-68ae-4952-b9dc-3c2f2bc04fe3,maintain freelance database,conserve database|maintain database|maintain databases|maintaining database|preserve database|repair database|upkeep database
http://data.europa.eu/esco/skill/16a00c69-9c74-4c37-96d7-6301d285e5ce,use e-services,able to use e-services|apply e-services|engage in citizenship through digital technologies|make use of e-services|use electronic services|use online payment solutions|utilise e-services
http://data.europa.eu/esco/skill/1c08d63d-1c5e-4b9b-ad3e-f7ba7debb2d1,forecast organisational risks,forecast organisational risk|forecast organizational risks|forecasting organisational risks|foresee organisational risks|predict organisational risks
http://data.europa.eu/esco/skill/27ed854c-15b8-4ba2-90e9-ae888a219703,perform business analysis,complete business analysis|implement business analysis|perform a business analysis|perform analysis of a business|performing business analysis|undertake business analysis
http://data.europa.eu/esco/skill/2fb8480e-de3c-462b-b169-e8bbb344da68,innovation processes,process of innovation
http://data.europa.eu/esco/skill/465ff64a-1271-4064-8ed1-e969cb68d8b4,perform test run,complete system testing procedures|complete test run|execute system testing procedures|execute test run|implement system testing procedures|implement test run|undertake system testing procedures|undertake test run
http://data.europa.eu/esco/skill/4707da90-9cfc-46ca-8de0-38a0b7bfb137,think analytically,analytical thinking|apply logical thinking|apply structural analysis|apply structured thinking|develop an analytical approach|think in an analytical way|think logically|use logical reasoning
http://data.europa.eu/esco/skill/47a49cd6-097d-457a-9f7b-c290c14930d5,analyse big data,analysing big data|analyze big data|big data analysing|big data analysis|investigate big data|scrutinise big data|search big data|test big data
http://data.europa.eu/esco/skill/48db96bf-3314-45c6-bad8-fdb6e20e5639,data engineering,data engineering methods
http://data.europa.eu/esco/skill/50b100ea-74fd-4706-99db-3e4ca55e51b8,perform data cleansing,complete data cleansing|data cleansing performance|implement data cleansing|perform a data cleanse|performing data cleansing|undertake data cleansing
http://data.europa.eu/esco/skill/54c9c155-9293-4329-8ed2-2e76e8b519d4,define data quality criteria,set data quality benchmarks|specify data quality criteria
http://data.europa.eu/esco/skill/5b4ea415-3a3a-4d90-91d2-2d18ad196f4b,program sound cues,program and rehearse sound cues|program cues for sound|programming sound cues|rehearse sound cues
http://data.europa.eu/esco/skill/6aef2baa-5fa7-4c16-bd28-3e070ec4e4df,educate on data confidentiality,educate about data confidentiality|educating about data confidentiality|educating on data confidentiality|instruct on data confidentiality|teach data confidentiality principles
http://data.europa.eu/esco/skill/6b643893-0a1f-4f6c-83a1-e7eef75849b9,develop with cloud services,code with cloud services|develop cloud applications|write code with cloud services
http://data.europa.eu/esco/skill/7111b95d-0ce3-441a-9d92-4c75d05c4388,project management,fundamentals of programme management|fundamentals of project management|management of programmes|management of projects|principles of programme management|principles of project management|programme management|programme management activities|project management activities
http://data.europa.eu/esco/skill/713fb616-118e-40bc-9366-4a69879a49d5,implement data quality processes,verify data
http://data.europa.eu/esco/skill/72812eb6-5a0f-48e8-815d-3d2a16b8e963,operate an audio mixing console,control a sound mixing console|control a sound mixing system live|control an audio mixing console|control an audio mixing system live|operate a sound mixing console|operate a sound mixing system live|operate an audio mixing system live
http://data.europa.eu/esco/skill/7b3abd38-61ae-42a4-88bb-0884784f9ee1,advise client on technical possibilities,advise client on technical possibility|advise clients on technical possibilities|advising client on technical possibilities|counsel client on technical possibilities|give client recommendations on technical possibilities|offer suggestions to client on technical possibilities
http://data.europa.eu/esco/skill/8ff015a0-98ea-4d80-a23e-1f68110a919e,software design methodologies,software design approaches|software design techniques
http://data.europa.eu/esco/skill/96a67da1-881f-4d09-927e-ac75fcff4d93,compile content,collect and arrange content|curate and organize content for targeted media|organise and retrieve content|select and arrange content
http://data.europa.eu/esco/skill/9a8f5432-fb04-498d-9ba4-a4e1444ff056,record multi-track sound,record a multi-track sound|record audio on a multi-track|record multi-track audio|record sounds on multi-track
http://data.europa.eu/esco/skill/9bf266a6-188b-4d17-a22f-2f266d76832b,demonstrate willingness to learn,direct own learning|display willingness to learn|exhibit willingness to learn|show self-knowledge|show willingness to learn|work towards own potential
http://data.europa.eu/esco/skill/9df34bc3-25d4-4452-a896-4d19b94ef896,keep personal administration,file personal documents|keep own personal administration|maintain records filed accurately
http://data.europa.eu/esco/skill/a3ce2bf7-5562-4639-9b52-fdb4850a3904,ICT problem management techniques,ICT problem management methods|ICT problem management procedure|ICT problem management procedures|ICT problem management processes|ICT problem management strategies|types of ICT problem management techniques
http://data.europa.eu/esco/skill/ad59afe4-6f8a-4bc4-acfd-0f228277508a,statistical analysis system software,statistical analysing of system software|statistical analysis of software systems|statistical analysis of system software|statistical analysis system application|statistical analysis system operating system|statistical analysis system programme
http://data.europa.eu/esco/skill/b7c8f418-08d5-45d6-b697-ab26c6ecbfb4,ensure client orientation,enable customer focus|ensure customer focus|assure client orientation|be friendly with customers|demonstrate customer orientation|demonstrate service-oriented attitude|enable client orientation|enjoy dealing with customers|ensure clients orientation|ensure customer orientation|ensuring client orientation|provide client orientation|provide client support services|provide customer services|secure client orientation
http://data.europa.eu/esco/skill/b8271c8a-cba6-4baa-80f5-6361af3f07e3,ensure adherence to organisational ICT standards,enforce adherence to corporate ICT regulations|guarantee adherence to organisational ICT standards|guarantee compliance with company IT standards
http://data.europa.eu/esco/skill/b9aad733-959a-4178-984f-53e4bd05b420,maintain internet protocol configuration,apply Internet Protocol Configuration|maintain IP configuration|maintain TCP configuration|maintain TCP/IP configuration
http://data.europa.eu/esco/skill/ba04b19b-0b18-4d5c-b799-4db31a98e58d,BlackBerry,BlackBerry System
http://data.europa.eu/esco/skill/cae4c053-05d1-413d-8499-f37793aad56e,audio editing software,audio edit software|audio editing plugin|audio editing program
http://data.europa.eu/esco/skill/ce26e71f-2d47-474e-89b6-7920931ac4fc,iOS,IOS (operating system)|IPadOS|IPhone OS|IPhone os|IPhoneOS|iPhone OS
http://data.europa.eu/esco/skill/df329d70-87b0-466b-a214-3431f36e2a5e,protect ICT devices,protect personal data|up-date online security measures|use anti-virus software|ADT Access Control|AVG Anti-Virus|AVS Firewall|AddTech Controls|Agnitum Outpost Firewall|Bitdefender Antivirus|CleanMail Home|Cloudmark DesktopOne Pro|ESET NOD32 Antivirus|Honeywell Managed Access Control|IDenticard Systems PremiSys|Kaspersky Anti-Virus|Kingsoft Antivirus|MailWasher Pro|Matrix Systems Access Control|McAfee AntiVirus|Norton Security Deluxe|SPAMfighter|Tyco Integrated Security Managed Access Control|Zone Alarm Firewall|implement SPAM-ware|implement private ICT user security measures|keep ICT devices safe|protect ICT device|protect information and communication technologies devices|safeguard ICT devices|set up passwords and private settings|take care of ICT devices
http://data.europa.eu/esco/skill/dfff95c6-9758-4c04-a228-7eaa88dec6cd,design for organisational complexity,design access strategies for complex organisations|design an access strategy for complex organisations|design cloud environment for complex organisations|design cross-account authentication for complex organisations|implement cloud environment for complex organisations
http://data.europa.eu/esco/skill/e07a0fbf-7ffe-47d0-9636-e25cbb5fd475,plan audiovisual recording,organise a recording|organise a recording session|organise a studio recording|organise a studio recording session|plan a recording|plan a recording session|plan a studio recording|plan a studio recording session|plan an audiovisual recording|plan recording of sounds and images
http://data.europa.eu/esco/skill/e8bae3fe-6d8d-457e-a20b-6f8eea4d5402,operate sound live,operate live audio systems|operate live sound|operating sound live|use live sound systems
http://data.europa.eu/esco/skill/ed3f3dba-3a35-4ed5-b113-67f4d10ef4c8,scientific research methodology,methods of research|process of scientific research|research methodology|scientific methods|theoretical methodology in scientific research
http://data.europa.eu/esco/skill/f7e2eb04-3e50-4561-bce1-7e51a1fec308,define software architecture,define application architecture|define programme architecture
http://data.europa.eu/esco/skill/022dc430-872a-473a-9cf4-fed4895e58ad,define database physical structure,define database physical storage structure
http://data.europa.eu/esco/skill/1c2978b8-bb0d-4249-9c23-877571a4dffa,cloud security and compliance,cloud compliance|cloud safety|cloud safety and compliance|cloud security
http://data.europa.eu/esco/skill/23b45aa6-a479-486d-9e6f-062cbab7c68a,interfacing techniques,interface design techniques
http://data.europa.eu/esco/skill/2857540c-180b-4208-9127-e94a01871966,align software with system architectures,coordinate software with architectural structures|harmonise software with system architectures|integrate software into system frameworks
http://data.europa.eu/esco/skill/2daec0e6-f0c1-43e8-8178-aedba99130ec,establish data processes,develop data processes|implement data processes
http://data.europa.eu/esco/skill/3233330f-bb93-47ea-93b4-ed903d05d9f1,set up multimedia equipment,arrange multimedia equipment|assemble multimedia equipment|construct multimedia equipment|erect multimedia equipment|multimedia equipment set up|setting up multimedia equipment|setting up of multimedia equipment
http://data.europa.eu/esco/skill/3786b61f-f22e-48d1-af8d-ad4c354534db,manufacturing processes,a manufacturing process|manufacturing measures|manufacturing mechanisms|manufacturing procedures|manufacturing process|manufacturing system|process of manufacturing
http://data.europa.eu/esco/skill/385479b7-5da5-4367-9763-0d15b41bb65b,provide user documentation,develop user documentation
http://data.europa.eu/esco/skill/3be6b84a-fa78-42b9-a8df-150cdb40b9d7,ICT quality policy,ICT quality control
http://data.europa.eu/esco/skill/3e23db60-0c3d-498a-a6ac-ffbed0ecb033,ICT accessibility standards,accessibility standards and guidelines|assistive technology standards|digital accessibility standards
http://data.europa.eu/esco/skill/4d85b881-e490-4b4c-897a-2faa4ef53956,manage ICT data architecture,define enterprise data architecture
http://data.europa.eu/esco/skill/4fa830eb-965f-467c-9dc2-46f1fdc30875,manage sound quality,maintain sound quality|manage the quality of sound quality|managing sound quality|oversee sound quality|regulate sound quality|sound quality management|supervise sound quality
http://data.europa.eu/esco/skill/541561bc-510c-4a99-881c-2d8bf5a85462,use technical drawing software,create designs with specialist software|design creation using specialist software|design using specialist software|design with specialist software|designing using specialist software|designing with specialist software|technical drawing software usage|usage of technical drawing software|use of technical drawing software|using of technical drawing software|using technical drawing software
http://data.europa.eu/esco/skill/557d1221-0235-4a48-ada5-8fca73443627,electronics principles,electronic principles
http://data.europa.eu/esco/skill/56042303-972b-41be-9310-58467599ff7e,analyse business processes,assess business operations|evaluate business processes|monitor business processes|study the contribution of work processes to business goals
http://data.europa.eu/esco/skill/71c2f41e-14de-4b23-82ad-5dbcd54ba5b0,deploy ICT systems,deploy system|draw up an implementation plan
http://data.europa.eu/esco/skill/7f0b1a66-ebaf-4c8a-b606-4c1844eb692e,attend to ICT systems quality,ensure ICT system quality|ensure ICT systems meet required standards
http://data.europa.eu/esco/skill/81a2db2c-7e55-44d0-9cd9-74c25147d7cd,analyse test data,analysing test data|analyze test data|analyzing test data|assess test data|evaluate test data|examine test data
http://data.europa.eu/esco/skill/8316979b-df5a-4dc7-98ef-61ec6a10df84,conduct quantitative research,apply quantitative research methods
http://data.europa.eu/esco/skill/8359bd04-d2cb-4757-af1f-39a921df9efe,remove computer virus or malware from a computer,clean malware-infected computer|clean virus-infected computer|cleaning malware-infected computer|cleaning virus-infected computer|computer virus or malware removing from a computer|remove malware from a computer|remove virus from a computer|removing computer virus or malware from a computer|removing malware from a computer|removing virus from a computer
http://data.europa.eu/esco/skill/8fa840f7-e66a-4370-8e6d-7d554260c31c,forecast future ICT network needs,estimate future ICT network needs|foresee future ICT network demands
http://data.europa.eu/esco/skill/9ba8fd27-275d-4bad-8c48-f668aa99a578,balance database resources,stabilise database resources
http://data.europa.eu/esco/skill/a2b5dcf3-5b6a-453d-876c-cff540c0faf1,CAD software,CAD software for design|CAD software for modelling|CAD software for simulation|CADD software|computer assisted design|software computer assisted design and drafting software
http://data.europa.eu/esco/skill/a4c2aa71-086f-4a46-b481-2619673c9dfe,execute ICT user research activities,carry out ICT user research
http://data.europa.eu/esco/skill/ab6265f2-a9bf-49e8-a9a5-67cbab4de38b,manage inventory,maintain inventory|manage an inventory|manage inventories|managing an inventory|oversee inventory|regulate inventory|supervise inventory
http://data.europa.eu/esco/skill/af607e5e-4ba1-4e5f-a2a6-dc05806567c7,coordinate technological activities,coordinate IT activities
http://data.europa.eu/esco/skill/b1604a2d-c26a-427d-bda9-b8073a319fe9,adjust ICT system capacity,adjust ICT network capacity
http://data.europa.eu/esco/skill/b92758d4-4591-4df1-9ceb-f907aa71ebd9,use measurement instruments,carry out measurements using equipment|operate measurement instruments|perform measurements using instruments|perform measurements using tools and instruments|take measurements using specialised equipment|take various measurements using apparatus|take various measurements using instruments|take various measurements using measuring devices|use measurement and control instruments|use measurement apparatus|use measurement devices|utilise measurement apparatus|utilise measurement devices|utilise measurement instruments
http://data.europa.eu/esco/skill/be40c4c3-a855-4d67-9ca5-6f4428c34b0d,provide written content,professional writing|provide professionally written text and content
http://data.europa.eu/esco/skill/c241f5a5-e23f-47bf-ad24-d83ea0010166,ensure proper document management,control record keeping system|double-check document management|ensure management of proper documents|ensure proper management of documents
http://data.europa.eu/esco/skill/c453cf81-6197-428e-84c6-70c773b63f27,ICT architectural frameworks,ICT architectural framework|ICT architectural requirements|ICT architectural structure
http://data.europa.eu/esco/skill/ce8ae6ca-61d8-4174-b457-641de96cbff4,automate cloud tasks,automation of cloud tasks|evaluate cloud automation alternatives|optimise cloud workflows
http://data.europa.eu/esco/skill/cef5c0f8-1e40-4c09-b6a7-aa7811849e5d,ethics,moral studies|the study of moral principles
http://data.europa.eu/esco/skill/e2103a1d-4a84-47a9-b4f7-774787573449,copyright legislation,copyrighting legislation|laws protecting rights of original authors
http://data.europa.eu/esco/skill/fc2f1d4f-a46f-471e-a618-cbd4d0496a53,implement ICT recovery system,disaster recovery|recover ICT system
http://data.europa.eu/esco/skill/020b3c27-bae1-4b85-9d6f-eccee0f5ed99,manage supplies,control and monitor supplies|manage supply chain|monitor and control supplies|plan supplies|supplies management|supplies managing|supplies planning|supply chain management
http://data.europa.eu/esco/skill/062320e5-79d1-45e8-8b7e-5deeb53279a2,perform online data analysis,complete online data analysis|implement online data analysis|perform an online data analysis|performing an online data analysis|performing online data analysis|undertake online data analysis
http://data.europa.eu/esco/skill/1633770e-5606-4422-b293-6c8c551fe663,understand artistic concepts,interpret artist's concept|understand an artist's concept|understand concepts of art|use artistic concepts
http://data.europa.eu/esco/skill/1dd23dba-dd00-45ab-abf4-642902538317,perform risk analysis,complete risk analysis|finish risk analysis|implement risk analysis|perform a risk analysis|performing a risk analysis|risk analysis performance|undertake risk analysis
http://data.europa.eu/esco/skill/20c6a2ec-ef98-4f95-8a16-c8006d9242ba,set up sound equipment,set up sound apparatus|set up sound devices|set up sound gear|set up sound instruments|setting up sound equipment
http://data.europa.eu/esco/skill/20c920d4-7ff7-4676-ba61-3f04490d9416,keep up with the latest information systems solutions,keep up with the latest information systems
http://data.europa.eu/esco/skill/2d6d4784-0992-48e7-b100-22d7229b3f0a,translate requirements into visual design,develop visual design based on target audience|develop visual design concepts based on target audience|develop visual design concepts from given specifications|develop visual design from given specifications|translate requirement concepts into visual design
http://data.europa.eu/esco/skill/334e3e49-fb02-4051-809a-f06adfdc1c40,troubleshoot,deal with problems|identify problems|identifying problems|perform troubleshooting|troubleshoot problems|troubleshooting
http://data.europa.eu/esco/skill/386774ac-fe5b-431a-b485-9aec0bf5c09e,maintain electrical equipment,maintain electric equipment|maintaining electrical equipment|test and maintain power supply|test electrical equipment
http://data.europa.eu/esco/skill/46ec0033-3c71-415e-bcff-b065675ba2dc,integrate ICT data,combine ICT data
http://data.europa.eu/esco/skill/501537a7-9d63-491d-ae02-09f04767ff1e,attack vectors,ICT security threats|cybersecurity threats|information security threats
http://data.europa.eu/esco/skill/50373f03-3e81-4d2e-99c6-d0f2ff42b138,create sketches,creating sketches|draw up sketches|make sketches|produce sketches
http://data.europa.eu/esco/skill/5da73370-f6b9-417d-a94c-09bf01f84aa2,use access control software,define database user permissions|define user roles for ICT system
http://data.europa.eu/esco/skill/6430eb0d-c6de-46b7-a7fc-3dd2e8e62a69,use ICT ticketing system,use e-ticketing system
http://data.europa.eu/esco/skill/64852ade-6ae1-4760-ba4a-976bf07ca255,manage disaster recovery plans,prepare disaster recovery plans
http://data.europa.eu/esco/skill/9707091a-323b-4240-877a-5999a19286f0,apply ICT system usage policies,administer ICT system usage policies|follow ethical standards for ICT system usage|follow written laws for ICT system usage|handle ICT system usage policies|implement ICT system usage policies
http://data.europa.eu/esco/skill/b0a3bb25-a02f-43ed-ab1f-994fa66a424a,online analytical processing,Cube databases|OLAP|OLAP databases
http://data.europa.eu/esco/skill/b5b09dac-5b28-40a5-b671-5f9aa31f65d8,operate audio equipment,apply audio technology|operate broadcast studio controls
http://data.europa.eu/esco/skill/ba45db8f-34e8-4f29-af0b-e6645e1d693f,maintain electronic equipment,Electrical Equipment|correct malfunctions electronic equipment|diagnose electronic equipment|install electronic equipment|maintain battery processes|repair electronic equipment
http://data.europa.eu/esco/skill/c5ed451b-ef39-47a3-aee7-8f5be0aa8431,CA Datacom/DB,CA Datacom|CA-Datacom/DB|DATACOM/DB
http://data.europa.eu/esco/skill/cc7370dd-69fa-4c67-a96f-d4d135d38700,data quality assessment,analyse data quality|data quality analysis
http://data.europa.eu/esco/skill/de0be6e8-644c-4cc9-9c8d-925dd98dda56,software interaction design,interaction design
http://data.europa.eu/esco/skill/de9f85ba-e77f-48fd-8c66-f5ebaf32d655,Oracle Relational Database,Oracle Rdb|Rdb
http://data.europa.eu/esco/skill/e465a154-93f7-4973-9ce1-31659fe16dd2,principles of artificial intelligence,artificial intelligence in process|principles of AI
http://data.europa.eu/esco/skill/ee3b1553-2dc5-434b-8dcf-4ae3a40b3a48,verify formal ICT specifications,verify formal IT specifications
http://data.europa.eu/esco/skill/f6424ebb-8401-446b-9f7e-10d7c854da02,ICT network simulation,ICT network simulation methods|ICT network simulation systems|ICT network simulation tools
http://data.europa.eu/esco/skill/fafbb75f-ec35-4cc2-996a-20c85ef6c266,follow safety procedures when working at heights,comply with safety procedures when working at heights|follow safety procedure when working at heights|follow safety procedures when at heights|follow safety rules when working at heights|following safety procedures when working at heights
http://data.europa.eu/esco/skill/0a43729f-2a79-4dae-9faa-95520daae79f,apply company policies,administer company policies|apply company policy|applying company policies|company policy application|employ company policies|implement company policies|utilise company policies
http://data.europa.eu/esco/skill/0da516ee-e70e-4384-be13-f5ff80be8127,communicate with customers,provide customer service|respond to customers|help customers|assist customers|communicate with clients|engage with customers|interact with clients|interact with customers|respond to customer requests|supply customer service|talk with customers
http://data.europa.eu/esco/skill/11430d93-c835-48ed-8e70-285fa69c9ae6,design cloud architecture,create cloud architecture|design multi-tier cloud architecture|engineer cloud architecture
http://data.europa.eu/esco/skill/118a9b27-1c5a-4214-b685-1a4d9e6365ea,computer forensics,digital forensic investigation|forensic IT
http://data.europa.eu/esco/skill/1605025e-a179-421f-8f35-5b07d182a6b2,web analytics,
http://data.europa.eu/esco/skill/22b8039c-c890-4610-9228-5527e3b98f12,set quality assurance objectives,develop QA framework|develop QC framework|develop quality assurance framework|develop quality control framework|set QA objectives|set QA/QC objectives|set QC objectives|set quality control objectives
http://data.europa.eu/esco/skill/248894d1-42dc-474f-af6e-2da52ac0c679,define technology strategy,develop technological improvement strategies
http://data.europa.eu/esco/skill/37bc4dc0-1233-4008-98db-1116d0c1cfcc,define security policies,design and implement security policies|plan and implement security policies
http://data.europa.eu/esco/skill/5592ab32-4e7a-4cda-8e64-ca36d5de8a10,adapt to changing situations,adapt to a changing situation|adapting to a changing situation|adapting to changing situations|adjust to changing situations|alter to changing situations|modify to changing situations|tailor to changing situations
http://data.europa.eu/esco/skill/72a74f69-5cf1-43c5-99b9-62a444578919,engineering processes,engineering methodologies|engineering strategy
http://data.europa.eu/esco/skill/84f58e3d-8669-4d83-8c1d-5dd1e73a654f,create database diagrams,create database blueprint|create database models
http://data.europa.eu/esco/skill/8d4271ca-c9fd-40b3-875f-15f78332a49e,quality standards,quality standards for products
http://data.europa.eu/esco/skill/91abe492-18be-4cce-93c7-0dca07072363,meet deadlines,achieve deadlines|complete deadlines|conform with deadlines|make deadlines|meet a deadline
http://data.europa.eu/esco/skill/b8eb2517-37d8-43e6-9856-9c29d5c51fde,Filemaker (database management systems),FileMaker|FileMaker Go|FileMaker Pro
http://data.europa.eu/esco/skill/bcc0db5f-c1e8-4f08-b68b-020396ef07b9,use audio reproduction software,employ audio reproduction tools|operate audio reproduction software
http://data.europa.eu/esco/skill/c32ad607-0c4d-4e34-b73f-668298f7bf13,apply technical communication skills,administer technical communication skills|application of technical communication skills|applying technical communication skills|employ technical communication skills|implement technical communication skills|utilise technical communication skills
http://data.europa.eu/esco/skill/c55caed2-de9e-4a25-819e-a0b0e83fba1b,give live presentation,arrange live presentation|convey live presentation|deliver live presentation|give a live presentation|give live presentations|giving live presentations
http://data.europa.eu/esco/skill/cb668e89-6ef5-4ff3-ab4a-506010e7e70b,manage a team,direct a team|manage the team|managing a team|supervise a team
http://data.europa.eu/esco/skill/ccfbdaad-b91d-4bfe-bd0e-d30b33587f19,keep records of work progress,file records of work milestone and deadline targets|file records of work progress|hold on to records of work milestone and deadline targets|hold on to records of work progress|retain records of work milestone and deadline targets|retain records of work progress|store records of work milestone and deadline targets|store records of work progress
http://data.europa.eu/esco/skill/cdf83a12-56d4-4e3c-ad0b-af1c1f21c62a,document your own practice,document all phases of own practice|document own practice|keep a record of the practice
http://data.europa.eu/esco/skill/efa141df-f382-418f-9121-bd88fd735669,mechanics,engineering mechanics|fabrication mechanics|mechanical theory|mechanics theory|production mechanics|theory of mechanics
http://data.europa.eu/esco/skill/f5369f2f-e52b-43d8-8d31-79a6c11188d8,digital content creation,ICT software content-creation|content created by ICT software|content creation with ICT software|content-creation with ICT program|content-creation with ICT softwares
http://data.europa.eu/esco/skill/f5ac9226-0ace-4d34-a1c3-7b3845834a98,maintain ICT server,diagnose server hardware faults|repair hardware faults
http://data.europa.eu/esco/skill/f5dd06b8-5d17-4932-9d03-957d0c4f5051,perform resource planning,build resource plan|conduct resource planning|create resource plans|design resource planning|develop resource plans|improve resource planning|lead on resource planning|lead the resource planning process|manage resource schedules
http://data.europa.eu/esco/skill/f9a6f35b-01a7-40c9-8b61-b6ee46f97272,operating systems,AS400|Novell|OS architecture|VMS|WIN/NT
http://data.europa.eu/esco/skill/0868eef3-2213-4572-9343-74931345a7d3,administer ICT system,administer network and system|administer system|operate system
http://data.europa.eu/esco/skill/130f6043-6bb4-4f14-81b3-b34cdaf6ea1f,manage technical resources stock,keep stock of technical resources|manage resources of technical stock|manage stock of technical resources|monitor stock of technical resources
http://data.europa.eu/esco/skill/2450c3b3-e78e-435b-b84d-e05d984e71dc,software architecture models,software architecture frameworks|software architecture patterns
http://data.europa.eu/esco/skill/3579208e-49b3-4ce4-98e7-20e41b1ce8d4,develop information security strategy,define information security approach|define information security strategy
http://data.europa.eu/esco/skill/3d03c40c-1b83-4793-8902-2523f40af59e,Microsoft Access,MS Access|Microsoft Office Access
http://data.europa.eu/esco/skill/409b165c-ddae-4366-aeac-fa95c79e57a9,adapt artistic plan to location,adapt artist's perspective to the location|adapt artist's plan to location|adapt artistic concept to location|adapt artistic plan to the location
http://data.europa.eu/esco/skill/42cb7669-c371-4903-9c0b-13db67b2e4bb,emergent technologies,progressive technologies
http://data.europa.eu/esco/skill/43ec6db6-33f7-449b-a566-5779a7e8997a,OpenEdge Database,OpenEdge RDBMS|OpenEdge RDBMS Advanced Enterprise Edition|Progress OpenEdge Relational Database Management System
http://data.europa.eu/esco/skill/4959697d-3a24-4f46-af0c-b752318e6c54,ObjectStore,Ignite ObjectStore|Ignite’s ObjectStore Standard Edition|ObjectStore Standard Edition
http://data.europa.eu/esco/skill/4c3ab565-747c-4db3-8c47-79e8d6f98cf4,adopt ways to reduce negative impact of consumption,avoid plastic|avoid single-use items|follow environmentally-sustainable work practices|follow recycling collection schedules|minimise waste production in households|practice a minimalist lifestyle|reduce energy usage|reduce water or energy consumption|reuse materials|reuse products|share physical resources
http://data.europa.eu/esco/skill/591dd514-735b-46e4-a28d-3a4c42f49b72,adapt to artists' creative demands,adapt to artists' creative vision|adapt to creative demands of artists|adapt to demands by creative artists|meet demands by creative artists
http://data.europa.eu/esco/skill/63f0aa84-5e4c-4eb6-8e8c-876d9feedf1f,Outsourcing model,OBS
http://data.europa.eu/esco/skill/67a118f4-8a5f-48f7-8e5f-de34b9ca2c37,hybrid model,Hybrid model|hybrid model fundamentals|hybrid model principles|knowledge of hybrid model|theory of hybrid model
http://data.europa.eu/esco/skill/6e4f264a-e2e1-42fb-9866-e64069f8b441,maintain audiovisual equipment,check audiovisual equipment|maintain audio and visual equipment|maintain audio-video equipment|repair audiovisual equipment
http://data.europa.eu/esco/skill/709ef32a-7435-48e2-8fa2-16e389ecab8a,Cisco,Cisco Systems|Network Magic
http://data.europa.eu/esco/skill/744442ac-c157-4350-8be0-ce454df4f5c5,perform ICT troubleshooting,ICT troubleshooting performance|complete ICT troubleshooting|implement ICT troubleshooting|performing ICT troubleshooting|undertake ICT troubleshooting
http://data.europa.eu/esco/skill/7482a123-e801-48de-9733-262125671410,task algorithmisation,task algorithm development
http://data.europa.eu/esco/skill/75f839c2-fd9a-4ad3-8921-6e734608568d,use query languages,data retrieving using a query language|data retrieving using a structured query language|query language using|retrieve data using a query language|retrieve data using a structured query language|retrieving data using a query language|retrieving data using a structured query language|use database query language|use information retrieval query language|use structured query language|using database query language|using information retrieval query language|using query language|using structured query language
http://data.europa.eu/esco/skill/84251cb1-babf-4d17-a3cd-baa642c24c8d,IBM Informix,Informix Advanced Enterprise Edition|Informix Advanced Workgroup Edition|Informix Dynamic Server|Informix Enterprise Edition|Informix Express Edition|Informix Extended Parallel Server|Informix Workgroup Edition
http://data.europa.eu/esco/skill/9136cbf1-7916-4f1c-bc9a-0318ee1d6016,human-computer interaction,HCI
http://data.europa.eu/esco/skill/93aaf65c-5aad-4e6f-a7ba-ce9bf7c0e6e6,information categorisation,design of information structures|information classification
http://data.europa.eu/esco/skill/a8797f21-1af0-4c5e-98ca-bf1442929363,interact with users to gather requirements,communicate with users to gather requirements
http://data.europa.eu/esco/skill/a8d07b5a-c1a1-42c6-9d53-db9c7a2ca996,PostgreSQL,Postgres
http://data.europa.eu/esco/skill/b0096dc5-2e2d-4bc1-8172-05bf486c3968,design application interfaces,design API
http://data.europa.eu/esco/skill/b16200f4-4f39-4b8b-aa9d-3568054d6bdb,Open source model,
http://data.europa.eu/esco/skill/b73035a9-bf06-412c-9796-db579f85995c,work with respect for own safety,apply safety rules when carrying out one's own duties|carry out work aware of risks to personal safety|work for own safety with respect|work respectfully for own safety
http://data.europa.eu/esco/skill/bf7ea00f-db77-4a95-9b9f-2d12b6d9fcb4,implement ICT network diagnostic tools,use network diagnostics tools
http://data.europa.eu/esco/skill/c062bab3-3ea0-4291-9220-a2d8fef4bead,SQL Server,MS SQL Server
http://data.europa.eu/esco/skill/c2296e2e-5fef-4f24-a24f-e5b3792268be,provide ICT support,ICT support provision|administer ICT support|arrange ICT support|contribute ICT support|furnish ICT support|providing ICT support|provision of ICT support
http://data.europa.eu/esco/skill/ddb65832-91a7-4157-9488-719a0e2ad87b,lead disaster recovery exercises,conduct disaster recovery trainings|supervise disaster recovery exercises|supervise disaster recovery trainings
http://data.europa.eu/esco/skill/e043aeeb-78f5-4049-afbf-12bba52225bc,hardware architectures,PC hardware architecture
http://data.europa.eu/esco/skill/e5609f89-0daf-40bb-bd6b-94f5d7498131,ICT market,ICT market trends
http://data.europa.eu/esco/skill/fc4fcb4b-993f-4f2c-b158-c2171ec18ed8,draw design sketches,create design sketches
http://data.europa.eu/esco/skill/ff25cbf0-6978-4c4c-887e-d4b185410d74,perform software recovery testing,perform software crash and recovery testing
http://data.europa.eu/esco/skill/089ee650-297e-4716-87d1-440743b70a0d,ensure compliance with environmental legislation,check compliance with environmental laws|checking compliance with environmental laws|ensure compliance with environmental regulations|ensure environmental legislation compliance|ensuring compliance with environmental legislation|ensuring environmental legislation compliance|ensuring of compliance with environmental legislation|lead implementation of environmental legislation|lead implementation of environmental policies and legislation
http://data.europa.eu/esco/skill/0ab03c6c-281b-48f4-83e0-10eeb27a1bae,network management system tools,network management system components
http://data.europa.eu/esco/skill/0daaf096-1639-461c-bf1a-bbeea77e6b67,internal risk management policy,risk management internal policy
http://data.europa.eu/esco/skill/0dc7aa1b-b5af-4f4b-81ce-ee22ed8b6926,assess ICT knowledge,capture ICT knowledge|capture IT knowledge
http://data.europa.eu/esco/skill/156f8c5b-894a-4ccc-a70e-37a2726f3f00,work ergonomically,plan an ergonomic work station|work in an ergonomic way|work to set up an ergonomic work station
http://data.europa.eu/esco/skill/2180bd8c-86de-4889-8165-adac902eee9d,embedded systems,embedded software|embedded systems software architectures
http://data.europa.eu/esco/skill/24c200e5-be20-4370-a137-ab53797f3a17,software frameworks,software engineering frameworks
http://data.europa.eu/esco/skill/2618f336-8e71-4666-83b5-f368edb0906d,cognitive psychology,human cognitive psychology
http://data.europa.eu/esco/skill/31d35d3d-2bf2-49aa-9c20-92566ef80277,use ICT systems,complete complex tasks through use of ICT systems|complete complex tasks through utilisation of ICT systems|conduct work activities using ICT systems|perform work tasks using ICT systems|use ICT|use computer systems|use information and communication technologies|use information and communication technology systems|utilise ICT systems|utilise information and communication technologies|work using ICT systems
http://data.europa.eu/esco/skill/3cee858e-79e8-4a4b-b99f-93c7f735d58b,DB2,DB2 Connect|DB2 database software|DB2 for i|DB2 for z/OS|DB2 on Cloud|IBM DB2|IBM DB2 database software
http://data.europa.eu/esco/skill/4da171e5-779c-4983-a76f-91c16751e99f,MySQL,MySQL Classic Edition|MySQL Cluster CGE|MySQL Embedded (OEM/ISV)|MySQL Enterprise Edition|MySQL Standard Edition
http://data.europa.eu/esco/skill/51754b8a-3e2c-4cc1-86e6-cf510d9c6fe4,use personal protection equipment,examine personal safety gear|oversee PPE|oversee personal protection equipment|use equipment for personal protection
http://data.europa.eu/esco/skill/6eff134b-e34f-4d6e-a6e8-5e47cf2228d0,risk management,hazard manamagent|risk administration|risk assessment|risk governance
http://data.europa.eu/esco/skill/6fc6f757-6baa-49fe-9a82-6ba6a52f2e13,interpret mathematical information,apply mathematical reasoning|apply numeracy skills|apply numerical reasoning|demonstrate an understanding of numbers|enjoy working with numbers
http://data.europa.eu/esco/skill/7a17d7ce-01a2-4746-bbcc-22ffe22fa16e,monitor technology trends,follow technology industry trends and new technologies|keep abreast of technical innovations|keep up with the latest technology trends|monitor emerging technologies and industry trends|monitor trends and innovations in technology|stay up to date on existing and emerging technology trends|stay up to date with technology trends
http://data.europa.eu/esco/skill/902fb91c-3113-4004-9b4f-79aa86b638b7,web application security threats,OWASP|open web application security project
http://data.europa.eu/esco/skill/94dd823c-148e-4614-a6e8-99249b16357d,ICT project management,management of IT related projects
http://data.europa.eu/esco/skill/976455eb-5bbe-4493-ae64-ed16c3b009ea,mobile operating systems,Firefox OS|Sailfish OS|Tizen|Ubuntu Touch OS|cell phone operating systems
http://data.europa.eu/esco/skill/9ce670ec-318c-4a91-9179-03437db728dc,ICT software specifications,ICT application specifications|ICT programme specifications|ICT software specification|ICT software specifying|ICT system specifications|specify use of ICT software
http://data.europa.eu/esco/skill/9d1b08b3-ba1e-41f6-a466-1ac1e62eb5f0,conduct ICT code review,perform code reviews
http://data.europa.eu/esco/skill/a47d194d-0ffd-4aaa-b695-fbbe0255000e,design information system,design ICT system
http://data.europa.eu/esco/skill/a7f0fbe0-c546-4f30-8e41-34a58c64567e,data storage,file hosting service
http://data.europa.eu/esco/skill/b34e2ba1-9080-48c9-9b42-ee9192a4d3f1,use CAD software,CAD software use|adopt CAD software|apply CAD software|handle CAD software|operate CAD software|use of CAD software|using CAD software
http://data.europa.eu/esco/skill/bf5d77ad-e18c-48d8-83f0-bc79c011c74a,develop professional network,build professional network|create professional network|develop pro network|develop professional networks|developing professional network
http://data.europa.eu/esco/skill/cf3e976d-2c3e-495c-a874-f9e8a66d3b48,perform backups,backup ICT system|backup data
http://data.europa.eu/esco/skill/cffc3e97-e942-4b13-a2f3-0bf4910c06d3,use technical documentation,read and use technical documentation|understand and implement technical documentation|use documentation that is technical|use technical documents
http://data.europa.eu/esco/skill/d9eaf831-9348-4330-a83e-b7c099cdc8f6,Teradata Database,Teradata|Teradata Integrated Data Warehouse
http://data.europa.eu/esco/skill/dcc96a49-0bac-4a9c-8f8e-a32b4e47e6eb,apply health and safety standards,administer health and safety standards|apply a health and safety standard|applying health and safety standards|employ health and safety standards|health and safety standard applications|implement health and safety standards|utilise health and safety standards
http://data.europa.eu/esco/skill/ddfe79e2-c2e3-4ba7-9bdf-3820b4f75b54,identify ICT user needs,ICT user needs identification techniques
http://data.europa.eu/esco/skill/f058bf62-70d1-4f5e-be2a-8b26fac24a96,design graphics,apply graphic design techniques|create graphic material
http://data.europa.eu/esco/skill/f9e788df-d68a-4f92-92c7-80e135fc35ff,ICT networking hardware,ICT networking devices|computer networking devices
http://data.europa.eu/esco/skill/0b071b01-4b40-4936-9d6d-d8c5609481b4,identify support mechanisms to develop your professional practice,find support mechanisms to develop your professional practice|identify support mechanism to develop your professional practice|identify support mechanisms to develop your pro practice|identifying support mechanisms to develop your professional practice|locate support mechanisms to develop your professional practice
http://data.europa.eu/esco/skill/2164e860-7f20-48bc-b98c-5d9f8a561550,design computer network,design LAN|design WAN|design local area network|design wide area network
http://data.europa.eu/esco/skill/2636b3d3-843e-46a9-8b4c-a9d6ca3f5a2d,provide technical documentation,compile and hand out documentation|document the product life cycle|prepare and distribute documentation|prepare technical documentation|provide documentation|provide documents|provide manufacturing documentation
http://data.europa.eu/esco/skill/33a82b83-c838-4889-ae62-fae1317481eb,protect personal data and privacy,defend online privacy and identity|keep online privacy and identity secure|protect digital identity|protect digital privacy|protect online privacy and identity|review online privacy settings|safeguard online identity and privacy|safeguard online privacy and identities|safeguard online privacy and identity|safeguarding online privacy and identity|take action to ensure online privacy
http://data.europa.eu/esco/skill/47ca0da1-cae5-4395-ae6b-fd97b9ff48d3,system backup best practice,backup systems reliability|disaster recovery best practice
http://data.europa.eu/esco/skill/4b51e76e-9e8a-455f-a289-5b48246345c4,hardware components,components for hardware systems|components of hardware|components of hardware systems|hardware system components|hardware system parts|parts for hardware systems|range of hardware components|types of hardware components|typology of hardware components
http://data.europa.eu/esco/skill/6e4f75b4-c60f-4623-a9ba-760c8245753b,ICT communications protocols,ICT communications protocols in automotive|IT communications protocols
http://data.europa.eu/esco/skill/82de2df7-0d6c-42b1-94ac-b3e9a029e917,use back-up and recovery tools,back-up and recovery tools using|use back-up and recovery software|use back-up software|use back-up tools|use recovery software|use recovery tools|using back-up and recovery software|using back-up and recovery tools
http://data.europa.eu/esco/skill/be0ff6d8-5e61-4021-9c89-e40cf0b75cc6,measure software usability,perform software usability testing|usability evaluation
http://data.europa.eu/esco/skill/c2999f0c-eb37-4cdf-b9b0-82107b628794,style sheet languages,CSS|Document Style Semantics and Specification Language|Extensible Stylesheet Language|Formatted Output Specification Instance|SMIL Timesheets|cascading style sheets
http://data.europa.eu/esco/skill/db36f7f1-5900-45bd-9ffb-f2b19c4362ac,support ICT system users,provide guidance on the use|staff support|user assistance
http://data.europa.eu/esco/skill/e5b5053e-0ef6-4c4e-a3f2-42f955f4322c,implement a firewall,firewall implementing|implement network firewall|implementing a firewall|implementing network firewall|install a firewall|install a network security firewall|installing a firewall|installing a network security firewall|network firewall implementing
http://data.europa.eu/esco/skill/e6262391-ffda-4b8e-9f5c-89cf1a0e7384,audiovisual equipment,audio-visual apparatus|audio-visual devices|audio-visual gear|audio-visual instruments
http://data.europa.eu/esco/skill/eb3aa8c1-fb14-47b4-a352-b7975abd2480,replicate customer software issues,analyse customer software issues|analyse customer software problems|replicate customer software problems|simulate customer software issues|simulate customer software problems
http://data.europa.eu/esco/skill/f41d4cd2-58ed-4ad6-b9c1-a5175c88d392,manage facilities services,direct facilities services|manage facilities service|manage facility services|managing facilities services|oversee facilities services
http://data.europa.eu/esco/skill/0da6cab1-0ee9-4391-a299-f71fbf21db56,ICT network routing,ICT network processes|ICT network routing processes|ICT network routing techniques|ICT network techniques
http://data.europa.eu/esco/skill/113b4428-0a31-4199-8496-070af7854b91,meet commitments,achieve goals|demonstrate commitment|demonstrate conscientiousness|demonstrate loyalty|demonstrate punctuality|demonstrate reliability|demonstrate steady effort|keep promises|meet commitment|meet targets|meeting commitments|show commitment|show conscientiousness|show reliability|show responsibility|work to deadlines
http://data.europa.eu/esco/skill/32428b21-514b-42c2-81b5-244a7804ea74,procurement of ICT network equipment,Alcatel-Lucent|Avaya|Ciena|Ericsson|Juniper Networks|NEC|network equipment vendors
http://data.europa.eu/esco/skill/3bddfd7c-ab6d-40c2-883d-5e97fb7640ba,create software design,create application design
http://data.europa.eu/esco/skill/3ce1fe19-7f9e-4070-941d-651673a5693b,decision support systems,decision support matrix|decision support software|decision-making tools
http://data.europa.eu/esco/skill/4fabca9a-7435-4f33-b1da-3cdb00340fdc,perform scientific research,carry out scientific research|conduct scientific research|engage in scientific research|performing scientific research
http://data.europa.eu/esco/skill/86d2e2ea-1ba2-4aa6-b465-8a1f9abc81b8,apply information security policies,comply with data protection regulations|apply data protection|data protection regulations|data security|ensure CIA|ensure confidentiality principles|information security policy|protect data|protect information|secure data
http://data.europa.eu/esco/skill/92721092-fe7c-4689-96bd-4f02385bc0e7,manage contracts,contract management|maintain manage contracts|manage a contract|managing a contract|oversee manage contracts|regulate manage contracts|supervise manage contracts
http://data.europa.eu/esco/skill/bb2b4485-2bad-402f-8517-44bf7d9afff4,implement anti-virus software,anti-malware software installing|anti-virus software implementing|anti-virus software installing|implementing anti-virus software|install anti-malware software|install anti-virus software|installing anti-malware software|installing anti-virus software|load malware protection|loading malware protection
http://data.europa.eu/esco/skill/c2218533-3e2a-4f50-b4fd-afde71dcf442,edit recorded sound,edit audio recordings|edit recorded sounds|edit sound footage|edit sound recording
http://data.europa.eu/esco/skill/c4180af3-befd-4bd8-9a65-6a496f9d9f15,demonstrate awareness of health risks,apply ergonomics|follow work-place safety regulations|know the effects of drugs and alcohol on individuals|manage health risk|meet health and safety requirements|work safely with hazardous material
http://data.europa.eu/esco/skill/c4b626c1-e71c-44ec-9f88-042766f37fcc,application usability,software usability
http://data.europa.eu/esco/skill/ea412de3-9d7a-4943-8d8c-c6d3c7495d0e,execute integration testing,test interface between software components
http://data.europa.eu/esco/skill/fbafa41f-cd05-4109-a649-8b44d306d779,create data models,manage data models
http://data.europa.eu/esco/skill/fbbcb9ab-4b95-4e57-a756-30d08b7da7a5,maintain ICT system,apply system monitoring techniques|monitor and optimise system performance
http://data.europa.eu/esco/skill/143769cb-b61e-47d8-a61e-eedfbec1016c,business intelligence,BI|business analytics|business intelligence tools
http://data.europa.eu/esco/skill/25f0ea33-b4a2-4f31-b7b4-7d20e827b180,data mining,data scraping
http://data.europa.eu/esco/skill/5063a99f-975b-4a7c-85e3-69ecb375b4d3,internet governance,internet governance policies|internet regulation
http://data.europa.eu/esco/skill/696e3b5b-8b61-45af-ae4c-3ab700f197ec,information extraction,information extraction techniques
http://data.europa.eu/esco/skill/6a536b36-c5c7-4d10-bf67-a4fb0f8549b2,audit techniques,audit procedures|battery audit process
http://data.europa.eu/esco/skill/6f1edc19-191f-4ba5-a048-ee69aff05bab,security engineering,information security engineering|network security engineering|security management|systems security engineering
http://data.europa.eu/esco/skill/78a74fd1-efc6-49dc-adb1-1b0fbe35c22c,provide software testing documentation,provide software test procedures documentation|provide software testing procedures
http://data.europa.eu/esco/skill/7e796b51-49d7-4e73-95af-2e7323763f15,design database in the cloud,apply design principles for cloud data architecture|apply design principles for cloud database design|design automated cloud databases|design cloud data architecture|develop cloud database design
http://data.europa.eu/esco/skill/dad7e408-162f-46a4-8567-db560e19e2fc,identify ICT system weaknesses,identify cyber infrastructure vulnerabilities|identify vulnerabilities of a cyber infrastructure
http://data.europa.eu/esco/skill/194c05ed-253c-485a-8bf0-0c8de1aaafda,follow work schedule,follow work schedules|following work schedule|implement work schedule|obey work schedule|respect work schedule
http://data.europa.eu/esco/skill/3cfa46e9-b7da-44ac-b09e-9596dffe0425,optimise choice of ICT solution,carry out ICT planning|carry out ICT strategic planning|enhance choice of ICT solution|perform ICT planning|perform ICT strategic planning|select ICT solution
http://data.europa.eu/esco/skill/3d3ee5c3-4286-457f-9f76-1704011f7e11,comply with legal regulations,comply with a legal regulation|comply with legal laws|comply with legal legislation|comply with legal rules|comply with legal statutes|complying with legal regulations|legal regulation compliance
http://data.europa.eu/esco/skill/49de9958-2aa4-4eef-a89d-fe5d5bcd28c4,adapt to change,adapt to changes|adapting to change|adjust to change|assimilate to change|be flexible|be open to change|conform to change|demonstrate flexibility|openness to change|revise plans to deal with changes|show willingness to change
http://data.europa.eu/esco/skill/561c2525-5bd8-4d86-8f45-820f4be7db93,report test findings,describe test findings: record test findings|note test findings|report a test finding|summarise test findings
http://data.europa.eu/esco/skill/5898d99a-62a4-4e10-a2e3-0d815ce44248,cyber attack counter-measures,cyber defence mechanisms|cyber/digital/IT/ICT/information security controls|cybersecurity measures|network communications security measures
http://data.europa.eu/esco/skill/7253d98c-4a6d-4e37-8b6c-accca9f4b639,develop ICT test suite,design software testing
http://data.europa.eu/esco/skill/7adb8473-bcc6-4ff8-9850-76d945d40092,analyse ICT system,analyse information and communications technology system|analyze ICT system|analyze information and communications technology system|assess ICT system|assess information and communications technology system
http://data.europa.eu/esco/skill/c9e96450-421d-48af-9ee6-d9c50e29afc2,ICT recovery techniques,ICT recovery methods|ICT recovery techniques for corrupted data|ICT recovery techniques for corrupted software components|ICT recovery techniques for damaged and corrupted software components|ICT recovery techniques for hardware
http://data.europa.eu/esco/skill/d32db06e-bd06-4415-a7ab-1b0ee68caa9a,ICT encryption,SSL|TLS|asymmetric cryptography|public-key cryptography|secure sockets layer|symmetric-key algorithm|transport layer security
http://data.europa.eu/esco/skill/d62d2b4c-a6f8-439e-8a1b-4f29ab5f2c47,make decisions,choose|decide|make choices|make decision|making decisions|take decisions
http://data.europa.eu/esco/skill/f32eb5de-3fc7-4bba-853a-c6f2f043c33e,set up equipment in a timely manner,set up equipment according to deadlines|set up equipment following schedules|set up equipment on time|setting up equipment in a timely manner
http://data.europa.eu/esco/skill/f5308e60-d763-4ead-be95-88c96fb3e02b,adapt to changes in technological development plans,adapt development activities of technological projects|adapt the design of technological projects|adapt to changes in strategies for technological projects|meet organisational needs for technological projects
http://data.europa.eu/esco/skill/0e0c9c11-b39e-43cf-ba95-2fe646f5de64,identify customer requirements,write research applications|categorise customer requirements|gather and define user requirements
http://data.europa.eu/esco/skill/1bba98a7-92b9-450b-9235-e0c905f8f3c4,information architecture,data architecture|information system design
http://data.europa.eu/esco/skill/397da142-ab35-48fe-b154-7c38f447adfb,digital systems,digital information systems
http://data.europa.eu/esco/skill/4216e465-7baa-4884-a241-54b197bb9278,perform data mining,mine data|use model data
http://data.europa.eu/esco/skill/484df271-bb52-49f1-8f50-f19624bf4df2,software components libraries,
http://data.europa.eu/esco/skill/5d74614d-32c8-4ca4-9818-6980e52424b1,plan software testing,oversee software testing plans
http://data.europa.eu/esco/skill/6a322874-e32f-4cd8-9683-badce67a7f73,develop automated software tests,build automated software tests|design automated software tests|generate automated software tests
http://data.europa.eu/esco/skill/c7cc6dc5-d56b-4323-8e5c-47c4022f615f,quality assurance methodologies,quality assurance approaches|quality assurance arrangements|quality assurance methodology|quality assurance plans|quality assurance processes
http://data.europa.eu/esco/skill/14d1e367-3efe-4ec5-86ae-eca48710ee4e,implement ICT security policies,ICT safety policies implementing|apply on-line safety guidelines|apply on-line security guidelines|implement ICT safety policies|implement computer network safety policies|implement computer network security policies|implementing ICT safety policies|implementing computer network safety policies|on-line safety guidelines applying|on-line security guidelines applying
http://data.europa.eu/esco/skill/1e77e42a-181f-4b48-8e74-201ce50ffc29,interpret current data,examine current data
http://data.europa.eu/esco/skill/a8d24a95-47b3-4f88-92e7-06600bcd3612,manage personal professional development,conduct personal professional development|continuously develop own practice|continuously develop your own practices|develop own practice|develop own practice continuously|develop own practices continuously|identify priority areas for professional development|manage personal lifelong learning|research identify and resource your continuing professional development|research own continuing professional development|undertake responsibility on continuous professional development
http://data.europa.eu/esco/skill/acf0a78c-f4e3-4bd9-a5cc-9cf4791b3b95,implement a virtual private network,VPN implementing|VPN installing|implement a VPN|implementing a VPN|implementing a virtual private network|install a VPN|installing a VPN|installing a virtual private network|virtual private network implementing|virtual private network installing
http://data.europa.eu/esco/skill/cdd8b6b2-2fd9-453c-8d62-8a1dc6efcd49,systems theory,systems fundamentals
http://data.europa.eu/esco/skill/d3286405-49f8-4e8a-8046-a4376b4e7963,manage cloud data and storage,cloud storage and data management|create cloud data retention|implement cloud data protection|manage cloud data encryption|manage cloud data retention
http://data.europa.eu/esco/skill/1e7ed56a-6d6b-422f-962e-38543d150755,manage changes in ICT system,ICT system upgrade
http://data.europa.eu/esco/skill/2c28fc20-8a60-4311-8899-5ef8729c05b3,design process,design-to-cost process|process design
http://data.europa.eu/esco/skill/449d119b-2d66-43a9-9230-7d27f16afbb6,Xcode,Xcode IDE
http://data.europa.eu/esco/skill/7ee4c2ea-b349-4bd2-81a3-ec31475d4833,statistics,administrative data|big data|data analysis|data collection|data work|experimental data|metadata|organisation of data|statistical analysis|stats|survey data|use of data|use of data in performance of work|use of statistics|use of statistics in performance of work
http://data.europa.eu/esco/skill/83218cac-3599-417e-93d2-26013cdccd98,service-oriented modelling,SaaS model|ICT service models|SaaS|Software as a service|service oriented models|service-oriented modeling
http://data.europa.eu/esco/skill/a71577b2-7550-4222-88ee-dcbd2d881516,graphics editor software,Adobe Photoshop Elements|Autodesk SketchBook Pro|ACD Canvas|Ability Photopaint|Apache OpenOffice Draw|ArcSoft PhotoImpression|ArtRage|Balsamiq|Chasys Draw IES|CinePaint|CodedColor|Color It!|Corel Painter Essentials|Corel Photo-Paint|Darktable|DigiKam|Embroidermodder|Erdas Imagine|F-Spot|FastStone Image Viewer|Fatpaint|Fotografix|G'MIC|GIMPshop|GimPhoto|GrafX2|GraphicConverter|GraphicsMagick|ImageMagick|Inkscape|IrfanView|Iridient Developer|KolourPaint|LView Pro|LazPaint|LibreOffice Draw|LightZone|Macromedia FreeHand|NeoPaint|OmniGraffle|PMview|Paint.NET|Phatch|Photo Mechanic|PhotoPerfect|PhotoScape|Photogenics|PicMonkey|Picasa|Pictor Paint|PixBuilder Photo Editor|Pixelmator|Pixia|Pixlr.com|Project Dogwaffle|QFX|RawTherapee|Rawstudio|SAI|SVG-edit|Serif DrawPlus|Serif Photoplus|Shotwell|Sodipodi|Swift 3D|TVPaint|Tux Paint|UFRaw|Ulead PhotoImpact|Unified Color HDR PhotoStudio|XPaint|Xara Photo & Graphic Designer|Xara Xtreme LX|XnView|Zoner Photo Studio|cosmigo Pro Motion|sK1|vector graphics editor
http://data.europa.eu/esco/skill/efda73b4-5212-40a7-b2f8-d2f754ffdf2b,keep up with trends,follow trends|keep pace with trends|keep up with a trend|keeping up with a trend|keeping up with trends|monitor trends
http://data.europa.eu/esco/skill/013441c1-1f13-47e9-80c4-9a53e8e1bc05,KDevelop,KDevelop platform|kdevplatform
http://data.europa.eu/esco/skill/0b0335f3-0aa1-491e-895e-81fc8774a300,develop automated migration methods,create automated transfer of ICT information|design automated migration methods|design automated transfer of ICT information|develop automated transfer of ICT information|generate automated transfer of ICT information
http://data.europa.eu/esco/skill/1f1d2ff8-c4c1-45cc-9812-6a7ee84a73cb,lead a team,direct a team|lead teams|leading a team|supervise a group of people
http://data.europa.eu/esco/skill/25b291b5-8245-4d9d-b391-86a8a31d7109,use concurrent programming,parallel computing|use parallel computing
http://data.europa.eu/esco/skill/6b6a9252-2ed7-4862-a02f-1578f4a532ea,Eclipse (integrated development environment software),Eclipse|Eclipse IDE|knowledge of Eclipse
http://data.europa.eu/esco/skill/6c08403c-a5bb-4868-b8c2-b7d039c0e511,design database scheme,develop database scheme
http://data.europa.eu/esco/skill/7954861c-86d4-4529-afbb-2c23dab9ac74,negotiate compromises,bargain|bargaining|defuse conflict|influence decision-making processes|manage complaints|negotiate|negotiating compromise|resolve conflict|seek agreement
http://data.europa.eu/esco/skill/79f24a62-7718-46e1-9b41-37be0560a5ca,organisational resilience,business resilience|operational resilience|organizational resilience
http://data.europa.eu/esco/skill/9190d87f-9792-42e0-bb7f-64294a656bcd,monitor system performance,system logging
http://data.europa.eu/esco/skill/9ef0f3a0-9ce2-4ef1-a987-0366b5cb2dbe,database development tools,Microcontrollers
http://data.europa.eu/esco/skill/b9f16465-56a9-426b-a047-0f9f1f95ec92,address problems critically,addressing problems critically|critically address problems|critically addressing problems|think about problems critically|think critically about problems|thinking about problems critically|thinking critically about problems
http://data.europa.eu/esco/skill/cbe2c304-1e7d-489a-97d9-a7d3e37a9db6,apply ICT systems theory,follow the principles of ICT systems theory|follow the theoretical principles for ICT systems|implement principles for ICT systems|implement theoretical notions for ICT systems|implement theoretical principless for ICT systems
http://data.europa.eu/esco/skill/ed39edd3-44d0-4a16-9796-bfb99f92baf3,ICT performance analysis methods,performance analysis techniques
http://data.europa.eu/esco/skill/03ff0d53-573a-47a0-a0ad-1995815a4339,information structure,data infrastructure|data structuring methods|types of data infrastructure
http://data.europa.eu/esco/skill/1a4cc54f-1e53-442b-a6d2-1682dc8ef8f9,creatively use digital technologies,use digital technologies for cognitive tasks|use digital technologies for problem-solving in digital environments|use digital technologies for process innovation|use digital technologies for product innovation|use digital technologies to resolve conceptual problems
http://data.europa.eu/esco/skill/426ceaba-6867-481c-bb6b-aee3933da7d2,ICT safety,ICT protection|ICT security|ICT welfare maintenance|ICT well-being maintenance|information and communication technologies safety|information and communication technology safety
http://data.europa.eu/esco/skill/a56dec32-05ef-45de-a256-ee6741f356db,information confidentiality,consumer data privacy|data access control|data confidentiality
http://data.europa.eu/esco/skill/c624c6a3-b0ba-4a31-a296-0d433fe47e41,think creatively,innovate|anticipate needs|brainstorming|design|experiment|find new ideas|innovative thinking|seek out questions|show originality|think in a creative way|thinking creatively|use imagination|visualise completed project|visualise completed work|work conceptually
http://data.europa.eu/esco/skill/06358891-8424-43c5-891e-d40f226bef40,manage IT security compliances,ensure compliance with information security regulations|oversee IT security compliance
http://data.europa.eu/esco/skill/0e1fe34b-f4e7-4642-8c8b-5a05ac3438e5,manage schedule of tasks,assign and schedule tasks|manage task scheduling|manage tasking|organise tasks|organize tasks|plan tasks|schedule tasks|task management|task planning|task scheduling
http://data.europa.eu/esco/skill/1dae8445-12e5-423a-bb26-824010e299b9,ensure compliance with legal requirements,ensure compliance with legislative regulations
http://data.europa.eu/esco/skill/348b74cd-49ce-4844-8bdf-ec188b497213,visual presentation techniques,Infovis|Infoviz|information visualisation|information visualization|visualization interface
http://data.europa.eu/esco/skill/382c11ed-20d5-4ae7-b60e-15fec527fa6c,apply statistical analysis techniques,apply JMP statistical analysis techniques|apply minitab statistical analysis techniques|apply numerical analysis to data
http://data.europa.eu/esco/skill/43ae58b9-5e56-4524-b45a-b422777a0576,database,non-relational database|relational database|types of databases
http://data.europa.eu/esco/skill/5be3d306-6cf1-4b49-aa1d-01651dd4ba4c,object-oriented modelling,knowledge of object-oriented modelling|object-oriented modeling|object-oriented paradigm
http://data.europa.eu/esco/skill/7d10fcb2-b368-48ab-996b-7c9fafcf68ed,use automatic programming,use visual programming
http://data.europa.eu/esco/skill/a846cb9e-c152-41e7-bd34-45e7ff941e3b,legal requirements of ICT products,international regulations for the development and use of ICT products|international regulations for the use of ICT products|legal requirements for the design of ICT products|legal requirements for the development and use of ICT products|legal requirements for the development of ICT products
http://data.europa.eu/esco/skill/04fe962b-4017-4eb7-9139-7d69b6922bc9,use an application-specific interface,application-specific interface operating|application-specific interface using|operate an application-specific interface|operate an interface specific to the application|operating an application-specific interface|operating an interface specific to the application|use an interface specific to the application|using an application-specific interface|using an interface specific to the application
http://data.europa.eu/esco/skill/283cbcd3-7101-4dbb-be37-56f3625515b1,provide ICT consulting advice,provide IT consulting advice|provide advice in consulting
http://data.europa.eu/esco/skill/2c4e11ef-da18-4e19-816b-e6bc19e12424,use logic programming,employ Answer Set Programming|employ ICT tools for logic programming|use Datalog for logic programming|use Prolog for logic programming|utilise ICT tools for logic programming
http://data.europa.eu/esco/skill/8088750d-8388-4170-a76f-48354c469c44,cyber security,ICT security|IT security|cybersecurity|digital security|information and communications technology security|information security
http://data.europa.eu/esco/skill/8b94aa1e-89c9-459d-b3b4-1dfab8dec2df,use software libraries,utilise software libraries
http://data.europa.eu/esco/skill/9d0d89be-bffa-4393-b6f6-8d05bea49051,"data extraction, transformation and loading tools",PowerCenter Informatica|Cognos Data Manager|Adeptia Integration Server|Centerprise Data Integrator|CloverETL|Data Migrator|ETL|Elixir Repertoire for Data ETL|IBM Infosphere WarehoEdition|Open Text Integration Center|Pervasive Data Integrator|Relational Junction ETL Manager|Sagent Data Flow|Syncsort DMX|Talend Studio for Data Integration
http://data.europa.eu/esco/skill/b105ec9b-0857-41d6-8d07-a83e58b73d90,ICT system programming,network programming|server side programming
http://data.europa.eu/esco/skill/d31fab87-2a7d-485c-b699-2901ca294b15,use functional programming,apply functional programming principles
http://data.europa.eu/esco/skill/fecf8a0d-62c4-4e71-9b03-0f4fc2ad7bf5,data models,data modelling
http://data.europa.eu/esco/skill/98301d4a-2cc3-439d-8d7f-0b6ac76302bb,business process modelling,BPMN|business process modeling|process modelling
http://data.europa.eu/esco/skill/04dfd9fb-e0cf-40f6-96c6-9d2280c4347e,provide technical documentation,document the product life cycle|prepare technical documentation
http://data.europa.eu/esco/skill/2b7a79e5-84d8-4880-be66-3d9bb05bea17,use software design patterns,use programming design patterns|utilise software design patterns
http://data.europa.eu/esco/skill/31c69100-b612-4a61-8db5-fd314318854c,execute analytical mathematical calculations,apply analytical mathematical methods
http://data.europa.eu/esco/skill/42fcf80d-7b45-40f3-bd2f-5411c4c0dfa0,identify technological needs,assess technological needs|identify needs and technological responses
http://data.europa.eu/esco/skill/6417a4cc-6f61-4459-a114-761a7fa0279d,Puppet (tools for software configuration management),Puppet
http://data.europa.eu/esco/skill/6f8a40d6-f9ce-43ec-a72f-d4213a53f3ed,Ansible,Ansible automation tool
http://data.europa.eu/esco/skill/901105f8-3a08-453e-b1dc-23619e317fd3,create flowchart diagram,build flow diagram|build flowchart|compose flow chart|compose flow diagram|design flow chart|design flow diagram|develop flow chart|develop flow diagram|generate flow chart|generate flow diagram
http://data.europa.eu/esco/skill/9ff9db9d-d14b-426e-83f3-e7449af6c79f,manage data,administer data|data administration|data resource management|manage data lifecycle|operate data quality tools
http://data.europa.eu/esco/skill/c7451027-8249-405a-bb1b-342ff0f3fb3b,Salt (tools for software configuration management),Salt
http://data.europa.eu/esco/skill/d2d9051a-10e1-41c5-9cfb-bbdc58016176,follow safety precautions in work practices,adhere to safety precautions in work practices|comply with health and safety regulations|comply with safety precautions in work practices|conform to safety precautions in work practices|follow safety guidelines|follow safety precautions in work practice|follow work practice safety precautions|following safety precautions in work practices|identify safety risks in workplace|implement safety policies|implement safety procedures|store equipment and materials safely|use correct equipment and tools|use safe working methods
http://data.europa.eu/esco/skill/0d168770-4d9c-4096-b048-a6577818d306,Apache Maven,Maven
http://data.europa.eu/esco/skill/415abd43-e8e5-4643-b5da-5f11307af57a,use different communication channels,apply specific communication channels|handle specific communication channels|operate specific communication channels|use of different communication channels|using different communication channels|utilise specific communication channels
http://data.europa.eu/esco/skill/5b9cde20-f1b9-4adc-bfb3-dbf70b14138d,use object-oriented programming,utilise object-oriented programming
http://data.europa.eu/esco/skill/69f0167e-75d9-46cf-847f-72a592880ebb,STAF,STAF software
http://data.europa.eu/esco/skill/b04f377b-ee80-4b38-aca1-19d266a23b17,analyse business requirements,analyse customer product risks|analyze business requirements|business requirements analysis
http://data.europa.eu/esco/skill/f47a1998-0beb-43be-9f46-380aa4d183da,Jenkins (tools for software configuration management),Jenkins|Jenkins CI|Jenkins Continuous Integration server
http://data.europa.eu/esco/skill/fafe0b9d-dbd9-46bd-b770-26299539ce66,ICT process quality models,CMM|CMMI (Capability Maturity Model Integrated)|Quality maturity models|software process quality
http://data.europa.eu/esco/skill/0af062de-eb43-41e9-9b96-249e2cd22d26,use markup languages,use HTML|use Html|use XHTML|use html|use mark-up languages
http://data.europa.eu/esco/skill/14832d87-2f2f-4895-b290-e4760ebae42a,solve technical problems,diagnose technical problems|resolve technical issues
http://data.europa.eu/esco/skill/2ddb1226-1117-4eb4-ae65-3a2f5a5a3c80,ICT network security risks,ICT network security threats|information systems security risks
http://data.europa.eu/esco/skill/71746a0b-e58d-4dc4-ad03-bd84082eae21,collect customer feedback on applications,analyse business objectives and customer interests
http://data.europa.eu/esco/skill/7557f0f4-b8bc-4ac0-b91e-222ab1ba744f,tools for ICT test automation,Selenium|test automation tools|tools for test automation
http://data.europa.eu/esco/skill/9e06bac6-6b91-48ca-8b7d-c1f48cdecd7c,solve ICT system problems,diagnose system problems|manage system problem|troubleshoot system
http://data.europa.eu/esco/skill/bc0b0b5d-f6be-405a-b224-b6902a4dbe97,manage digital identity,protecting privacy and identity on the Internet
http://data.europa.eu/esco/skill/f049d050-12da-4e40-813a-2b5eb6df6b51,Internet of Things,Information appliances|IoT|Pervasive systems|Ubiquitous computing|smart devices
http://data.europa.eu/esco/skill/48b68726-0fd6-4e03-a5eb-82236516ee7a,provide cost benefit analysis reports,create cost benefit analysis reports|generate cost benefit analysis reports|produce cost benefit analysis reports|provide cost benefit analysis report|provide cost-benefit analysis reports|provide reports on cost benefit analysis|providing cost benefit analysis reports
http://data.europa.eu/esco/skill/7e1f9657-ab4e-407c-842f-b846197060e3,execute ICT audits,execute ICT security audits|execute IT security audits|execute cyber security audits|execute information security audits
http://data.europa.eu/esco/skill/a628d2d1-f40a-4c37-a357-2801726f2996,identify problems,detect problems|diagnose problems|signal problems
http://data.europa.eu/esco/skill/b769f524-0f25-44d7-8538-5c46710a040e,manage digital documents,Alfresco Standard Network|Athento Smart Document Management|BlueDoc|DocPoint|DocuXplorer|Dokmee|Enterprise Content Management|FileCenter Pro|FileHold|FileNet Content Manager|M-Files DMS|Nuxeo Document Management|OneDrive|PaperPort Pro|SIVADOC|docSTAR eclipse|manage digital files|managing digital documents
http://data.europa.eu/esco/skill/d74df140-eb69-43e2-bac9-1cafc824d702,execute feasibility study,conduct feasibility assessment|conduct feasibility studies|perform feasibility analysis|perform feasibility study on solar absorption cooling|perform feasibility study on solar heating|undertake feasibility studies
http://data.europa.eu/esco/skill/d9013e0e-e937-43d5-ab71-0e917ee882b8,manage time,adhere to schedules|coordinate actions|define milestones|draw up time line|manage schedule|managing time|meet deadlines|plan deadlines|plan time|prioritise actions|prioritise tasks|schedule|set priorities|work out time line
http://data.europa.eu/esco/skill/e54ff029-1ce9-447d-a5b2-eb7283a23e6e,train employees,instruct employees|teach employees|train an employee|training employees|upskill employees
http://data.europa.eu/esco/skill/020918ef-4b55-47c1-8430-ab7b8f6a7377,migrate existing data,drift existing data
http://data.europa.eu/esco/skill/11eebd42-44ab-401d-8a2c-bdb9fc9beb50,information security strategy,InfoSec strategy
http://data.europa.eu/esco/skill/1b70a55d-b8a4-49fc-96c6-15ab4cff2522,use data processing techniques,apply data processing technique|gather and analyse data|make use of data processing techniques|use a data processing technique|utilize data processing techniques
http://data.europa.eu/esco/skill/3ff589b7-68df-4ea5-ae41-b395bdb2378f,ICT security standards,ICT security compliances|ICT security frameworks|IT security compliances|IT security frameworks|IT security standards|cyber security compliances|cyber security frameworks|cyber security standards|information security compliances|information security frameworks|information security standards
http://data.europa.eu/esco/skill/797a4416-0b8d-44f3-8fcd-eb10bd0be6b4,develop software prototype,develop software mockup|develop software throw-away simulation
http://data.europa.eu/esco/skill/83e6510b-ffeb-4aec-959c-4265fd0ff7b7,attend to detail,attend to accuracy|attend to details|attend to precision|attending to details|deal with details|manage details|sort out details|to work precisely|work carefully|work in a proper manner|work meticulously
http://data.europa.eu/esco/skill/8c4c49d4-9708-433f-8ca7-bf2c5211ee49,develop creative ideas,create creative ideas|developing creative ideas|generate creative ideas|produce creative ideas
http://data.europa.eu/esco/skill/a571ae14-3e16-4fd3-a615-5646e0b0b696,inspect data,appraise data|assess data|check data|data inspection|inspecting data|inspection of data|look at data
http://data.europa.eu/esco/skill/172020d1-e151-445b-8173-e2a5fb16fe51,utilise computer-aided software engineering tools,use CASE tools|utilise CASE tools|utilise CASE tools for software design|utilize CASE tools for software design|utilize computer-aided software engineering tools
http://data.europa.eu/esco/skill/438ff259-d086-4004-acda-1ec3e1631bc6,software anomalies,software behaviour deviations|software bugs|software defects|software performance deviations|software performance incidents
http://data.europa.eu/esco/skill/6fa1c2c0-a012-4ca0-9642-e01569ba322c,ICT system integration,system integration
http://data.europa.eu/esco/skill/8696aff0-18c0-4ba6-a4d0-9a21861b3e5e,World Wide Web Consortium standards,W3C standards
http://data.europa.eu/esco/skill/925463a7-d51f-4d5b-9f79-4d28cf30acde,integrated development environment software,Anjuta|Borland C++ Builder|Code::Blocks|CodeForge|CodeLite|Dev-C++|DialogBlocks|IDE|MinGW Developer Studio|NetBeans|Philasmicos Entwickler Studio|SPE|Zeus IDE|wxHatch
http://data.europa.eu/esco/skill/ca73ac82-867a-4afa-9732-834aebe896ff,ICT system user requirements,analysis of user requirement in ICT systems|analysis of user requirements in ICT systems
http://data.europa.eu/esco/skill/d0c6d77e-cb25-4770-bf77-2073fc5f7523,ICT infrastructure,ICT architecture and infrastructure|ICT infrastructure and operations|IT architecture and infrastructure|IT infrastructure and operations
http://data.europa.eu/esco/skill/f28617ad-afdd-4041-814c-216153a38998,analyse software specifications,analyse software or system specifications|assess software specifications|assess software systems|evaluate software design specification|examine software requirements
http://data.europa.eu/esco/skill/fd33c66c-70c4-40e6-b87c-5495bd3bf26e,design user interface,design user interface specifications|design user interfaces
http://data.europa.eu/esco/skill/60c78287-22eb-4103-9c8c-28deaa460da0,work in teams,collaborate on tasks|cooperate|cooperate with colleagues|foster social networks|handle team dynamics|support colleagues|team-working|work in groups|work in squads|working in teams
http://data.europa.eu/esco/skill/c544a9f3-5945-4b54-afed-de0697852817,report analysis results,use data reporting
http://data.europa.eu/esco/skill/c5e8abde-d2ba-4e8e-a65e-720b71180666,unstructured data,types of unstructured data
http://data.europa.eu/esco/skill/f4a85869-1855-45d5-a43c-7ee8cd451996,perform ICT security testing,prepare and apply security test plans
http://data.europa.eu/esco/skill/03b9b491-fc9b-4868-914a-bf7cd47b5041,create solutions to problems,come up with solutions to problems|conceive solutions to problems|create solution to problems|create solutions|creating solutions to problems|devise solutions to problems|formulate solutions to problems
http://data.europa.eu/esco/skill/29fb0fb5-dfc4-4098-ac9b-3a712000f48f,manage database,implement database theory
http://data.europa.eu/esco/skill/2b92a5b2-6758-4ee3-9fb4-b6387a55cc8f,perform data analysis,analyse data performance|complete data analysis|implement data analysis|perform analysis of data|performing data analysis|undertake data analysis
http://data.europa.eu/esco/skill/85c11255-469f-41bd-a6d1-382bc4a87783,interpret technical texts,interpret technical information
http://data.europa.eu/esco/skill/bd14968e-e409-45af-b362-3495ed7b10e0,cloud technologies,cloud computing|edge computing
http://data.europa.eu/esco/skill/2a3a96a3-709e-4d60-81f6-d247d6933f13,manage system security,manage information security
http://data.europa.eu/esco/skill/85f46538-ae70-498a-bfbc-b8ddafe96c7d,levels of software testing,software integration testing
http://data.europa.eu/esco/skill/de586dcf-d7e5-4340-bf5b-d59026f1b436,penetration testing tool,Burpsuite|CA-Examine|COPS|Chkpwd|Cisco Secure Scanner|GamaScan|HackerShield|Hobgoblin|I.C.U.MVS|IP360 Vulnerability Management System|NMAP|NTCrack|NTellect|Nfsbug|PanSec|PhoneSweep|Pmutil|Quickinspector|S10SCAN|SAM Internet Scanner|SAM System Scanner|SFProtect Mobile|SFProtect Server|Trojan|VAM|metasploit|output of a penetration test|penetration testing software|webinspect
http://data.europa.eu/esco/skill/611ed16b-99bf-4840-9cab-f55d1d286e0a,store digital data and systems,archive digital data and systems|back up data|backup digital data and systems|cache digital data and systems|restore data|store digital data and system|store systems and digital data|storing digital data and systems|use data and systems archiving procedures|use data and systems archiving tools
http://data.europa.eu/esco/skill/918f5211-b99f-4b29-9a34-6e475583ef55,write work-related reports,carry out work-related reporting|complete work-related reports|compose work-related reports|create work-related reports|develop reports on work activities|perform work-related reporting|present reports on work activities|produce work-related reports|undertake work-related reporting|write reports|write work reports
http://data.europa.eu/esco/skill/adc6dc11-3376-467b-96c5-9b0a21edc869,solve problems,act intuitevely|apply problem solving|come up with strategy to solve problems|create solutions to problems|create strategies to solve problems|demonstrate problem solving skills|develop strategies to solve problems|develop strategy to solve problems|manage problems|resolve problems
http://data.europa.eu/esco/skill/574257ea-7b64-4100-b7b6-e27c233fe143,digital communication and collaboration,digital communications|electronic communication|paperless communication
http://data.europa.eu/esco/skill/913e7e83-b8f8-4574-b1ca-1b38f3fd974a,execute software tests,test application|test programs
http://data.europa.eu/esco/skill/5ef0c719-5bcb-49f8-b8eb-824388225333,use scripting programming,employ ICT tools for computer code creation|employ programming languages for computer code creation|use ICT tools for computer code creation|use ICT tools for computer code development|use ICT tools for computer code generation
http://data.europa.eu/esco/skill/ce354460-500e-4eaa-8e95-8f243fcea3db,manage system testing,oversee testing of hardware|oversee testing of software
http://data.europa.eu/esco/skill/09f2f811-a3fb-4de3-a70f-6420a6935575,systems development life-cycle,application development life-cycle
http://data.europa.eu/esco/skill/69bbd53f-fbb0-4476-b4b2-ef7844464e28,web programming,markup programming
http://data.europa.eu/esco/skill/dc72ad0a-c5dc-4abd-bc0d-ca43e82162e1,build business relationships,assemble business relationships|build a business relationship|building business relationships|construct business relationships|devise business relationships|produce business relationships|set up business relationships
http://data.europa.eu/esco/skill/ed8de897-adbe-4f0e-b4d2-534953e64c72,integrate system components,assemble system|setup system
http://data.europa.eu/esco/skill/2522a6ce-3202-4ac8-9f5b-b9cb5a3a83a1,debug software,analyse testing results for incorrect software output|fix computer code for software|locate defects causing unexpected software output|repair computer code for software
http://data.europa.eu/esco/skill/339ac029-066a-4985-9f9d-b3d7c8fea0bb,manage staff,supervise employees|supervise staff|conduct HR activities|coordinate and monitor employees|coordinate and monitor staff|coordinate and monitor subordinates|implement HR actions|manage employees|manage personnel|manage subordinates|manage team|perform HR|supervise personnel|undertake HR processes
http://data.europa.eu/esco/skill/69cfc5ed-6569-4aca-a4cc-fd782ba51d9c,implement ICT risk management,
http://data.europa.eu/esco/skill/9af1bd12-01bd-4d6a-947b-69e64f23150a,process qualitative information,analyse facts|analyse information|categorise information|compile information|identify patterns|observe information|process qualitative info|processing information|processing qualitative information|recognise connections|show analytical thinking
http://data.europa.eu/esco/skill/d9e5349e-8791-49c2-8ba4-839fdd1606c2,define technical requirements,gather technical requirements|jot down technical specifications in a list|make a list of technical aspects|write technical specifications|write up a list of technical specifications|write up a technical specifications' list|write up technical specifications in a list
http://data.europa.eu/esco/skill/da6393d5-a53c-4863-abc7-51f36281d74e,lean project management,Lean Six Sigma|lean project management approach|lean project methodology
http://data.europa.eu/esco/skill/0a9acb6b-1139-4be9-b431-3a80a959f2f4,Agile project management,Agile management software
http://data.europa.eu/esco/skill/fe1c2b32-7fe9-4668-affa-07ff658a68cf,identify ICT security risks,identify ICT security risks and threats|model ICT threats
http://data.europa.eu/esco/skill/d5a59ca8-2e91-472e-8571-d12ce4478679,Process-based management,process-based project management methodology
http://data.europa.eu/esco/skill/1b7c716e-af95-4cda-a42f-6479c8b139f5,MDX,MultiDimensional eXpressions
http://data.europa.eu/esco/skill/3f4dab51-572b-4e2c-85ef-3b4c3f7094e1,XQuery,XQuery language
http://data.europa.eu/esco/skill/a57a54b6-2f2e-43e4-9621-b52f4a63cb08,LDAP,Lightweight Directory Access Protocol
http://data.europa.eu/esco/skill/cd5efa8c-e44d-4cbc-91c6-796018dbed68,perform project management,conduct project management|do project management|manage projects|perform management of projects|perform projects management|performing project management
http://data.europa.eu/esco/skill/045f71e6-0699-4169-8a54-9c6b96f3174d,advise others,advise colleagues|advise customers|counsel others|counselling|give advice|give constructive feedback|giving advice to others|guide others|make recommendations to others|mentor individuals|mentor others|offer suggestions to others|provide advisory services
http://data.europa.eu/esco/skill/699e7c26-6502-4e78-a823-3656ff5a5b8b,instruct others,educate others|instruct colleagues|instructing others|teach others|train others|tutoring
http://data.europa.eu/esco/skill/9d2e926f-53d9-41f5-98f3-19dfaa687f3f,tools for software configuration management,Bcfg2|CFEngine|ISconf|Local ConFiGuration system|NOC|NixOS|OCS Inventory NG with GLPI|Open pc server integration|PIKT|Quattor|Radmind|Rudder|Rundeck|SmartFrog|Synctool|cdist|git|revision control|software tools for version control|source control|tools for software version control
http://data.europa.eu/esco/skill/35ebe444-9ece-4fbc-a55d-e99ea37267ae,manage quality,apply quality standards|attend to quality|managing quality|monitor quality|oversee quality|work to agreed standards
http://data.europa.eu/esco/skill/5da8018b-ae85-4cde-ad93-0394369018f3,SPARQL,SPARQL Protocol and RDF Query Language
http://data.europa.eu/esco/skill/c7d24594-0c11-4b27-9039-fe0bb903da8e,LINQ,Language Integrated Query
http://data.europa.eu/esco/skill/f597f772-24d3-4cec-813c-cf5a7027c794,N1QL,Couchbase Query Language|Non-first Normal Form Query Language
http://data.europa.eu/esco/skill/ab1e97ed-2319-4293-a8b7-072d2648822f,database management systems,DBMS|Rdb|Informix Extended Parallel Server|Adabas|Adabas D|Adaptive Server Anywhere|Adaptive Server Enterprise|Advantage Database Server|Cloudscape|DB engines|DB2 Everyplace|Datacom|Db.linux|Db.star|IDMS|IMS DB|Informix Dynamic Server 2000|Ingres ii|Interbase|Jasmine ii|Model 204|NonStop SQL|Objectivity DB|Oracle 8I|Oracle Lite|POET Object Server Suite|Peoplesoft|Pervasive.SQL 2000|Pervasive.SQL Workgroup|PointBase Embedded|PointBase Mobile|PointBase Network Server|Quadbase SQL Server|R:Base|Raima Database Manager|SQL|SQLBase|SUPRA|Sybase|TimesTen|UniData|UniSQL|Velocis|Versant|YARD-SQL|database systems
http://data.europa.eu/esco/skill/034c29fa-c3ba-45ea-b8f3-bf8e3705e386,Erlang,Erlang programming language
http://data.europa.eu/esco/skill/42ed3bfb-1a01-4c8b-9758-fc6438865734,Smalltalk (computer programming),Smalltalk|Smalltalk programming system
http://data.europa.eu/esco/skill/6014921e-1d25-4039-adc2-04852d61880e,ICT debugging tools,ICT testing tools|software debugging tools
http://data.europa.eu/esco/skill/732cb4dd-af91-4c88-9a9f-5fc62144e500,provide information,administer information|arrange information|contribute information|furnish information|information provision|providing information|provision of information
http://data.europa.eu/esco/skill/993b1e23-f2de-4bd8-b33f-f86dde1c8e9d,CoffeeScript,CoffeeScript algorithms|CoffeeScript coding techniques|CoffeeScript programming paradigms|CoffeeScript software development principles|CoffeeScript software development techniques
http://data.europa.eu/esco/skill/19ba11f3-9c99-41fd-a7c9-f77e6a026186,carry out calculations,carry out work-related calculation|use numbers
http://data.europa.eu/esco/skill/629685b8-5f9e-4522-8cff-b3e2c4ec625a,digital data processing,data processing|electronic data processing|paperless data processing|processing of data digitally
http://data.europa.eu/esco/skill/7814e88f-c133-4c3b-b27f-857afa145d42,ICT security legislation,ICT law|cyber-security regulation|legal aspects of computing|network and information security legislation
http://data.europa.eu/esco/skill/99207709-d076-4cce-ba38-e90d3bb28806,resource description framework query language,RDF query language|SPARQL
http://data.europa.eu/esco/skill/8369ede5-4200-4a44-be2e-bc60ef959259,Microsoft Visual C++,MS Visual C++|MSVC|VC++|Visual C++
http://data.europa.eu/esco/skill/7e5147d1-60b1-4a68-804b-1f5cb0396b91,problem-solving with digital tools,ICT tools and hardware problem solving|finding solutions with ICT tools and hardware|problem-solve with ICT tools and hardware|problem-solving with ICT hardware and tools|problem-solving with information and communication technologies tools and hardware|resolving issues with ICT tools and hardware
http://data.europa.eu/esco/skill/eb0e5615-1575-4a86-a1a2-7d39595033c5,ABAP,ABAP Programming Techniques|ABAP programming techniques|ABAP software development|ABAP software techniques
http://data.europa.eu/esco/skill/401eb8d8-6daa-4f8b-90ad-60afc71eb4f8,Perl,PONIE|Practical Extraction and Report Language
http://data.europa.eu/esco/skill/dcdd5ddf-82a6-4ac3-8edc-d4b23cae9a88,VBScript,VBScript algorithms|VBScript coding techniques|VBScript for web-based scripting|VBScript programming paradigms|VBScript scripting techniques
http://data.europa.eu/esco/skill/58d7a289-dafd-4363-833f-d1dc4140885e,APL,APL programming paradigms
http://data.europa.eu/esco/skill/867137fb-ff1b-4ca3-99f3-cb6969aa2c68,TypeScript,TypeScript programming language
http://data.europa.eu/esco/skill/d56fc2b5-4b0a-4e7e-9bde-a33736f6ff18,Scratch (computer programming),Scratch
http://data.europa.eu/esco/skill/e8b89eb6-51e8-4c3a-babb-88b2e110376b,Pascal (computer programming),Pascal
http://data.europa.eu/esco/skill/0cd6dcf1-5778-42a5-b685-4d01ae4a4871,Common Lisp,Common Lisp programming language
http://data.europa.eu/esco/skill/0de61385-de6d-4146-ba32-1cc1bc102220,Lisp,Lisp algorithms|Lisp coding techniques|Lisp programming paradigms|Lisp software development principles|Lisp software development techniques
http://data.europa.eu/esco/skill/13bdd41a-2a18-441f-96db-41252c519413,Visual Basic,.NET|VB|VB.NET|Visual Studio|Visual Studio .NET
http://data.europa.eu/esco/skill/1d6c7de4-350e-4868-a47b-333b4b0d9650,"evaluate data, information and digital content",evaluate digital content|evaluate digital data
http://data.europa.eu/esco/skill/300d432b-f457-4cd3-9cb1-1858c7d14954,OpenEdge Advanced Business Language,OpenEdge Advanced Business Language techniques
http://data.europa.eu/esco/skill/47b9bbcf-356c-4782-83a4-7f5a1b2b51a3,Assembly (computer programming),Assembly|Assembly algorithms|Assembly computer programming paradigms|Assembly software development principles|Assembly software development techniques
http://data.europa.eu/esco/skill/51586df8-1c46-4b47-8583-773cb63bf00b,R,R software
http://data.europa.eu/esco/skill/52cf3037-ab53-4806-85ed-7fd21ea7f6a1,Groovy,Groorvy software development|Groovy programming language|Groovy software techniques
http://data.europa.eu/esco/skill/7a8fb784-67fa-41e9-a75c-6b491d91f800,develop strategy to solve problems,come up with strategy to solve problems|develop strategies to solve problems|adapt implementation strategy|create implementation strategy|create strategy to solve problems|decide priorities|design strategy to solve problems|develop objectives|develop problem solving strategy|develop strategy to solve problem|developing strategy to solve problems|devise action plan|devise strategy|identify goals|identify tasks|set goals|set targets|strategic thinking
http://data.europa.eu/esco/skill/9973a5a2-7822-4161-99e9-95c781eb63f8,Objective-C,Objective C
http://data.europa.eu/esco/skill/9cf681c7-89ec-470c-b651-7fe03786f586,query languages,.QL|CQLF|Concept-Oriented|DMX|Datalog|F-logic|FQL|Gellish|HTSQL|ISBL|MQL|OCL|OPath|OQL|OttoQL|Poliqarp|QUEL|RDQL|ReQL|SPL|SuprTool|TMQL|XPath|XSPARQL|YQL
http://data.europa.eu/esco/skill/a4d336a6-9ffd-402a-91cc-f359716ba4e0,ML (computer programming),ML|ML development principles|ML systems
http://data.europa.eu/esco/skill/bb99af26-71ff-4dca-bde7-1eb1f6194426,SAP R3,SAP ERP|SAP ERP 6.0: Enhancement Packages|SAP R/1|SAP R/2|SAP R/3|SAP R/3 Enterprise Central Component|SAP R/3 Enterprise Edition|SAP S/4 HANA
http://data.europa.eu/esco/skill/be80acfc-b6f2-4411-9b8d-b19d9cd2556a,Swift (computer programming),Swift|Swift algorithms|Swift programming paradigms|Swift software development principles|Swift software development techniques
http://data.europa.eu/esco/skill/c3a03c5a-c260-4c26-9b9a-873abb396f4d,MATLAB,MATLAB algorithms|MATLAB coding techniques|MATLAB programming paradigms|MATLAB software development principles|MATLAB software development techniques
http://data.europa.eu/esco/skill/def007fa-5fed-4a5f-91a2-b0d7e3db1be1,COBOL,COBOL applications|COBOL programming language|COBOL software|Cobol
http://data.europa.eu/esco/skill/ffddfc7c-a9dd-449f-9e96-882dc447c8b6,Scala,Scala Programming Language
http://data.europa.eu/esco/skill/000f1d3d-220f-4789-9c0a-cc742521fb02,Haskell,Haskell techniques
http://data.europa.eu/esco/skill/04f1b938-d4d4-4cb1-a863-982af76b9d93,SAS language,SAS algorithm|SAS algorithms|SAS coding|SAS principles for software development|SAS programming language|SAS techniques for software development|SAS testing
http://data.europa.eu/esco/skill/2bde42ae-e776-41c1-9ded-b07b30bfe985,Prolog (computer programming),Prolog
http://data.europa.eu/esco/skill/4c016b68-4116-468c-9dc6-42710c239e4a,C#,C Sharp
http://data.europa.eu/esco/skill/56a7f561-1d55-43c9-9cd7-36a0a9bc6c50,ASP.NET,ASP.NET framework
http://data.europa.eu/esco/skill/0ccdfe98-f845-4598-84a1-3dca66e9d9a3,Ruby (computer programming),Ruby
http://data.europa.eu/esco/skill/b633eb55-8f1f-4ae6-ab4c-2022ffe2cb7f,C++,C++ framework|C++ software
http://data.europa.eu/esco/skill/19a8293b-8e95-4de3-983f-77484079c389,Java (computer programming),Java|Java 2|Java 2 enterprise edition
http://data.europa.eu/esco/skill/6b305973-8993-475f-bd8a-daf037c61401,"organise information, objects and resources",demonstrate organizational skills|have organisational skills|organise resources|record information|structure information|take in information
http://data.europa.eu/esco/skill/ccd0a1d9-afda-43d9-b901-96344886e14d,Python (computer programming),Python|Python 3K
http://data.europa.eu/esco/skill/bec4359e-cb92-468f-a997-8fb28e32fba9,ICT project management methodologies,Agile|Benefits realization management|Code and fix development|Critical chain project management|Extreme project management|Scrum|agile|prince2|project management framework|project management software|software development methodologies|structured methodology
http://data.europa.eu/esco/skill/7dd94ad3-13d6-43fe-8b94-51fcbf67ced9,think critically,apply critical thinking|assess facts|assess information|assess opinions|assess processes|check facts|consider alternative views|critically evaluate information and its sources|detect bias|distinguish fact from opinion|evaluate facts|evaluate important information|evaluate information and its sources|evaluate opinions|evaluate truth|evaluating information|review information|verify information|weigh information
http://data.europa.eu/esco/skill/b4dc6e4f-dc7d-445f-8ce2-d7b9d225e282,AJAX,AJAX software|AJAX techniques|AJAX technology
http://data.europa.eu/esco/skill/4350c38d-0fe9-4ca7-bab9-40ed7f72b04f,PHP,Hypertext Preprocessor|Personal Home Page
http://data.europa.eu/esco/skill/d6d3fee7-47e2-47f4-a0ec-6c75f28c6abd,product comprehension,comprehending products|comprehension of products|product knowledge|product requirements|product understanding|products comprehension
http://data.europa.eu/esco/skill/3cd569a2-4f88-4c1e-9995-8dce8c5e51a7,JavaScript,CSJS|Client-side JavaScript|Escript|Live Script|Mocha|Server-side JavaScript
http://data.europa.eu/esco/skill/4463a721-69f3-413d-8321-43e3af13a4f1,use databases,able to use using databases|apply databases|make use of databases|use Dbs|use data bases|use database|use database management systems|use database software|utilise databases
http://data.europa.eu/esco/skill/75d8e5d9-bef3-418b-9011-01bff9f27207,lead others,guide others|direct others|exert a goal-oriented leadership role|exert a goal-oriented leadership role towards colleagues|exert a leadership role towards colleagues|exert a result-oriented leadership role|exert a result-oriented leadership role towards colleagues|exert result-oriented leadership|give direction|lead|lead colleagues|leading others|make use of goal-driven leadership abilities|make use of leadership abilities for team coordination|make use of result-oriented leadership abilities|manage people|show an exemplary leading role in an organisation|show leadership attitude|supervise others|take on a leadership role
http://data.europa.eu/esco/skill/57231a22-4da7-49c8-97b8-75672feadf1e,manage quantitative data,gather data|handle numerical data|interpret data|manage data quantitatively|managing quantitative data|organise data|present data|process data
http://data.europa.eu/esco/skill/be6ab363-3de1-427f-a8ef-85d5b0250822,report facts,communicate facts|detail the facts|give an account of the facts|report|report facts or ideas|reporting facts|write minutes
http://data.europa.eu/esco/skill/21d2f96d-35f7-4e3f-9745-c533d2dd6e97,computer programming,ALGOL|AWK|ActionScript|Ada|AngularJS|AppleScript|AspectJ|BCPL|BizTalk|C shell|COMAL|Caml|Ceylon|ColdFusion|Curl|DIBOL|Dylan|Emacs Lisp|Euphoria|Fantom|Fortran|GCC|Gosu|Hack|HyperTalk|IDL|INTERCAL|Io|KnockoutJS|Korn-shell|LabVIEW|Lua|MSVC++|OCaml|Object Pascal|OpenCV|PL/I|PostScript|PowerShell|REXX|Rebol|STL|Seed7|Squirrel-script|Subversion|TACL|Tcl|Turing|Visual Basic|Visual Basic .NET|X10|Z shell|bash|cT|occam
